代码,名称,行权价,UK编码
10000670,50ETF沽12月2350,2.35,402b457c00060004
10000662,50ETF沽12月2300,2.3,402b457c00050004
10000624,50ETF沽12月2250,2.25,402b457c00040004
10000623,50ETF沽12月2200,2.2,402b457c00030004
10000622,50ETF沽12月2150,2.15,402b457c00020004
10000621,50ETF沽12月2100,2.1,402b457c00010004
10000620,50ETF沽12月2050,2.05,402b457c00000004
10000626,50ETF沽12月2000,2,402b457c01010004
10000630,50ETF沽12月1950,1.95,402b457c01020004
10000668,50ETF沽9月2350,2.35,402b4579000a0004
10000600,50ETF沽9月2300,2.3,402b457900090004
10000596,50ETF沽9月2250,2.25,402b457900080004
10000592,50ETF沽9月2200,2.2,402b457900070004
10000574,50ETF沽9月2150,2.15,402b457900060004
10000572,50ETF沽9月2100,2.1,402b457900050004
10000564,50ETF沽9月2050,2.05,402b457900040004
10000563,50ETF沽9月2000,2,402b457900030004
10000562,50ETF沽9月1950,1.95,402b457900020004
10000561,50ETF沽9月1900,1.9,402b457900010004
10000560,50ETF沽9月1850,1.85,402b457900000004
10000570,50ETF沽9月1800,1.8,402b457901010004
10000666,50ETF沽8月2350,2.35,402b457800070004
10000660,50ETF沽8月2300,2.3,402b457800060004
10000656,50ETF沽8月2250,2.25,402b457800050004
10000654,50ETF沽8月2200,2.2,402b457800040004
10000653,50ETF沽8月2150,2.15,402b457800030004
10000652,50ETF沽8月2100,2.1,402b457800020004
10000651,50ETF沽8月2050,2.05,402b457800010004
10000650,50ETF沽8月2000,2,402b457800000004
10000680,50ETF沽3月2300,2.3,402b457f00040004
10000679,50ETF沽3月2250,2.25,402b457f00030004
10000678,50ETF沽3月2200,2.2,402b457f00020004
10000677,50ETF沽3月2150,2.15,402b457f00010004
10000676,50ETF沽3月2100,2.1,402b457f00000004
