地方债简称,地方债代码,到期日,UK
青海1608,107001,2026/5/30,401255ed00000001
青海16Z1,107002,2019/5/30,4.01256E+15
青海16Z2,107003,2021/5/30,401255b100000003
青海16Z3,107004,2023/5/30,401255c900000004
青海16Z4,107005,2026/5/30,401255ed00000005
内蒙1605,107006,2019/5/31,4.01256E+15
内蒙1606,107007,2021/5/31,401255b100000007
内蒙1607,107008,2023/5/31,401255c900000008
内蒙1608,107009,2026/5/31,401255ed00000009
河南1605,107010,2019/5/31,401255990000000a
河南1606,107011,2021/5/31,401255b10000000b
河南1607,107012,2023/5/31,401255c90000000c
河南1608,107013,2026/5/31,401255ed0000000d
河南16Z1,107014,2019/5/31,401255990000000e
河南16Z2,107015,2021/5/31,401255b10000000f
河南16Z3,107016,2023/5/31,401255c900000010
河南16Z4,107017,2026/5/31,401255ed00000011
天津1603,107018,2019/6/1,4012559a00000012
天津1604,107019,2021/6/1,401255b200000013
天津1605,107020,2023/6/1,401255ca00000014
天津1606,107021,2026/6/1,401255ee00000015
天津16Z4,107022,2021/6/1,401255b200000016
天津16Z5,107023,2023/6/1,401255ca00000017
天津16Z6,107024,2026/6/1,401255ee00000018
河北1605,107025,2019/6/2,4012559a00000019
河北1606,107026,2021/6/2,401255b20000001a
河北1607,107027,2023/6/2,401255ca0000001b
河北1608,107028,2026/6/2,401255ee0000001c
河北16Z5,107029,2019/6/2,4012559a0000001d
河北16Z6,107030,2021/6/2,401255b20000001e
河北16Z7,107031,2023/6/2,401255ca0000001f
贵州1605,107032,2019/6/3,4012559a00000020
贵州1606,107033,2021/6/3,401255b200000021
贵州1607,107034,2023/6/3,401255ca00000022
贵州1608,107035,2026/6/3,401255ee00000023
湖北16Z3,107036,2021/6/6,401255b200000024
湖北16Z4,107037,2023/6/6,401255ca00000025
湖北1609,107038,2019/6/6,4012559a00000026
湖北1610,107039,2021/6/6,401255b200000027
湖北1611,107040,2023/6/6,401255ca00000028
湖北1612,107041,2026/6/6,401255ee00000029
甘肃1604,107042,2026/6/7,401255ee0000002a
山东16Z5,107043,2019/6/7,4012559a0000002b
山东16Z6,107044,2021/6/7,401255b20000002c
山东16Z7,107045,2023/6/7,401255ca0000002d
山东16Z8,107046,2026/6/7,401255ee0000002e
山东16Z9,107047,2019/6/7,4012559a0000002f
山东1609,107048,2021/6/7,401255b200000030
山东1610,107049,2023/6/7,401255ca00000031
山东1611,107050,2026/6/7,401255ee00000032
重庆16Z3,107051,2019/6/8,4012559a00000033
重庆16Z4,107052,2021/6/8,401255b200000034
重庆16Z5,107053,2023/6/8,401255ca00000035
重庆16Z6,107054,2026/6/8,401255ee00000036
重庆1605,107055,2019/6/8,4012559a00000037
重庆1606,107056,2021/6/8,401255b200000038
重庆1607,107057,2023/6/8,401255ca00000039
重庆1608,107058,2026/6/8,401255ee0000003a
江苏1605,107059,2019/6/14,4012559a0000003b
江苏1606,107060,2021/6/14,401255b20000003c
江苏1607,107061,2023/6/14,401255ca0000003d
江苏1608,107062,2026/6/14,401255ee0000003e
江苏16Z5,107063,2019/6/14,4012559a0000003f
江苏16Z6,107064,2021/6/14,401255b200000040
江苏16Z7,107065,2023/6/14,401255ca00000041
江苏16Z8,107066,2026/6/14,401255ee00000042
浙江16Z1,107067,2021/6/15,401255b200000043
浙江16Z2,107068,2026/6/15,401255ee00000044
浙江1605,107069,2019/6/15,4012559a00000045
浙江1606,107070,2021/6/15,401255b200000046
浙江1607,107071,2023/6/15,401255ca00000047
浙江1608,107072,2026/6/15,401255ee00000048
广西1609,107073,2019/6/8,4012559a00000049
广西1610,107074,2021/6/8,401255b20000004a
广西1611,107075,2023/6/8,401255ca0000004b
广西1612,107076,2026/6/8,401255ee0000004c
广西16Z3,107077,2021/6/8,401255b20000004d
广西16Z4,107078,2023/6/8,401255ca0000004e
广西16Z5,107079,2026/6/8,401255ee0000004f
新疆1609,107080,2019/6/16,4012559a00000050
新疆1610,107081,2021/6/16,401255b200000051
新疆1611,107082,2023/6/16,401255ca00000052
新疆1612,107083,2026/6/16,401255ee00000053
广东16Z7,107084,2021/6/17,401255b200000054
广东16Z8,107085,2023/6/17,401255ca00000055
广东16Z9,107086,2026/6/17,401255ee00000056
广东1609,107087,2019/6/17,4012559a00000057
广东1610,107088,2021/6/17,401255b200000058
广东1611,107089,2023/6/17,401255ca00000059
广东1612,107090,2026/6/17,401255ee0000005a
宁夏16Z5,107091,2021/6/17,401255b20000005b
宁夏16Z6,107092,2023/6/17,401255ca0000005c
宁夏16Z7,107093,2026/6/17,401255ee0000005d
宁夏1605,107094,2019/6/17,4012559a0000005e
宁夏1606,107095,2021/6/17,401255b20000005f
宁夏1607,107096,2023/6/17,401255ca00000060
宁夏1608,107097,2026/6/17,401255ee00000061
福建16Z1,107098,2021/6/20,401255b200000062
福建16Z2,107099,2026/6/20,401255ee00000063
福建1601,107100,2019/6/20,4012559a00000064
福建1602,107101,2021/6/20,401255b200000065
福建1603,107102,2023/6/20,401255ca00000066
福建1604,107103,2026/6/20,401255ee00000067
四川1609,107104,2019/6/20,4012559a00000068
四川1610,107105,2021/6/20,401255b200000069
四川1611,107106,2023/6/20,401255ca0000006a
四川1612,107107,2026/6/20,401255ee0000006b
四川16Z5,107108,2019/6/20,4012559a0000006c
四川16Z6,107109,2021/6/20,401255b20000006d
四川16Z7,107110,2023/6/20,401255ca0000006e
四川16Z8,107111,2026/6/20,401255ee0000006f
吉林1601,107112,2019/6/21,4012559a00000070
吉林1602,107113,2021/6/21,401255b200000071
吉林1603,107114,2023/6/21,401255ca00000072
吉林1604,107115,2026/6/21,401255ee00000073
吉林16Z1,107116,2021/6/21,401255b200000074
吉林16Z2,107117,2023/6/21,401255ca00000075
吉林16Z3,107118,2026/6/21,401255ee00000076
江西1605,107119,2019/6/22,4012559a00000077
江西1606,107120,2021/6/22,401255b200000078
江西1607,107121,2023/6/22,401255ca00000079
江西1608,107122,2026/6/22,401255ee0000007a
江西16Z5,107123,2019/6/22,4012559a0000007b
江西16Z6,107124,2021/6/22,401255b20000007c
江西16Z7,107125,2023/6/22,401255ca0000007d
江西16Z8,107126,2026/6/22,401255ee0000007e
内蒙1609,107127,2019/6/24,4012559a0000007f
内蒙1610,107128,2021/6/24,401255b200000080
内蒙1611,107129,2023/6/24,401255ca00000081
内蒙1612,107130,2026/6/24,401255ee00000082
内蒙16Z1,107131,2019/6/24,4012559a00000083
内蒙16Z2,107132,2021/6/24,401255b200000084
内蒙16Z3,107133,2023/6/24,401255ca00000085
内蒙16Z4,107134,2026/6/24,401255ee00000086
湖南16Z1,107135,2019/6/24,4012559a00000087
湖南16Z2,107136,2023/6/24,401255ca00000088
山西1605,107137,2019/6/27,4012559a00000089
山西1606,107138,2021/6/27,401255b20000008a
山西1607,107139,2023/6/27,401255ca0000008b
山西1608,107140,2026/6/27,401255ee0000008c
山西16Z1,107141,2021/6/27,401255b20000008d
山西16Z2,107142,2026/6/27,401255ee0000008e
河南1609,107143,2019/6/29,4012559a0000008f
河南1610,107144,2021/6/29,401255b200000090
河南1611,107145,2023/6/29,401255ca00000091
河南1612,107146,2026/6/29,401255ee00000092
河南16Z5,107147,2019/6/29,4012559a00000093
河南16Z7,107148,2023/6/29,401255ca00000094
河南16Z6,107149,2021/6/29,401255b200000095
河南16Z8,107150,2026/6/29,401255ee00000096
安徽1605,107151,2019/7/1,4012559b00000097
安徽1606,107152,2021/7/1,401255b300000098
安徽1607,107153,2023/7/1,401255cb00000099
安徽1608,107154,2026/7/1,401255ef0000009a
安徽16Z1,107155,2021/7/1,401255b30000009b
安徽16Z2,107156,2023/7/1,401255cb0000009c
北京1601,107157,2019/7/8,4012559b0000009d
北京1602,107158,2021/7/8,401255b30000009e
青海16Z5,107159,2019/7/11,4012559b0000009f
青海16Z6,107160,2021/7/11,401255b3000000a0
青海16Z7,107161,2023/7/11,401255cb000000a1
青海16Z8,107162,2026/7/11,401255ef000000a2
辽宁1605,107163,2019/7/13,4012559b000000a3
辽宁1606,107164,2021/7/13,401255b3000000a4
辽宁1607,107165,2023/7/13,401255cb000000a5
辽宁1608,107166,2026/7/13,401255ef000000a6
新疆16Z5,107167,2019/7/13,4012559b000000a7
新疆16Z6,107168,2021/7/13,401255b3000000a8
新疆16Z7,107169,2023/7/13,401255cb000000a9
新疆16Z8,107170,2026/7/13,401255ef000000aa
新疆1613,107171,2019/7/13,4012559b000000ab
新疆1614,107172,2021/7/13,401255b3000000ac
新疆1615,107173,2023/7/13,401255cb000000ad
新疆1616,107174,2026/7/13,401255ef000000ae
广东1613,107175,2019/7/19,4012559b000000af
广东1614,107176,2021/7/19,401255b3000000b0
广东1615,107177,2023/7/19,401255cb000000b1
广东1616,107178,2026/7/19,401255ef000000b2
广东1617,107179,2021/7/19,401255b3000000b3
广东1618,107180,2023/7/19,401255cb000000b4
广东1619,107181,2026/7/19,401255ef000000b5
贵州1609,107182,2019/7/20,4012559b000000b6
贵州1610,107183,2021/7/20,401255b3000000b7
贵州1611,107184,2023/7/20,401255cb000000b8
贵州1612,107185,2026/7/20,401255ef000000b9
贵州16Z5,107186,2019/7/20,4012559b000000ba
贵州16Z6,107187,2023/7/20,401255cb000000bb
上海16Z1,107188,2019/7/25,4012559b000000bc
上海16Z2,107189,2021/7/25,401255b3000000bd
上海16Z3,107190,2023/7/25,401255cb000000be
上海16Z4,107191,2026/7/25,401255ef000000bf
龙江16Z5,107192,2021/7/27,401255b3000000c0
龙江16Z6,107193,2023/7/27,401255cb000000c1
龙江1605,107194,2019/7/27,4012559b000000c2
龙江1606,107195,2021/7/27,401255b3000000c3
龙江1607,107196,2023/7/27,401255cb000000c4
龙江1608,107197,2026/7/27,401255ef000000c5
吉林1605,107198,2019/7/31,4012559b000000c6
吉林1606,107199,2021/7/31,401255b3000000c7
吉林1607,107200,2023/7/31,401255cb000000c8
吉林1608,107201,2026/7/31,401255ef000000c9
吉林16Z4,107202,2021/7/31,401255b3000000ca
吉林16Z5,107203,2023/7/31,401255cb000000cb
吉林16Z6,107204,2026/7/31,401255ef000000cc
江苏1609,107205,2019/7/31,4012559b000000cd
江苏1610,107206,2021/7/31,401255b3000000ce
江苏1611,107207,2023/7/31,401255cb000000cf
江苏1612,107208,2026/7/31,401255ef000000d0
江苏16Z9,107209,2019/7/31,4012559b000000d1
江苏1613,107210,2021/7/31,401255b3000000d2
江苏1614,107211,2023/7/31,401255cb000000d3
江苏1615,107212,2026/7/31,401255ef000000d4
地债1104,109064,2016/8/9,40125578000000d5
地债1106,109066,2016/8/30,40125578000000d6
地债1108,109068,2016/10/25,4012557a000000d7
上海1102,109070,2016/11/16,4012557b000000d8
广东1102,109072,2016/11/21,4012557b000000d9
浙江1102,109074,2016/11/22,4012557b000000da
深圳1102,109076,2016/11/28,4012557b000000db
地债1202,109078,2017/7/2,40125583000000dc
地债1204,109080,2017/7/17,40125583000000dd
地债1206,109082,2017/7/31,40125583000000de
地债1208,109084,2017/8/20,40125584000000df
上海1201,109085,2017/8/24,4.01256E+13
上海1202,109086,2019/8/24,4012559c000000e1
广东1201,109087,2017/9/7,4.01256E+15
广东1202,109088,2019/9/7,4012559d000000e3
地债1210,109090,2017/9/17,4.01256E+17
浙江1201,109091,2017/9/24,4.01256E+18
浙江1202,109092,2019/9/24,4012559d000000e6
深圳1201,109093,2017/10/15,4.01256E+20
深圳1202,109094,2019/10/15,4012559e000000e8
地债1302,109096,2018/6/17,4012558e000000e9
地债1304,109098,2018/7/15,4012558f000000ea
地债1306,109100,2018/8/5,40125590000000eb
地债1307,109101,2016/8/20,40125578000000ec
地债1308,109102,2018/8/20,40125590000000ed
山东1301,109103,2018/8/26,40125590000000ee
山东1302,109104,2020/8/26,401255a8000000ef
地债1309,109105,2016/9/3,40125579000000f0
上海1301,109106,2018/9/9,40125591000000f1
上海1302,109107,2020/9/9,401255a9000000f2
地债1310,109108,2018/9/10,40125591000000f3
广东1301,109109,2018/9/17,40125591000000f4
广东1302,109110,2020/9/17,401255a9000000f5
江苏1301,109111,2018/10/11,40125592000000f6
江苏1302,109112,2020/10/11,401255aa000000f7
地债1311,109113,2016/10/15,4012557a000000f8
地债1312,109114,2018/10/22,40125592000000f9
浙江1301,109115,2018/10/28,40125592000000fa
浙江1302,109116,2020/10/28,401255aa000000fb
深圳1301,109117,2018/11/11,40125593000000fc
深圳1302,109118,2020/11/11,401255ab000000fd
地债1401,109119,2017/6/16,40125582000000fe
地债1402,109120,2019/6/16,4012559a000000ff
广东1401,109121,2019/6/24,4012559a00000100
广东1402,109122,2021/6/24,401255b200000101
广东1403,109123,2024/6/24,401255d600000102
地债1403,109124,2021/6/23,401255b200000103
地债1404,109125,2017/6/30,4.01256E+15
地债1405,109126,2019/6/30,4012559a00000105
山东1401,109127,2019/7/14,4012559b00000106
山东1402,109128,2021/7/14,401255b300000107
山东1403,109129,2024/7/14,401255d700000108
地债1406,109130,2017/7/15,4.01256E+15
地债1407,109131,2019/7/15,4012559b0000010a
地债1408,109132,2021/7/21,401255b30000010b
江苏1401,109133,2019/7/25,4012559b0000010c
江苏1402,109134,2021/7/25,401255b30000010d
江苏1403,109135,2024/7/25,401255d70000010e
江西1401,109136,2019/8/6,4012559c0000010f
江西1402,109137,2021/8/6,401255b400000110
江西1403,109138,2024/8/6,401255d800000111
宁夏1401,109139,2019/8/12,4012559c00000112
宁夏1402,109140,2021/8/12,401255b400000113
宁夏1403,109141,2024/8/12,401255d800000114
地债1409,109142,2017/8/18,4.01256E+15
地债1410,109143,2019/8/18,4012559c00000116
青岛1401,109144,2019/8/19,4012559c00000117
青岛1402,109145,2021/8/19,401255b400000118
青岛1403,109146,2024/8/19,401255d800000119
浙江1401,109147,2019/8/20,4012559c0000011a
浙江1402,109148,2021/8/20,401255b40000011b
浙江1403,109149,2024/8/20,401255d80000011c
北京1401,109150,2019/8/22,4012559c0000011d
北京1402,109151,2021/8/22,401255b40000011e
北京1403,109152,2024/8/22,401255d80000011f
上海1401,109153,2019/9/12,4012559d00000120
上海1402,109154,2021/9/12,401255b500000121
上海1403,109155,2024/9/12,401255d900000122
地债1411,109156,2017/9/16,4.01256E+15
地债1412,109157,2019/9/16,4012559d00000124
地债1413,109158,2021/9/25,401255b500000125
深圳1401,109159,2019/10/24,4.0126E+132
深圳1402,109160,2021/10/24,401255b600000127
深圳1403,109161,2024/10/24,401255da00000128
江苏1501,109162,2018/5/19,4012558d00000129
江苏1502,109163,2020/5/19,401255a50000012a
江苏1503,109164,2022/5/19,401255bd0000012b
江苏1504,109165,2025/5/19,401255e10000012c
新疆1501,109166,2018/5/22,4012558d0000012d
新疆1502,109167,2020/5/22,401255a50000012e
新疆1503,109168,2022/5/22,401255bd0000012f
新疆1504,109169,2025/5/22,401255e100000130
湖北1501,109170,2018/5/28,4012558d00000131
湖北1502,109171,2020/5/28,401255a500000132
湖北1503,109172,2022/5/28,401255bd00000133
湖北1504,109173,2025/5/28,401255e100000134
广西1501,109174,2018/5/29,4012558d00000135
广西1502,109175,2020/5/29,401255a500000136
广西1503,109176,2022/5/29,401255bd00000137
广西1504,109177,2025/5/29,401255e100000138
山东1501,109178,2018/6/1,4.0126E+145
山东1502,109179,2020/6/1,401255a60000013a
山东1503,109180,2022/6/1,401255be0000013b
山东1504,109181,2025/6/1,401255e20000013c
重庆1501,109182,2018/6/3,4012558e0000013d
重庆1502,109183,2020/6/3,401255a60000013e
重庆1503,109184,2022/6/3,401255be0000013f
重庆1504,109185,2025/6/3,401255e200000140
贵州1501,109186,2018/6/5,4.0126E+147
贵州1502,109187,2020/6/5,401255a600000142
贵州1503,109188,2022/6/5,401255be00000143
贵州1504,109189,2025/6/5,401255e200000144
安徽1501,109190,2018/6/8,4.0126E+151
安徽1502,109191,2020/6/8,401255a600000146
安徽1503,109192,2022/6/8,401255be00000147
安徽1504,109193,2025/6/8,401255e200000148
天津1501,109194,2018/6/9,4.0126E+155
天津1502,109195,2020/6/9,401255a60000014a
天津1503,109196,2022/6/9,401255be0000014b
天津1504,109197,2025/6/9,401255e20000014c
湖北1505,109198,2018/6/10,4012558e0000014d
湖北1506,109199,2020/6/10,401255a60000014e
湖北1507,109200,2022/6/10,401255be0000014f
湖北1508,109201,2025/6/10,401255e200000150
浙江1501,109202,2018/6/10,4.0126E+157
浙江1502,109203,2020/6/10,401255a600000152
浙江1503,109204,2022/6/10,401255be00000153
浙江1504,109205,2025/6/10,401255e200000154
河北1501,109206,2018/6/11,4.0126E+161
河北1502,109207,2020/6/11,401255a600000156
河北1503,109208,2022/6/11,401255be00000157
河北1504,109209,2025/6/11,401255e200000158
吉林1501,109210,2018/6/12,4.0126E+165
吉林1502,109211,2020/6/12,401255a60000015a
吉林1503,109212,2022/6/12,401255be0000015b
吉林1504,109213,2025/6/12,401255e20000015c
山西1501,109214,2018/6/15,4012558e0000015d
山西1502,109215,2020/6/15,401255a60000015e
山西1503,109216,2022/6/15,401255be0000015f
山西1504,109217,2025/6/15,401255e200000160
广东1501,109218,2018/6/15,4.0126E+167
广东1502,109219,2020/6/15,401255a600000162
广东1503,109220,2022/6/15,401255be00000163
广东1504,109221,2025/6/15,401255e200000164
江西1501,109222,2018/6/16,4.0126E+171
江西1502,109223,2020/6/16,401255a600000166
江西1503,109224,2022/6/16,401255be00000167
江西1504,109225,2025/6/16,401255e200000168
宁夏1501,109226,2018/6/16,4.0126E+175
宁夏1502,109227,2020/6/16,401255a60000016a
宁夏1503,109228,2022/6/16,401255be0000016b
宁夏1504,109229,2025/6/16,401255e20000016c
新疆1505,109230,2018/6/17,4012558e0000016d
新疆1506,109231,2020/6/17,401255a60000016e
新疆1507,109232,2022/6/17,401255be0000016f
新疆1508,109233,2025/6/17,401255e200000170
四川1501,109234,2018/6/17,4.0126E+177
四川1502,109235,2020/6/17,401255a600000172
四川1503,109236,2022/6/17,401255be00000173
四川1504,109237,2025/6/17,401255e200000174
河北15Z1,109238,2018/6/12,4.0126E+181
河北15Z2,109239,2020/6/12,401255a600000176
河北15Z3,109240,2022/6/12,401255be00000177
河南1501,109241,2018/6/19,4.0126E+184
河南1502,109242,2020/6/19,401255a600000179
河南1503,109243,2022/6/19,401255be0000017a
河南1504,109244,2025/6/19,401255e20000017b
辽宁1501,109245,2018/6/23,4012558e0000017c
辽宁1502,109246,2020/6/23,401255a60000017d
辽宁1503,109247,2022/6/23,401255be0000017e
辽宁1504,109248,2025/6/23,401255e20000017f
云南1501,109249,2018/6/23,4.0126E+186
云南1502,109250,2020/6/23,401255a600000181
云南1503,109251,2022/6/23,401255be00000182
云南1504,109252,2025/6/23,401255e200000183
海南1501,109253,2018/6/24,4.0126E+190
海南1502,109254,2020/6/24,401255a600000185
海南1503,109255,2022/6/24,401255be00000186
海南1504,109256,2025/6/24,401255e200000187
青岛1501,109257,2018/6/24,4.0126E+194
青岛1502,109258,2020/6/24,401255a600000189
青岛1503,109259,2022/6/24,401255be0000018a
青岛1504,109260,2025/6/24,401255e20000018b
江苏15Z1,109261,2020/6/26,401255a60000018c
江苏15Z2,109262,2022/6/26,401255be0000018d
江苏15Z3,109263,2025/6/26,401255e20000018e
山东1505,109264,2018/6/29,4012558e0000018f
山东1506,109265,2020/6/29,401255a600000190
山东1507,109266,2022/6/29,401255be00000191
山东1508,109267,2025/6/29,401255e200000192
陕西1501,109268,2018/6/30,4.0126E+199
陕西1502,109269,2020/6/30,401255a600000194
陕西1503,109270,2022/6/30,401255be00000195
陕西1504,109271,2025/6/30,401255e200000196
大连1501,109272,2018/7/3,4012558f00000197
大连1502,109273,2020/7/3,401255a700000198
大连1503,109274,2022/7/3,401255bf00000199
大连1504,109275,2025/7/3,401255e30000019a
大连15Z1,109276,2018/7/3,4012558f0000019b
大连15Z2,109277,2020/7/3,401255a70000019c
大连15Z3,109278,2022/7/3,401255bf0000019d
大连15Z4,109279,2025/7/3,401255e30000019e
贵州1505,109280,2018/7/6,4012558f0000019f
贵州1506,109281,2020/7/6,401255a7000001a0
贵州1507,109282,2022/7/6,401255bf000001a1
贵州1508,109283,2025/7/6,401255e3000001a2
内蒙1501,109284,2018/7/6,4012558f000001a3
内蒙1502,109285,2020/7/6,401255a7000001a4
内蒙1503,109286,2022/7/6,401255bf000001a5
内蒙1504,109287,2025/7/6,401255e3000001a6
新疆15Z1,109288,2018/7/7,4012558f000001a7
新疆15Z2,109289,2020/7/7,401255a7000001a8
新疆15Z3,109290,2022/7/7,401255bf000001a9
新疆15Z4,109291,2025/7/7,401255e3000001aa
四川1505,109292,2018/7/8,4012558f000001ab
四川1506,109293,2020/7/8,401255a7000001ac
四川1507,109294,2022/7/8,401255bf000001ad
四川1508,109295,2025/7/8,401255e3000001ae
北京1501,109296,2018/7/8,4012558f000001af
北京1502,109297,2020/7/8,401255a7000001b0
北京1503,109298,2022/7/8,401255bf000001b1
北京1504,109299,2025/7/8,401255e3000001b2
甘肃1501,109300,2018/7/10,4012558f000001b3
甘肃1502,109301,2020/7/10,401255a7000001b4
甘肃1503,109302,2022/7/10,401255bf000001b5
甘肃1504,109303,2025/7/10,401255e3000001b6
青海1501,109304,2018/7/13,4012558f000001b7
青海1502,109305,2020/7/13,401255a7000001b8
青海1503,109306,2022/7/13,401255bf000001b9
青海1504,109307,2025/7/13,401255e3000001ba
广东15Z1,109308,2020/7/14,401255a7000001bb
广东15Z2,109309,2022/7/14,401255bf000001bc
广东15Z3,109310,2025/7/14,401255e3000001bd
宁波1501,109311,2018/7/13,4012558f000001be
宁波1502,109312,2020/7/13,401255a7000001bf
宁波1503,109313,2022/7/13,401255bf000001c0
宁波1504,109314,2025/7/13,401255e3000001c1
宁波15Z1,109315,2018/7/13,4012558f000001c2
宁波15Z2,109316,2020/7/13,401255a7000001c3
宁波15Z3,109317,2022/7/13,401255bf000001c4
宁波15Z4,109318,2025/7/13,401255e3000001c5
福建1501,109319,2018/7/15,4012558f000001c6
福建1502,109320,2020/7/15,401255a7000001c7
福建1503,109321,2022/7/15,401255bf000001c8
福建1504,109322,2025/7/15,401255e3000001c9
湖南1501,109323,2018/7/17,4012558f000001ca
湖南1502,109324,2020/7/17,401255a7000001cb
湖南1503,109325,2022/7/17,401255bf000001cc
湖南1504,109326,2025/7/17,401255e3000001cd
广西15Z1,109327,2020/7/20,401255a7000001ce
广西15Z2,109328,2022/7/20,401255bf000001cf
广西1505,109329,2018/7/20,4012558f000001d0
广西1506,109330,2020/7/20,401255a7000001d1
广西1507,109331,2022/7/20,401255bf000001d2
广西1508,109332,2025/7/20,401255e3000001d3
湖北15Z1,109333,2018/7/20,4012558f000001d4
湖北15Z2,109334,2020/7/20,401255a7000001d5
湖北15Z3,109335,2022/7/20,401255bf000001d6
湖北15Z4,109336,2025/7/20,401255e3000001d7
湖北1509,109337,2018/7/20,4012558f000001d8
湖北1510,109338,2020/7/20,401255a7000001d9
湖北1511,109339,2022/7/20,401255bf000001da
湖北1512,109340,2025/7/20,401255e3000001db
广东1505,109341,2018/7/22,4012558f000001dc
广东1506,109342,2020/7/22,401255a7000001dd
广东1507,109343,2022/7/22,401255bf000001de
广东1508,109344,2025/7/22,401255e3000001df
山东15Z1,109345,2020/7/27,401255a7000001e0
山东15Z2,109346,2022/7/27,401255bf000001e1
山东15Z3,109347,2025/7/27,401255e3000001e2
福建15Z1,109348,2020/7/27,401255a7000001e3
福建15Z2,109349,2025/7/27,401255e3000001e4
福建1505,109350,2018/7/27,4012558f000001e5
福建1506,109351,2020/7/27,401255a7000001e6
福建1507,109352,2022/7/27,401255bf000001e7
福建1508,109353,2025/7/27,401255e3000001e8
云南15Z1,109354,2018/7/28,4012558f000001e9
云南15Z2,109355,2020/7/28,401255a7000001ea
云南15Z3,109356,2022/7/28,401255bf000001eb
云南15Z4,109357,2025/7/28,401255e3000001ec
龙江15Z1,109358,2020/7/28,401255a7000001ed
龙江15Z2,109359,2022/7/28,401255bf000001ee
龙江15Z3,109360,2025/7/28,401255e3000001ef
龙江1501,109361,2018/7/28,4012558f000001f0
龙江1502,109362,2020/7/28,401255a7000001f1
龙江1503,109363,2022/7/28,401255bf000001f2
龙江1504,109364,2025/7/28,401255e3000001f3
重庆15Z1,109365,2020/8/5,401255a8000001f4
重庆15Z2,109366,2025/8/5,401255e4000001f5
重庆1505,109367,2018/8/5,40125590000001f6
重庆1506,109368,2020/8/5,401255a8000001f7
重庆1507,109369,2022/8/5,401255c0000001f8
重庆1508,109370,2025/8/5,401255e4000001f9
新疆15Z5,109371,2018/8/7,40125590000001fa
新疆15Z6,109372,2020/8/7,401255a8000001fb
新疆15Z7,109373,2022/8/7,401255c0000001fc
新疆15Z8,109374,2025/8/7,401255e4000001fd
新疆1509,109375,2018/8/7,40125590000001fe
新疆1510,109376,2020/8/7,401255a8000001ff
新疆1511,109377,2022/8/7,401255c000000200
新疆1512,109378,2025/8/7,401255e400000201
上海15Z1,109379,2020/8/7,401255a800000202
上海1503,109380,2022/8/7,401255c000000203
上海1501,109381,2018/8/7,4.01256E+15
上海1502,109382,2020/8/7,401255a800000205
上海1504,109383,2025/8/7,401255e400000206
上海15Z2,109384,2025/8/7,401255e400000207
辽宁15Z1,109385,2020/8/10,401255a800000208
辽宁15Z2,109386,2025/8/10,401255e400000209
辽宁1505,109387,2018/8/10,401255900000020a
辽宁1506,109388,2020/8/10,401255a80000020b
辽宁1507,109389,2022/8/10,401255c00000020c
辽宁1508,109390,2025/8/10,401255e40000020d
青岛1505,109391,2018/8/17,401255900000020e
青岛1506,109392,2020/8/17,401255a80000020f
青岛1507,109393,2022/8/17,401255c000000210
青岛1508,109394,2025/8/17,401255e400000211
青岛15Z1,109395,2020/8/17,401255a800000212
青岛15Z2,109396,2022/8/17,401255c000000213
青岛15Z3,109397,2025/8/17,401255e400000214
天津15Z1,109398,2020/8/19,401255a800000215
天津15Z2,109399,2022/8/19,401255c000000216
天津15Z3,109400,2025/8/19,401255e400000217
天津1505,109401,2018/8/19,4.01256E+15
天津1506,109402,2020/8/19,401255a800000219
天津1507,109403,2022/8/19,401255c00000021a
天津1508,109404,2025/8/19,401255e40000021b
甘肃1505,109405,2018/8/21,401255900000021c
甘肃1506,109406,2020/8/21,401255a80000021d
甘肃1507,109407,2022/8/21,401255c00000021e
甘肃1508,109408,2025/8/21,401255e40000021f
甘肃15Z2,109409,2025/8/21,401255e400000220
甘肃15Z1,109410,2020/8/21,401255a800000221
安徽1505,109411,2016/8/21,4.01256E+15
安徽1506,109412,2018/8/21,4.01256E+15
安徽1507,109413,2020/8/21,401255a800000224
安徽1508,109414,2022/8/21,401255c000000225
安徽1509,109415,2025/8/21,401255e400000226
安徽15Z1,109416,2020/8/21,401255a800000227
安徽15Z2,109417,2022/8/21,401255c000000228
厦门1501,109418,2018/8/22,4.01256E+15
厦门1502,109419,2020/8/22,401255a80000022a
厦门1503,109420,2022/8/22,401255c00000022b
厦门1504,109421,2025/8/22,401255e40000022c
厦门15Z1,109422,2020/8/22,401255a80000022d
厦门15Z2,109423,2025/8/22,401255e40000022e
青海1505,109424,2018/8/25,401255900000022f
青海1506,109425,2020/8/25,401255a800000230
青海1507,109426,2022/8/25,401255c000000231
青海1508,109427,2025/8/25,401255e400000232
青海15Z1,109428,2018/8/25,4.01256E+15
青海15Z2,109429,2020/8/25,401255a800000234
青海15Z3,109430,2022/8/25,401255c000000235
青海15Z4,109431,2025/8/25,401255e400000236
北京15Z1,109432,2018/8/26,4.01256E+15
北京15Z2,109433,2020/8/26,401255a800000238
北京15Z3,109434,2022/8/26,401255c000000239
北京15Z4,109435,2025/8/26,401255e40000023a
陕西1505,109436,2018/8/31,401255900000023b
陕西1506,109437,2020/8/31,401255a80000023c
陕西1507,109438,2022/8/31,401255c00000023d
陕西1508,109439,2025/8/31,401255e40000023e
陕西15Z1,109440,2018/8/31,401255900000023f
陕西15Z2,109441,2020/8/31,401255a800000240
陕西15Z3,109442,2022/8/31,401255c000000241
陕西15Z4,109443,2025/8/31,401255e400000242
陕西15Z5,109444,2018/8/31,4.01256E+15
陕西15Z6,109445,2020/8/31,401255a800000244
陕西15Z7,109446,2022/8/31,401255c000000245
陕西15Z8,109447,2025/8/31,401255e400000246
河南15Z1,109448,2018/9/1,4.01256E+15
河南15Z2,109449,2020/9/1,401255a900000248
河南15Z3,109450,2022/9/1,401255c100000249
河南15Z4,109451,2025/9/1,401255e50000024a
河南1505,109452,2018/9/1,401255910000024b
河南1506,109453,2020/9/1,401255a90000024c
河南1507,109454,2022/9/1,401255c10000024d
河南1508,109455,2025/9/1,401255e50000024e
内蒙1505,109456,2018/9/9,401255910000024f
内蒙1506,109457,2020/9/9,401255a900000250
内蒙1507,109458,2022/9/9,401255c100000251
内蒙1508,109459,2025/9/9,401255e500000252
内蒙15Z1,109460,2018/9/9,4.01256E+15
内蒙15Z2,109461,2020/9/9,401255a900000254
内蒙15Z3,109462,2022/9/9,401255c100000255
内蒙15Z4,109463,2025/9/9,401255e500000256
宁夏1505,109464,2018/9/9,4.01256E+15
宁夏1506,109465,2020/9/9,401255a900000258
宁夏1507,109466,2022/9/9,401255c100000259
宁夏1508,109467,2025/9/9,401255e50000025a
江苏1505,109468,2018/9/11,401255910000025b
江苏1506,109469,2020/9/11,401255a90000025c
江苏1507,109470,2022/9/11,401255c10000025d
江苏1508,109471,2025/9/11,401255e50000025e
江苏15Z4,109472,2018/9/11,401255910000025f
江苏15Z5,109473,2020/9/11,401255a900000260
江苏15Z6,109474,2022/9/11,401255c100000261
江苏15Z7,109475,2025/9/11,401255e500000262
山东15Z4,109476,2018/9/15,4.01256E+15
山东15Z5,109477,2020/9/15,401255a900000264
山东15Z6,109478,2022/9/15,401255c100000265
山东15Z7,109479,2025/9/15,401255e500000266
山东1509,109480,2018/9/15,4.01256E+15
山东1510,109481,2020/9/15,401255a900000268
山东1511,109482,2022/9/15,401255c100000269
山东1512,109483,2025/9/15,401255e50000026a
新疆1513,109484,2018/9/16,401255910000026b
新疆1514,109485,2020/9/16,401255a90000026c
新疆1515,109486,2022/9/16,401255c10000026d
新疆1516,109487,2025/9/16,401255e50000026e
新疆15Z9,109488,2018/9/16,401255910000026f
广西1509,109489,2018/9/16,4.01256E+15
广西1510,109490,2020/9/16,401255a900000271
广西1511,109491,2022/9/16,401255c100000272
广西1512,109492,2025/9/16,401255e500000273
广西15Z3,109493,2020/9/16,401255a900000274
新疆1517,109494,2020/9/16,401255a900000275
新疆1518,109495,2022/9/16,401255c100000276
新疆1519,109496,2025/9/16,401255e500000277
广西15Z4,109497,2022/9/16,401255c100000278
浙江1505,109498,2018/9/18,4.01256E+15
浙江1506,109499,2020/9/18,401255a90000027a
浙江1507,109500,2022/9/18,401255c10000027b
浙江1508,109501,2025/9/18,401255e50000027c
浙江15Z1,109502,2018/9/18,401255910000027d
浙江15Z3,109503,2022/9/18,401255c10000027e
浙江15Z4,109504,2025/9/18,401255e50000027f
浙江15Z2,109505,2020/9/18,401255a900000280
贵州1509,109506,2018/9/21,4.01256E+15
贵州1510,109507,2020/9/21,401255a900000282
贵州1511,109508,2022/9/21,401255c100000283
贵州1512,109509,2025/9/21,401255e500000284
河北15Z4,109510,2018/9/21,4.01256E+15
河北15Z5,109511,2020/9/21,401255a900000286
河北1505,109512,2018/9/18,4.01256E+15
河北1506,109513,2020/9/18,401255a900000288
河北1507,109514,2022/9/18,401255c100000289
河北1508,109515,2025/9/18,401255e50000028a
云南1505,109516,2018/9/22,401255910000028b
云南1506,109517,2020/9/22,401255a90000028c
云南1507,109518,2022/9/22,401255c10000028d
云南1508,109519,2025/9/22,401255e50000028e
云南15Z5,109520,2018/9/22,401255910000028f
云南15Z6,109521,2020/9/22,401255a900000290
云南15Z7,109522,2022/9/22,401255c100000291
云南15Z8,109523,2025/9/22,401255e500000292
福建1509,109524,2018/9/23,4.01256E+15
福建1510,109525,2020/9/23,401255a900000294
福建1511,109526,2022/9/23,401255c100000295
福建1512,109527,2025/9/23,401255e500000296
福建15Z3,109528,2020/9/23,401255a900000297
福建15Z4,109529,2025/9/23,401255e500000298
青海1509,109530,2018/9/25,4.01256E+15
青海1510,109531,2020/9/25,401255a90000029a
青海1511,109532,2022/9/25,401255c10000029b
青海1512,109533,2025/9/25,401255e50000029c
四川1509,109534,2018/10/10,401255920000029d
四川1510,109535,2020/10/10,401255aa0000029e
四川1511,109536,2022/10/10,401255c20000029f
四川1512,109537,2025/10/10,401255e6000002a0
广东15Z4,109538,2020/10/12,401255aa000002a1
广东15Z5,109539,2022/10/12,401255c2000002a2
广东15Z6,109540,2025/10/12,401255e6000002a3
广东1509,109541,2018/10/12,40125592000002a4
广东1510,109542,2020/10/12,401255aa000002a5
广东1511,109543,2022/10/12,401255c2000002a6
广东1512,109544,2025/10/12,401255e6000002a7
海南15Z1,109545,2020/10/14,401255aa000002a8
海南15Z2,109546,2022/10/14,401255c2000002a9
海南15Z3,109547,2025/10/14,401255e6000002aa
海南1505,109548,2018/10/14,40125592000002ab
海南1506,109549,2020/10/14,401255aa000002ac
海南1507,109550,2022/10/14,401255c2000002ad
海南1508,109551,2025/10/14,401255e6000002ae
湖北1513,109552,2018/10/10,40125592000002af
湖北1514,109553,2020/10/10,401255aa000002b0
湖北1515,109554,2022/10/10,401255c2000002b1
湖北1516,109555,2025/10/10,401255e6000002b2
湖北15Z5,109556,2018/10/10,40125592000002b3
湖北15Z6,109557,2020/10/10,401255aa000002b4
湖北15Z7,109558,2022/10/10,401255c2000002b5
湖北15Z8,109559,2025/10/10,401255e6000002b6
浙江1509,109560,2018/10/16,40125592000002b7
浙江1510,109561,2020/10/16,401255aa000002b8
浙江1511,109562,2022/10/16,401255c2000002b9
浙江1512,109563,2025/10/16,401255e6000002ba
浙江15Z5,109564,2018/10/16,40125592000002bb
浙江15Z6,109565,2020/10/16,401255aa000002bc
浙江15Z7,109566,2022/10/16,401255c2000002bd
浙江15Z8,109567,2025/10/16,401255e6000002be
江西15Z1,109568,2018/10/21,40125592000002bf
江西15Z2,109569,2020/10/21,401255aa000002c0
江西15Z3,109570,2022/10/21,401255c2000002c1
江西15Z4,109571,2025/10/21,401255e6000002c2
江西1505,109572,2018/10/21,40125592000002c3
江西1506,109573,2020/10/21,401255aa000002c4
江西1507,109574,2022/10/21,401255c2000002c5
江西1508,109575,2025/10/21,401255e6000002c6
江西15Z5,109576,2018/10/21,40125592000002c7
江西15Z6,109577,2020/10/21,401255aa000002c8
江西15Z7,109578,2022/10/21,401255c2000002c9
江西15Z8,109579,2025/10/21,401255e6000002ca
甘肃15Z3,109580,2020/10/21,401255aa000002cb
甘肃15Z4,109581,2025/10/21,401255e6000002cc
甘肃1509,109582,2018/10/21,40125592000002cd
甘肃1510,109583,2020/10/21,401255aa000002ce
甘肃1511,109584,2022/10/21,401255c2000002cf
甘肃1512,109585,2025/10/21,401255e6000002d0
上海1505,109586,2020/10/26,401255aa000002d1
上海1506,109587,2022/10/26,401255c2000002d2
上海1507,109588,2025/10/26,401255e6000002d3
上海15Z3,109589,2018/10/26,40125592000002d4
上海15Z4,109590,2020/10/26,401255aa000002d5
上海15Z5,109591,2022/10/26,401255c2000002d6
上海15Z6,109592,2025/10/26,401255e6000002d7
四川15Z1,109593,2018/10/27,40125592000002d8
四川15Z2,109594,2020/10/27,401255aa000002d9
四川15Z3,109595,2022/10/27,401255c2000002da
四川15Z4,109596,2025/10/27,401255e6000002db
福建1513,109597,2018/10/28,40125592000002dc
福建1514,109598,2020/10/28,401255aa000002dd
福建1515,109599,2022/10/28,401255c2000002de
福建1516,109600,2025/10/28,401255e6000002df
福建15Z5,109601,2020/10/28,401255aa000002e0
福建15Z6,109602,2025/10/28,401255e6000002e1
福建15Z7,109603,2020/10/28,401255aa000002e2
福建15Z8,109604,2025/10/28,401255e6000002e3
安徽1510,109605,2018/10/28,4.01256E+17
安徽1511,109606,2020/10/28,401255aa000002e5
安徽1512,109607,2022/10/28,401255c2000002e6
安徽1513,109608,2025/10/28,401255e6000002e7
安徽15Z3,109609,2020/10/28,401255aa000002e8
安徽15Z4,109610,2025/10/28,401255e6000002e9
宁夏15Z5,109611,2022/10/30,401255c2000002ea
宁夏15Z6,109612,2025/10/30,401255e6000002eb
宁夏1509,109613,2018/10/30,40125592000002ec
宁夏1510,109614,2020/10/30,401255aa000002ed
宁夏1511,109615,2022/10/30,401255c2000002ee
宁夏1512,109616,2025/10/30,401255e6000002ef
宁夏15Z1,109617,2018/10/30,40125592000002f0
宁夏15Z2,109618,2020/10/30,401255aa000002f1
宁夏15Z3,109619,2022/10/30,401255c2000002f2
宁夏15Z4,109620,2025/10/30,401255e6000002f3
天津15Z4,109621,2020/10/30,401255aa000002f4
天津15Z5,109622,2022/10/30,401255c2000002f5
天津15Z6,109623,2025/10/30,401255e6000002f6
天津1509,109624,2018/10/30,40125592000002f7
天津1510,109625,2020/10/30,401255aa000002f8
天津1511,109626,2022/10/30,401255c2000002f9
天津1512,109627,2025/10/30,401255e6000002fa
广东1513,109628,2018/11/3,40125593000002fb
广东1514,109629,2020/11/3,401255ab000002fc
广东1515,109630,2022/11/3,401255c3000002fd
广东1516,109631,2025/11/3,401255e7000002fe
山西15Z1,109632,2020/11/4,401255ab000002ff
山西15Z2,109633,2025/11/4,401255e700000300
山西1505,109634,2018/11/4,4.01256E+15
山西1506,109635,2020/11/4,401255ab00000302
山西1507,109636,2022/11/4,401255c300000303
山西1508,109637,2025/11/4,401255e700000304
河南1509,109638,2018/11/4,4.01256E+15
河南1510,109639,2020/11/4,401255ab00000306
河南1511,109640,2022/11/4,401255c300000307
河南1512,109641,2025/11/4,401255e700000308
河南15Z5,109642,2018/11/4,4.01256E+15
河南15Z6,109643,2020/11/4,401255ab0000030a
河南15Z7,109644,2022/11/4,401255c30000030b
河南15Z8,109645,2025/11/4,401255e70000030c
云南1509,109646,2018/11/9,401255930000030d
云南1510,109647,2020/11/9,401255ab0000030e
云南1511,109648,2022/11/9,401255c30000030f
云南1512,109649,2025/11/9,401255e700000310
云南15Z9,109650,2018/11/9,4.01256E+15
云南1513,109651,2020/11/9,401255ab00000312
云南1514,109652,2022/11/9,401255c300000313
云南1515,109653,2025/11/9,401255e700000314
内蒙15Z5,109654,2018/11/10,4.01256E+15
内蒙15Z6,109655,2020/11/10,401255ab00000316
内蒙15Z7,109656,2022/11/10,401255c300000317
内蒙15Z8,109657,2025/11/10,401255e700000318
内蒙1509,109658,2018/11/10,4.01256E+15
内蒙1510,109659,2020/11/10,401255ab0000031a
内蒙1511,109660,2022/11/10,401255c30000031b
内蒙1512,109661,2025/11/10,401255e70000031c
厦门1505,109662,2018/11/11,401255930000031d
厦门1506,109663,2020/11/11,401255ab0000031e
厦门1507,109664,2022/11/11,401255c30000031f
厦门1508,109665,2025/11/11,401255e700000320
厦门15Z3,109666,2020/11/11,401255ab00000321
厦门15Z4,109667,2025/11/11,401255e700000322
宁波15Z5,109668,2018/11/11,4.01256E+15
宁波15Z6,109669,2020/11/11,401255ab00000324
宁波15Z7,109670,2022/11/11,401255c300000325
宁波15Z8,109671,2025/11/11,401255e700000326
贵州15Z1,109672,2018/11/6,4.01256E+15
贵州15Z2,109673,2020/11/6,401255ab00000328
贵州15Z3,109674,2022/11/6,401255c300000329
贵州15Z4,109675,2025/11/6,401255e70000032a
江苏1509,109676,2018/11/6,401255930000032b
江苏1510,109677,2020/11/6,401255ab0000032c
江苏1511,109678,2022/11/6,401255c30000032d
江苏1512,109679,2025/11/6,401255e70000032e
江苏15Z8,109680,2018/11/6,401255930000032f
江苏15Z9,109681,2020/11/6,401255ab00000330
江苏1513,109682,2022/11/6,401255c300000331
江苏1514,109683,2025/11/6,401255e700000332
陕西1510,109684,2020/11/13,401255ab00000333
陕西1511,109685,2022/11/13,401255c300000334
陕西1512,109686,2025/11/13,401255e700000335
陕西15Z9,109687,2018/11/13,4.01256E+15
陕西1513,109688,2020/11/13,401255ab00000337
陕西1514,109689,2022/11/13,401255c300000338
陕西1515,109690,2025/11/13,401255e700000339
陕西1509,109691,2018/11/13,401255930000033a
龙江1505,109692,2018/11/16,401255930000033b
龙江1506,109693,2020/11/16,401255ab0000033c
龙江1507,109694,2022/11/16,401255c30000033d
龙江1508,109695,2025/11/16,401255e70000033e
龙江15Z4,109696,2020/11/16,401255ab0000033f
龙江15Z5,109697,2022/11/16,401255c300000340
宁波1505,109698,2018/11/11,4.01256E+15
宁波1506,109699,2020/11/11,401255ab00000342
宁波1507,109700,2022/11/11,401255c300000343
宁波1508,109701,2025/11/11,401255e700000344
大连15Z5,109702,2018/11/18,4.01256E+15
大连15Z6,109703,2020/11/18,401255ab00000346
大连15Z7,109704,2022/11/18,401255c300000347
大连15Z8,109705,2025/11/18,401255e700000348
大连1505,109706,2018/11/18,4.01256E+15
大连1506,109707,2020/11/18,401255ab0000034a
大连1507,109708,2022/11/18,401255c30000034b
大连1508,109709,2025/11/18,401255e70000034c
吉林1505,109710,2018/11/20,401255930000034d
吉林1506,109711,2020/11/20,401255ab0000034e
吉林1507,109712,2022/11/20,401255c30000034f
吉林1508,109713,2025/11/20,401255e700000350
吉林15Z1,109714,2020/11/20,401255ab00000351
吉林15Z2,109715,2025/11/20,401255e700000352
吉林15Z3,109716,2020/11/20,401255ab00000353
吉林15Z4,109717,2025/11/20,401255e700000354
北京1505,109718,2018/11/20,4.01256E+15
北京1506,109719,2020/11/20,401255ab00000356
北京1507,109720,2022/11/20,401255c300000357
北京1508,109721,2025/11/20,401255e700000358
北京15Z5,109722,2018/11/20,4.01256E+15
北京15Z6,109723,2020/11/20,401255ab0000035a
北京15Z7,109724,2022/11/20,401255c30000035b
北京15Z8,109725,2025/11/20,401255e70000035c
北京15Z9,109726,2022/11/20,401255c30000035d
湖南1505,109727,2018/11/23,401255930000035e
湖南1506,109728,2020/11/23,401255ab0000035f
湖南1507,109729,2022/11/23,401255c300000360
湖南1508,109730,2025/11/23,401255e700000361
上海1508,109731,2018/11/25,4.01256E+15
上海1509,109732,2020/11/25,401255ab00000363
贵州15Z8,109733,2025/11/27,401255e700000364
贵州15Z5,109734,2018/11/27,4.01256E+15
贵州15Z6,109735,2020/11/27,401255ab00000366
贵州15Z7,109736,2022/11/27,401255c300000367
贵州1513,109737,2018/11/27,4.01256E+15
贵州1514,109738,2020/11/27,401255ab00000369
贵州1515,109739,2022/11/27,401255c30000036a
贵州1516,109740,2025/11/27,401255e70000036b
山东1513,109741,2018/11/27,401255930000036c
山东1514,109742,2020/11/27,401255ab0000036d
山东1515,109743,2022/11/27,401255c30000036e
山东1516,109744,2025/11/27,401255e70000036f
浙江1513,109745,2018/11/30,4.01256E+15
浙江1514,109746,2020/11/30,401255ab00000371
浙江1515,109747,2022/11/30,401255c300000372
浙江1516,109748,2025/11/30,401255e700000373
福建1517,109749,2018/12/4,4.01256E+15
福建1518,109750,2020/12/4,401255ac00000375
福建1519,109751,2022/12/4,401255c400000376
福建1520,109752,2025/12/4,401255e800000377
福建15Z9,109753,2020/12/4,401255ac00000378
福建1521,109754,2025/12/4,401255e800000379
青岛1509,109755,2018/12/4,401255940000037a
青岛1510,109756,2020/12/4,401255ac0000037b
青岛1511,109757,2022/12/4,401255c40000037c
青岛1512,109758,2025/12/4,401255e80000037d
内蒙1513,109759,2018/12/7,401255940000037e
内蒙1514,109760,2020/12/7,401255ac0000037f
内蒙1515,109761,2022/12/7,401255c400000380
内蒙1516,109762,2025/12/7,401255e800000381
内蒙15Z9,109763,2020/12/7,401255ac00000382
内蒙1517,109764,2022/12/7,401255c400000383
辽宁1509,109765,2018/12/9,4.01256E+15
辽宁1510,109766,2020/12/9,401255ac00000385
辽宁1511,109767,2022/12/9,401255c400000386
辽宁1512,109768,2025/12/9,401255e800000387
甘肃1513,109769,2018/12/11,4.01256E+15
甘肃1514,109770,2020/12/11,401255ac00000389
甘肃1515,109771,2022/12/11,401255c40000038a
甘肃1516,109772,2025/12/11,401255e80000038b
山西1509,109773,2018/12/16,401255940000038c
山西1510,109774,2020/12/16,401255ac0000038d
山西1511,109775,2022/12/16,401255c40000038e
山西1512,109776,2025/12/16,401255e80000038f
贵州1517,109777,2018/12/24,4.01256E+15
贵州1518,109778,2020/12/24,401255ac00000391
贵州1519,109779,2022/12/24,401255c400000392
贵州1520,109780,2025/12/24,401255e800000393
湖北1601,109781,2019/2/19,4.01256E+15
湖北1602,109782,2021/2/19,401255ae00000395
湖北1603,109783,2023/2/19,401255c600000396
湖北1604,109784,2026/2/19,401255ea00000397
广东16Z1,109785,2021/2/24,401255ae00000398
广东16Z2,109786,2023/2/24,401255c600000399
广东16Z3,109787,2026/2/24,401255ea0000039a
广东1601,109788,2019/3/2,401255970000039b
广东1603,109789,2023/3/2,401255c70000039c
广东1604,109790,2026/3/2,401255eb0000039d
广东1602,109791,2021/3/2,401255af0000039e
浙江1601,109792,2019/3/11,401255970000039f
浙江1602,109793,2021/3/11,401255af000003a0
浙江1603,109794,2023/3/11,401255c7000003a1
浙江1604,109795,2026/3/11,401255eb000003a2
山东1601,109796,2019/3/11,40125597000003a3
山东1602,109797,2021/3/11,401255af000003a4
山东1603,109798,2023/3/11,401255c7000003a5
山东1604,109799,2026/3/11,401255eb000003a6
山东16Z1,109800,2019/3/11,40125597000003a7
山东16Z2,109801,2021/3/11,401255af000003a8
山东16Z3,109802,2023/3/11,401255c7000003a9
山东16Z4,109803,2026/3/11,401255eb000003aa
内蒙1601,109804,2019/3/14,40125597000003ab
内蒙1602,109805,2021/3/14,401255af000003ac
内蒙1603,109806,2023/3/14,401255c7000003ad
内蒙1604,109807,2026/3/14,401255eb000003ae
江苏1601,109808,2019/3/16,40125597000003af
江苏1602,109809,2021/3/16,401255af000003b0
江苏1603,109810,2023/3/16,401255c7000003b1
江苏1604,109811,2026/3/16,401255eb000003b2
江苏16Z1,109812,2019/3/16,40125597000003b3
江苏16Z2,109813,2021/3/16,401255af000003b4
江苏16Z3,109814,2023/3/16,401255c7000003b5
江苏16Z4,109815,2026/3/16,401255eb000003b6
重庆16Z1,109816,2021/3/18,401255af000003b7
重庆16Z2,109817,2023/3/18,401255c7000003b8
重庆1601,109818,2019/3/18,40125597000003b9
重庆1602,109819,2021/3/18,401255af000003ba
重庆1603,109820,2023/3/18,401255c7000003bb
重庆1604,109821,2026/3/18,401255eb000003bc
天津1601,109822,2019/3/21,40125597000003bd
天津1602,109823,2021/3/21,401255af000003be
天津16Z1,109824,2021/3/21,401255af000003bf
天津16Z2,109825,2023/3/21,401255c7000003c0
天津16Z3,109826,2026/3/21,401255eb000003c1
云南1601,109827,2023/3/22,401255c7000003c2
云南1602,109828,2026/3/22,401255eb000003c3
云南16Z1,109829,2023/3/22,401255c7000003c4
云南16Z2,109830,2026/3/22,401255eb000003c5
新疆1601,109831,2019/3/23,40125597000003c6
新疆1602,109832,2021/3/23,401255af000003c7
新疆1603,109833,2023/3/23,401255c7000003c8
新疆1604,109834,2026/3/23,401255eb000003c9
宁夏1601,109835,2019/3/25,40125597000003ca
宁夏1602,109836,2021/3/25,401255af000003cb
宁夏1603,109837,2023/3/25,401255c7000003cc
江西1601,109838,2019/3/25,40125597000003cd
江西1602,109839,2021/3/25,401255af000003ce
江西1603,109840,2023/3/25,401255c7000003cf
江西1604,109841,2026/3/25,401255eb000003d0
江西16Z1,109842,2019/3/25,40125597000003d1
江西16Z2,109843,2021/3/25,401255af000003d2
江西16Z3,109844,2023/3/25,401255c7000003d3
江西16Z4,109845,2026/3/25,401255eb000003d4
广西16Z1,109846,2021/3/28,401255af000003d5
广西16Z2,109847,2023/3/28,401255c7000003d6
广西1601,109848,2019/3/28,40125597000003d7
广西1602,109849,2021/3/28,401255af000003d8
广西1603,109850,2023/3/28,401255c7000003d9
广西1604,109851,2026/3/28,401255eb000003da
辽宁1601,109852,2019/3/29,40125597000003db
辽宁1602,109853,2021/3/29,401255af000003dc
辽宁1603,109854,2023/3/29,401255c7000003dd
辽宁1604,109855,2026/3/29,401255eb000003de
四川1601,109856,2019/3/29,40125597000003df
四川1602,109857,2021/3/29,401255af000003e0
四川1603,109858,2023/3/29,401255c7000003e1
四川1604,109859,2026/3/29,401255eb000003e2
宁夏1604,109860,2026/3/25,401255eb000003e3
安徽1601,109861,2019/4/1,4.01256E+17
安徽1602,109862,2021/4/1,401255b0000003e5
安徽1603,109863,2023/4/1,401255c8000003e6
安徽1604,109864,2026/4/1,401255ec000003e7
青海1601,109865,2019/4/1,4.01256E+21
青海1602,109866,2021/4/1,401255b0000003e9
青海1603,109867,2023/4/1,401255c8000003ea
青海1604,109868,2026/4/1,401255ec000003eb
广东1605,109869,2019/4/6,40125598000003ec
广东1606,109870,2021/4/6,401255b0000003ed
广东1607,109871,2023/4/6,401255c8000003ee
广东1608,109872,2026/4/6,401255ec000003ef
广东16Z4,109873,2021/4/6,401255b0000003f0
广东16Z5,109874,2023/4/6,401255c8000003f1
广东16Z6,109875,2026/4/6,401255ec000003f2
广西1605,109876,2019/4/7,40125598000003f3
广西1606,109877,2021/4/7,401255b0000003f4
广西1607,109878,2023/4/7,401255c8000003f5
广西1608,109879,2026/4/7,401255ec000003f6
贵州16Z1,109880,2019/4/8,40125598000003f7
贵州16Z2,109881,2021/4/8,401255b0000003f8
贵州16Z3,109882,2023/4/8,401255c8000003f9
贵州16Z4,109883,2026/4/8,401255ec000003fa
贵州1601,109884,2019/4/8,40125598000003fb
贵州1602,109885,2021/4/8,401255b0000003fc
贵州1603,109886,2023/4/8,401255c8000003fd
贵州1604,109887,2026/4/8,401255ec000003fe
新疆16Z1,109888,2019/4/8,40125598000003ff
新疆16Z2,109889,2021/4/8,401255b000000400
新疆16Z3,109890,2023/4/8,401255c800000401
新疆16Z4,109891,2026/4/8,401255ec00000402
新疆1605,109892,2019/4/8,4.01256E+15
新疆1606,109893,2021/4/8,401255b000000404
新疆1607,109894,2023/4/8,401255c800000405
新疆1608,109895,2026/4/8,401255ec00000406
龙江1601,109896,2019/4/11,4.01256E+15
龙江1602,109897,2021/4/11,401255b000000408
龙江1603,109898,2023/4/11,401255c800000409
龙江1604,109899,2026/4/11,401255ec0000040a
龙江16Z1,109900,2019/4/11,401255980000040b
龙江16Z2,109901,2021/4/11,401255b00000040c
龙江16Z3,109902,2023/4/11,401255c80000040d
龙江16Z4,109903,2026/4/11,401255ec0000040e
湖南1601,109904,2023/4/12,401255c80000040f
湖南1602,109905,2026/4/12,401255ec00000410
河北16Z1,109906,2019/4/15,4.01256E+15
河北16Z2,109907,2021/4/15,401255b000000412
河北16Z3,109908,2023/4/15,401255c800000413
河北16Z4,109909,2026/4/15,401255ec00000414
河北1601,109910,2019/4/15,4.01256E+15
河北1602,109911,2021/4/15,401255b000000416
河北1603,109912,2023/4/15,401255c800000417
河北1604,109913,2026/4/15,401255ec00000418
河南1601,109914,2019/4/15,4.01256E+15
河南1602,109915,2021/4/15,401255b00000041a
河南1603,109916,2023/4/15,401255c80000041b
河南1604,109917,2026/4/15,401255ec0000041c
湖北16Z1,109918,2021/4/18,401255b00000041d
湖北16Z2,109919,2023/4/18,401255c80000041e
湖北1605,109920,2019/4/18,401255980000041f
湖北1606,109921,2021/4/18,401255b000000420
湖北1607,109922,2023/4/18,401255c800000421
湖北1608,109923,2026/4/18,401255ec00000422
甘肃1601,109924,2019/4/18,4.01256E+15
甘肃1602,109925,2021/4/18,401255b000000424
甘肃1603,109926,2023/4/18,401255c800000425
甘肃16Z1,109927,2021/4/18,401255b000000426
甘肃16Z2,109928,2023/4/18,401255c800000427
山西1601,109929,2019/4/20,4.01256E+15
山西1602,109930,2021/4/20,401255b000000429
山西1603,109931,2023/4/20,401255c80000042a
山西1604,109932,2026/4/20,401255ec0000042b
山东1605,109933,2019/4/27,401255980000042c
山东1606,109934,2021/4/27,401255b00000042d
山东1607,109935,2023/4/27,401255c80000042e
山东1608,109936,2026/4/27,401255ec0000042f
陕西1601,109937,2019/4/29,4.01256E+15
陕西1602,109938,2021/4/29,401255b000000431
陕西1603,109939,2023/4/29,401255c800000432
陕西1604,109940,2026/4/29,401255ec00000433
陕西16Z1,109941,2019/4/29,4.01256E+15
陕西16Z2,109942,2021/4/29,401255b000000435
陕西16Z3,109943,2023/4/29,401255c800000436
陕西16Z4,109944,2026/4/29,401255ec00000437
湖南1603,109945,2019/5/9,4.01256E+15
湖南1604,109946,2021/5/9,401255b100000439
海南1601,109947,2019/5/13,401255990000043a
海南1602,109948,2021/5/13,401255b10000043b
海南1603,109949,2026/5/13,401255ed0000043c
宁波1601,109950,2019/5/16,401255990000043d
宁波1602,109951,2021/5/16,401255b10000043e
宁波1603,109952,2023/5/16,401255c90000043f
宁波1604,109953,2026/5/16,401255ed00000440
宁波16Z1,109954,2019/5/16,4.01256E+15
宁波16Z2,109955,2021/5/16,401255b100000442
宁波16Z3,109956,2023/5/16,401255c900000443
宁波16Z4,109957,2026/5/16,401255ed00000444
青岛1601,109958,2019/5/17,4.01256E+15
青岛1602,109959,2021/5/17,401255b100000446
青岛1603,109960,2023/5/17,401255c900000447
青岛1604,109961,2026/5/17,401255ed00000448
青岛16Z1,109962,2021/5/17,401255b100000449
青岛16Z2,109963,2023/5/17,401255c90000044a
青岛16Z3,109964,2026/5/17,401255ed0000044b
四川16Z1,109965,2019/5/18,401255990000044c
四川16Z2,109966,2021/5/18,401255b10000044d
四川16Z3,109967,2023/5/18,401255c90000044e
四川16Z4,109968,2026/5/18,401255ed0000044f
四川1605,109969,2019/5/18,4.01256E+15
四川1606,109970,2021/5/18,401255b100000451
四川1607,109971,2023/5/18,401255c900000452
四川1608,109972,2026/5/18,401255ed00000453
宁夏16Z1,109973,2019/5/20,4.01256E+15
宁夏16Z2,109974,2021/5/20,401255b100000455
宁夏16Z3,109975,2023/5/20,401255c900000456
宁夏16Z4,109976,2026/5/20,401255ed00000457
辽宁16Z1,109977,2019/5/25,4.01256E+15
辽宁16Z2,109978,2021/5/25,401255b100000459
辽宁16Z3,109979,2023/5/25,401255c90000045a
辽宁16Z4,109980,2026/5/25,401255ed0000045b
云南16Z3,109981,2021/5/27,401255b10000045c
云南16Z4,109982,2023/5/27,401255c90000045d
云南1603,109983,2021/5/27,401255b10000045e
云南1604,109984,2023/5/27,401255c90000045f
陕西1605,109985,2019/5/27,4.01256E+15
陕西1606,109986,2021/5/27,401255b100000461
陕西1607,109987,2023/5/27,401255c900000462
陕西1608,109988,2026/5/27,401255ed00000463
陕西16Z5,109989,2019/5/27,4.01256E+15
陕西16Z6,109990,2021/5/27,401255b100000465
陕西16Z7,109991,2023/5/27,401255c900000466
陕西16Z8,109992,2026/5/27,401255ed00000467
陕西16Z9,109993,2019/5/27,4.01256E+15
陕西1609,109994,2021/5/27,401255b100000469
陕西1610,109995,2023/5/27,401255c90000046a
陕西1611,109996,2026/5/27,401255ed0000046b
青海1605,109997,2019/5/30,401255990000046c
青海1606,109998,2021/5/30,401255b10000046d
青海1607,109999,2023/5/30,401255c90000046e
编辑,,,
企业债uk编码,,,
,,,
企业债简称,企业债代码,到期日,UK
02电网15,111018,2017/6/19,4.01226E+15
02广核债,111019,2017/11/11,4.01226E+15
03中铁债,111023,2021/8/25,401225b400000003
05粤交通,111026,2020/6/29,401225a600000004
06鲁能债,111032,2021/7/31,401225b300000005
09华菱债,111050,2019/2/17,4.01226E+15
09怀化债,111051,2019/2/18,4.01226E+15
09哈城投,111052,2019/3/12,4.01226E+15
09兖城投,111057,2016/9/23,4.01226E+15
09黄城投,111058,2017/12/31,401225880000000a
09宿建投,111059,2016/12/3,4012257c0000000b
10佳城投,111060,2017/3/9,4012257f0000000c
10并高铁,111062,2020/9/6,401225a90000000d
11富阳债,111063,2018/3/3,4012258b0000000e
11长交债,111064,2018/3/10,4012258b0000000f
11豫中小,111065,2017/2/16,4.01226E+16
14邯中小,111067,2020/7/22,401225a700000011
08中粮债,112004,2018/8/25,4.01226E+15
09宜化债,112019,2019/12/17,401225a000000013
10南玻02,112022,2017/10/20,4.01226E+15
10煤气02,112024,2017/11/4,4.01226E+15
11珠海债,112025,2019/3/1,4.01226E+15
11新兴02,112027,2021/3/18,401225af00000017
11鲁西债,112030,2018/7/6,4012258f00000018
11柳工02,112033,2018/7/20,4012258f00000019
11陕气债,112034,2019/7/22,4012259b0000001a
11国脉债,112035,2018/7/26,4012258f0000001b
11三钢01,112036,2018/8/1,401225900000001c
11万方债,112037,2016/8/12,401225780000001d
11锡业债,112038,2018/8/17,401225900000001e
11黔轮债,112039,2017/8/22,401225840000001f
11建能债,112040,2017/8/29,4.01226E+15
11冀东01,112041,2018/8/30,4.01226E+15
11东控02,112043,2016/9/22,4.01226E+15
11中泰01,112044,2018/11/3,4.01226E+15
11宗申债,112045,2017/11/14,4.01226E+15
11华孚01,112046,2016/11/18,4012257b00000025
11海大债,112047,2016/11/18,4012257b00000026
11凯迪债,112048,2018/11/21,4.01226E+15
11安泰01,112049,2016/11/22,4012257b00000028
11报喜01,112050,2016/11/24,4012257b00000029
11报喜02,112051,2018/11/24,401225930000002a
11许继债,112052,2018/11/30,401225930000002b
11新筑债,112053,2016/12/7,4012257c0000002c
11徐工01,112055,2016/12/29,4012257c0000002d
11远兴债,112056,2017/1/17,4012257d0000002e
11东磁债,112057,2017/2/9,4012257e0000002f
11中粮01,112058,2017/2/16,4.01226E+36
11联化债,112059,2019/2/21,4.01226E+15
12新都债,112062,2017/3/8,4012257f00000032
12隆平债,112064,2017/3/14,4012257f00000033
12柳工债,112065,2017/3/14,4012257f00000034
11西建债,112066,2017/3/15,4012257f00000035
11冀东02,112067,2020/3/20,401225a300000036
11棕榈债,112068,2017/3/21,4012257f00000037
12明牌债,112069,2017/3/22,4012257f00000038
12中泰债,112070,2019/3/22,4.01226E+15
11智光债,112071,2017/3/23,4012257f0000003a
11三钢02,112073,2019/4/9,401225980000003b
12华茂债,112074,2017/4/12,401225800000003c
12雅致01,112075,2017/4/10,401225800000003d
12雅致02,112076,2019/4/10,401225980000003e
12天沃债,112077,2017/4/17,401225800000003f
12太钢01,112078,2017/4/18,4.01226E+15
12长安债,112079,2017/4/23,4.01226E+15
12万向债,112080,2017/4/25,4.01226E+15
11新野01,112081,2017/4/25,4.01226E+15
11国星债,112083,2017/5/3,4.01226E+15
11万家债,112084,2017/5/15,4.01226E+15
12圣农01,112086,2018/5/16,4012258d00000046
12富春01,112088,2017/6/5,4.01226E+15
12万丰01,112089,2017/6/4,4.01226E+15
12海药债,112092,2017/6/14,4.01226E+15
11亚迪01,112093,2017/6/19,401225820000004a
11中利债,112094,2017/6/20,401225820000004b
12康盛债,112095,2017/7/5,401225830000004c
12国创债,112096,2017/7/10,401225830000004d
12亚厦债,112097,2017/7/13,401225830000004e
11新野02,112098,2017/7/13,401225830000004f
12盾安债,112100,2017/7/27,4.01226E+15
12安泰债,112101,2017/7/25,4.01226E+15
12大康债,112102,2017/8/23,4.01226E+15
12海型债,112103,2017/8/17,4.01226E+15
12太钢03,112106,2017/8/22,4.01226E+15
12云内债,112107,2018/8/27,4.01226E+15
12南糖债,112109,2019/9/17,4012259d00000056
12东锆债,112110,2019/10/8,4.01226E+63
12江泥01,112112,2017/10/18,4.01226E+15
12冀东01,112113,2017/10/15,4.01226E+15
12冀东02,112114,2019/10/15,4012259e0000005a
12冀东03,112115,2022/10/15,401225c20000005b
12中桥债,112116,2017/10/15,401225860000005c
12福发债,112117,2018/10/17,401225920000005d
12金螳01,112118,2017/10/29,401225860000005e
12恒邦债,112119,2017/10/30,401225860000005f
12联发债,112120,2017/10/25,4.01226E+15
12景兴债,112121,2019/10/25,4.01226E+67
12中山01,112123,2019/10/29,4.01226E+68
11徐工02,112124,2017/10/26,4.01226E+15
12科伦01,112126,2017/11/5,4.01226E+15
12华西债,112127,2017/11/5,4.01226E+15
12湘金01,112128,2019/11/7,4012259f00000066
12华锦债,112129,2017/11/9,4.01226E+15
12华包债,112130,2017/11/26,4.01226E+15
12制药债,112132,2017/11/13,4.01226E+15
12亚夏债,112133,2017/11/19,401225870000006a
12合兴债,112134,2017/11/16,401225870000006b
12勤上01,112136,2019/12/27,401225a00000006c
12康得债,112137,2017/12/14,401225880000006d
12苏宁01,112138,2017/12/14,401225880000006e
12北新债,112139,2018/12/19,401225940000006f
12基地债,112140,2019/12/17,401225a000000070
12金王债,112141,2017/12/19,4.01226E+15
12格林债,112142,2020/12/21,401225ac00000072
12粤电01,112143,2019/1/18,4.01226E+15
12晨鸣债,112144,2017/12/26,4.01226E+15
13荣信01,112145,2018/1/18,4.01226E+15
12希努01,112146,2018/1/21,4.01226E+15
12光电债,112148,2018/1/25,4.01226E+15
12芭田债,112149,2018/1/25,4.01226E+15
12银轮债,112150,2018/1/29,4.01226E+15
12科伦02,112153,2018/3/6,4012258b0000007a
12盐湖01,112154,2020/3/6,401225a30000007b
12正邦债,112155,2018/3/7,4012258b0000007c
12中顺债,112156,2018/3/8,4012258b0000007d
12科陆01,112157,2018/3/12,4012258b0000007e
12毅昌01,112160,2018/3/12,4012258b0000007f
13传化债,112161,2018/3/15,4012258b00000080
12粤电债,112162,2020/3/18,401225a300000081
12黑牛01,112163,2018/3/18,4012258b00000082
12德豪债,112165,2018/3/20,4012258b00000083
12河钢02,112166,2018/3/27,4012258b00000084
12莱士债,112167,2018/3/26,4012258b00000085
12三维债,112168,2018/3/22,4012258b00000086
12中财债,112169,2018/4/3,4012258c00000087
12濮耐01,112170,2018/4/12,4012258c00000088
12久联债,112171,2020/4/24,401225a400000089
13普邦债,112172,2018/5/10,4012258d0000008a
12南港债,112173,2018/4/26,4012258c0000008b
13广田01,112174,2018/4/25,4012258c0000008c
13三九01,112175,2018/5/9,4012258d0000008d
13围海债,112177,2018/5/27,4012258d0000008e
13南洋债,112179,2020/5/30,401225a50000008f
12奥飞债,112180,2018/6/7,4.01226E+96
13广发01,112181,2018/6/17,4.01226E+97
13广发02,112182,2018/6/17,4.01226E+98
13广发03,112183,2023/6/17,401225ca00000093
13嘉寓债,112184,2018/6/27,4.0123E+100
13国元01,112186,2018/7/24,4012258f00000095
13国元02,112187,2018/7/24,4012258f00000096
13渤租债,112188,2018/8/15,4.01226E+15
12瑞泽债,112189,2018/9/18,4.01226E+15
11亚迪02,112190,2018/9/23,4.01226E+15
13赤湾01,112192,2018/10/18,401225920000009a
13美邦01,112193,2018/10/25,401225920000009b
13东北01,112194,2018/11/12,401225930000009c
13东北02,112195,2018/11/12,401225930000009d
13苏宁债,112196,2019/11/13,4012259f0000009e
13山证01,112197,2016/11/13,4012257b0000009f
14欧菲债,112198,2017/2/24,4012257e000000a0
14铁岭债,112199,2019/3/6,40122597000000a1
14三聚债,112200,2019/3/11,40122597000000a2
14机电01,112201,2019/3/25,40122597000000a3
14嘉杰债,112202,2019/3/19,40122597000000a4
14北农债,112203,2019/4/8,40122598000000a5
14好想债,112204,2019/4/24,40122598000000a6
14翰宇01,112205,2019/4/25,40122598000000a7
14锦龙债,112207,2017/6/17,40122582000000a8
14华邦01,112208,2019/6/13,4012259a000000a9
14雏鹰债,112209,2019/6/26,4012259a000000aa
14金禾债,112210,2017/6/30,40122582000000ab
14搜特01,112211,2019/7/2,4012259b000000ac
14中山债,112212,2017/7/3,40122583000000ad
14中超债,112213,2019/7/4,4012259b000000ae
14杰赛债,112214,2019/7/14,4012259b000000af
14万马01,112215,2019/7/23,4012259b000000b0
14欣旺01,112216,2019/7/29,4012259b000000b1
14东江01,112217,2019/8/1,4012259c000000b2
14山证01,112218,2017/8/4,40122584000000b3
14渝发债,112219,2019/8/12,4012259c000000b4
14福星01,112220,2019/8/26,4012259c000000b5
14万里债,112221,2019/8/26,4012259c000000b6
14荣盛债,112222,2017/8/28,40122584000000b7
14江泥01,112223,2019/9/12,4012259d000000b8
14兴蓉01,112224,2019/9/16,4012259d000000b9
14恒运01,112225,2019/9/18,4012259d000000ba
14科陆01,112226,2019/9/17,4012259d000000bb
14利源债,112227,2019/9/22,4012259d000000bc
14怡亚债,112228,2019/9/29,4012259d000000bd
14白药01,112229,2021/10/16,401225b6000000be
14司尔01,112230,2019/10/22,4012259e000000bf
14金贵债,112231,2019/11/3,4012259f000000c0
14长证债,112232,2019/11/19,4012259f000000c1
14漳发债,112233,2019/12/5,401225a0000000c2
14中弘债,112234,2018/1/6,40122589000000c3
15福星01,112235,2020/1/19,401225a1000000c4
15本钢01,112236,2018/2/5,4012258a000000c5
15辉煌01,112237,2018/3/4,4012258b000000c6
15振业债,112238,2018/3/13,4012258b000000c7
15沃尔债,112239,2018/4/13,4012258c000000c8
15华联债,112240,2022/4/1,401225bc000000c9
15广田债,112241,2020/4/9,401225a4000000ca
15岭南债,112242,2020/6/15,401225a6000000cb
15东旭债,112243,2020/5/19,401225a5000000cc
15国海债,112244,2020/5/8,401225a5000000cd
15顺鑫01,112245,2020/5/13,401225a5000000ce
15金一债,112246,2018/5/15,4012258d000000cf
15华东债,112247,2020/5/19,401225a5000000d0
15翰宇01,112248,2020/5/19,401225a5000000d1
15博彦债,112249,2018/5/26,4012258d000000d2
15云旅债,112250,2018/6/1,4012258e000000d3
15恒运债,112251,2020/7/28,401225a7000000d4
15鄂能01,112252,2020/7/6,401225a7000000d5
15荣盛01,112253,2020/6/24,401225a6000000d6
15湘金01,112254,2018/6/24,4012258e000000d7
15濮耐01,112255,2020/7/22,401225a7000000d8
15天保01,112256,2020/7/21,401225a7000000d9
15荣盛02,112257,2019/7/28,4012259b000000da
15荣盛03,112258,2020/7/28,401225a7000000db
15甘电债,112259,2020/9/10,401225a9000000dc
15阳房01,112260,2020/7/30,401225a7000000dd
15互动债,112261,2020/11/25,401225ab000000de
15荣安债,112262,2020/8/7,401225a8000000df
15中房债,112263,2020/8/12,401225a8000000e0
15亚迪01,112264,2018/8/12,4.01226E+14
15中环债,112265,2020/8/13,401225a8000000e2
15利尔01,112266,2020/8/12,401225a8000000e3
15阳房02,112267,2020/8/12,401225a8000000e4
15东华01,112268,2020/8/12,401225a8000000e5
15涪陵01,112269,2020/8/12,401225a8000000e6
15华邦债,112270,2020/8/14,401225a8000000e7
15中粮01,112271,2020/8/17,401225a8000000e8
15金科01,112272,2020/8/28,401225a8000000e9
15金街01,112273,2021/8/20,401225b4000000ea
15金街02,112274,2025/8/20,401225e4000000eb
15搜特债,112275,2020/8/24,401225a8000000ec
15金鸿债,112276,2020/8/27,401225a8000000ed
15金街03,112277,2022/8/31,401225c0000000ee
15东莞债,112278,2020/9/10,401225a9000000ef
15渤租01,112279,2020/9/15,401225a9000000f0
15东华02,112280,2020/9/16,401225a9000000f1
15中洲债,112281,2018/9/21,40122591000000f2
15西部01,112282,2018/9/22,40122591000000f3
15西部02,112283,2020/9/22,401225a9000000f4
15渤租02,112284,2020/9/22,401225a9000000f5
15万科01,112285,2020/9/25,401225a9000000f6
15海伟01,112286,2020/10/15,401225aa000000f7
15海投债,112287,2018/10/20,40122592000000f8
15证通01,112288,2020/10/21,401225aa000000f9
15顺鑫02,112289,2020/10/26,401225aa000000fa
15证通02,112290,2020/10/30,401225aa000000fb
15渝外贸,112291,2020/11/11,401225ab000000fc
16冀中01,112292,2021/3/23,401225af000000fd
15深爱01,112293,2018/11/13,40122593000000fe
15海伟02,112294,2020/11/18,401225ab000000ff
15司尔债,112295,2020/11/19,401225ab00000100
15东北债,112296,2020/11/23,401225ab00000101
15粤科债,112297,2022/11/27,401225c300000102
15新证债,112298,2020/11/26,401225ab00000103
15中利债,112299,2020/11/30,401225ab00000104
15立业债,112300,2020/12/7,401225ac00000105
15中武债,112301,2022/12/7,401225c400000106
15东网债,112302,2018/12/9,4.01226E+15
15京威债,112303,2017/12/10,4.01226E+15
15长影01,112304,2020/12/11,401225ac00000109
15长影02,112305,2020/12/15,401225ac0000010a
15泛控01,112306,2020/12/21,401225ac0000010b
15投资01,112307,2023/12/22,401225d00000010c
15银亿01,112308,2020/12/24,401225ac0000010d
15花样02,112309,2020/12/30,401225ac0000010e
16美的债,112310,2019/1/5,401225950000010f
16昆仑01,112311,2019/1/8,4.01226E+15
16徐工01,112312,2021/1/11,401225ad00000111
16铁汉01,112313,2021/1/13,401225ad00000112
16华南01,112314,2019/1/14,4.01226E+15
16宝龙债,112315,2021/1/18,401225ad00000114
16航空债,112316,2021/1/18,401225ad00000115
16太安01,112317,2021/1/19,401225ad00000116
16白药01,112318,2021/1/19,401225ad00000117
16一创01,112319,2020/1/19,401225a100000118
16蓝标债,112320,2021/1/19,401225ad00000119
16龙基01,112321,2021/1/20,401225ad0000011a
16涪陵01,112322,2021/1/20,401225ad0000011b
16投资01,112323,2024/1/21,401225d10000011c
16高鸿债,112324,2021/1/21,401225ad0000011d
16中南01,112325,2021/1/22,401225ad0000011e
16中弘01,112326,2021/1/25,401225ad0000011f
16曲文01,112328,2019/1/27,4.01226E+15
16太安02,112329,2021/1/28,401225ad00000121
16巨轮01,112330,2021/1/28,401225ad00000122
16宝德01,112331,2021/1/28,401225ad00000123
16劲嘉01,112332,2021/2/1,401225ae00000124
16鲁焦01,112333,2019/1/29,4.01226E+15
16国购01,112334,2021/2/1,401225ae00000126
16海资01,112335,2021/2/2,401225ae00000127
16太安债,112336,2021/2/2,401225ae00000128
16双星01,112337,2019/2/25,4.01226E+15
16迪科01,112338,2019/3/1,401225970000012a
16中航城,112339,2021/3/1,401225af0000012b
16泛控01,112340,2021/3/7,401225af0000012c
16宝龙02,112341,2021/3/7,401225af0000012d
16厦贸01,112342,2021/3/9,401225af0000012e
16魏桥01,112343,2021/3/10,401225af0000012f
16魏桥02,112344,2021/3/10,401225af00000130
16劲嘉02,112345,2021/3/11,401225af00000131
16惠誉01,112346,2021/3/14,401225af00000132
16惠誉02,112347,2021/3/14,401225af00000133
16华美01,112348,2019/3/14,4.01226E+15
16红楼债,112349,2021/3/15,401225af00000135
16软控01,112350,2021/3/16,401225af00000136
16步高01,112351,2021/3/16,401225af00000137
16TCL01,112352,2019/3/16,4.01226E+15
16TCL02,112353,2021/3/16,401225af00000139
16国购02,112354,2021/3/17,401225af0000013a
16桂资01,112355,2023/3/17,401225c70000013b
16海资02,112357,2021/3/22,401225af0000013c
16BOE01,112358,2021/3/21,401225af0000013d
16魏桥03,112359,2021/3/22,401225af0000013e
16新大02,112361,2019/3/22,401225970000013f
16泛控02,112362,2021/3/23,401225af00000140
16三湘债,112363,2019/3/23,4.01226E+15
16云白01,112364,2021/4/8,401225b000000142
16广业01,112365,2023/3/25,401225c700000143
16宝安01,112366,2021/3/28,401225af00000144
16华西01,112367,2021/3/28,401225af00000145
16峨旅01,112369,2021/3/30,401225af00000146
16新纶债,112370,2021/3/30,401225af00000147
16太阳01,112371,2019/3/31,4.01226E+15
16棕榈01,112372,2021/4/1,401225b000000149
16奥瑞金,112373,2021/4/11,401225b00000014a
16昆投01,112375,2021/4/11,401225b00000014b
16侨城01,112376,2021/4/13,401225b00000014c
16侨城02,112377,2023/4/13,401225c80000014d
16盛润债,112378,2021/4/12,401225b00000014e
16新国都,112379,2019/4/15,401225980000014f
16东林01,112380,2021/4/19,401225b000000150
16华联债,112381,2019/5/30,4.01226E+15
16南都01,112382,2021/4/20,401225b000000152
16当代债,112383,2021/4/20,401225b000000153
16歌尔01,112384,2021/4/20,401225b000000154
16奥燃01,112385,2021/5/3,401225b100000155
16申宏01,112386,2021/4/26,401225b000000156
16华南02,112387,2019/5/3,4.01226E+15
16聚龙债,112388,2021/5/11,401225b100000158
16华西02,112389,2021/5/16,401225b100000159
16三聚债,112390,2021/5/17,401225b10000015a
16掌趣01,112392,2021/5/25,401225b10000015b
16万维01,112393,2019/5/23,401225990000015c
16泰禾02,112394,2021/5/25,401225b10000015d
16泰禾03,112395,2021/5/25,401225b10000015e
16胜通01,112397,2021/5/30,401225b10000015f
16凯迪债,112399,2021/6/2,401225b200000160
16中南债,112400,2020/6/13,401225a600000161
16华股01,112402,2021/6/1,401225b200000162
16农四01,112403,2023/6/8,401225ca00000163
16以岭EB,120001,2021/4/17,401225b000000164
蓝标转债,123001,2021/12/17,401225b800000165
海印转债,127003,2022/6/7,401225be00000166
歌尔转债,128009,2020/12/11,401225ac00000167
顺昌转债,128010,2022/1/21,401225b900000168
汽模转债,128011,2022/3/1,401225bb00000169
辉丰转债,128012,2022/4/20,401225bc0000016a
