期货合约,UK
C1608,406a257800000001
CS1608,406a257800000002
A1608,406a257800000003
B1608,406a257800000004
M1608,406a257800000005
Y1608,406a257800000006
P1608,406a257800000007
JD1608,406a257800000008
BB1608,406a257800000009
FB1608,406a25780000000a
L1608,406a25780000000b
V1608,406a25780000000c
PP1608,406a25780000000d
J1608,406a25780000000e
JM1608,406a25780000000f
I1608,406a257800000010
C1609,406a257900000001
CS1609,406a257900000002
A1609,406a257900000003
B1609,406a257900000004
M1609,406a257900000005
Y1609,406a257900000006
P1609,406a257900000007
JD1609,406a257900000008
BB1609,406a257900000009
FB1609,406a25790000000a
L1609,406a25790000000b
V1609,406a25790000000c
PP1609,406a25790000000d
J1609,406a25790000000e
JM1609,406a25790000000f
I1609,406a257900000010
C1610,406a257a00000001
CS1610,406a257a00000002
A1610,406a257a00000003
B1610,406a257a00000004
M1610,406a257a00000005
Y1610,406a257a00000006
P1610,406a257a00000007
JD1610,406a257a00000008
BB1610,406a257a00000009
FB1610,406a257a0000000a
L1610,406a257a0000000b
V1610,406a257a0000000c
PP1610,406a257a0000000d
J1610,406a257a0000000e
JM1610,406a257a0000000f
I1610,406a257a00000010
C1611,406a257b00000001
CS1611,406a257b00000002
A1611,406a257b00000003
B1611,406a257b00000004
M1611,406a257b00000005
Y1611,406a257b00000006
P1611,406a257b00000007
JD1611,406a257b00000008
BB1611,406a257b00000009
FB1611,406a257b0000000a
L1611,406a257b0000000b
V1611,406a257b0000000c
PP1611,406a257b0000000d
J1611,406a257b0000000e
JM1611,406a257b0000000f
I1611,406a257b00000010
C1612,406a257c00000001
CS1612,406a257c00000002
A1612,406a257c00000003
B1612,406a257c00000004
M1612,406a257c00000005
Y1612,406a257c00000006
P1612,406a257c00000007
JD1612,406a257c00000008
BB1612,406a257c00000009
FB1612,406a257c0000000a
L1612,406a257c0000000b
V1612,406a257c0000000c
PP1612,406a257c0000000d
J1612,406a257c0000000e
JM1612,406a257c0000000f
I1612,406a257c00000010
C1701,406a257d00000001
CS1701,406a257d00000002
A1701,406a257d00000003
B1701,406a257d00000004
M1701,406a257d00000005
Y1701,406a257d00000006
P1701,406a257d00000007
JD1701,406a257d00000008
BB1701,406a257d00000009
FB1701,406a257d0000000a
L1701,406a257d0000000b
V1701,406a257d0000000c
PP1701,406a257d0000000d
J1701,406a257d0000000e
JM1701,406a257d0000000f
I1701,406a257d00000010
C1702,406a257e00000001
CS1702,406a257e00000002
A1702,406a257e00000003
B1702,406a257e00000004
M1702,406a257e00000005
Y1702,406a257e00000006
P1702,406a257e00000007
JD1702,406a257e00000008
BB1702,406a257e00000009
FB1702,406a257e0000000a
L1702,406a257e0000000b
V1702,406a257e0000000c
PP1702,406a257e0000000d
J1702,406a257e0000000e
JM1702,406a257e0000000f
I1702,406a257e00000010
C1703,406a257f00000001
CS1703,406a257f00000002
A1703,406a257f00000003
B1703,406a257f00000004
M1703,406a257f00000005
Y1703,406a257f00000006
P1703,406a257f00000007
JD1703,406a257f00000008
BB1703,406a257f00000009
FB1703,406a257f0000000a
L1703,406a257f0000000b
V1703,406a257f0000000c
PP1703,406a257f0000000d
J1703,406a257f0000000e
JM1703,406a257f0000000f
I1703,406a257f00000010
C1704,406a258000000001
CS1704,406a258000000002
A1704,406a258000000003
B1704,406a258000000004
M1704,406a258000000005
Y1704,406a258000000006
P1704,406a258000000007
JD1704,406a258000000008
BB1704,406a258000000009
FB1704,406a25800000000a
L1704,406a25800000000b
V1704,406a25800000000c
PP1704,406a25800000000d
J1704,406a25800000000e
JM1704,406a25800000000f
I1704,406a258000000010
C1705,406a258100000001
CS1705,406a258100000002
A1705,406a258100000003
B1705,406a258100000004
M1705,406a258100000005
Y1705,406a258100000006
P1705,406a258100000007
JD1705,406a258100000008
BB1705,406a258100000009
FB1705,406a25810000000a
L1705,406a25810000000b
V1705,406a25810000000c
PP1705,406a25810000000d
J1705,406a25810000000e
JM1705,406a25810000000f
I1705,406a258100000010
C1706,406a258200000001
CS1706,406a258200000002
A1706,406a258200000003
B1706,406a258200000004
M1706,406a258200000005
Y1706,406a258200000006
P1706,406a258200000007
JD1706,406a258200000008
BB1706,406a258200000009
FB1706,406a25820000000a
L1706,406a25820000000b
V1706,406a25820000000c
PP1706,406a25820000000d
J1706,406a25820000000e
JM1706,406a25820000000f
I1706,406a258200000010
C1707,406a258300000001
CS1707,406a258300000002
A1707,406a258300000003
B1707,406a258300000004
M1707,406a258300000005
Y1707,406a258300000006
P1707,406a258300000007
JD1707,406a258300000008
BB1707,406a258300000009
FB1707,406a25830000000a
L1707,406a25830000000b
V1707,406a25830000000c
PP1707,406a25830000000d
J1707,406a25830000000e
JM1707,406a25830000000f
I1707,406a258300000010
C1708,406a258400000001
CS1708,406a258400000002
A1708,406a258400000003
B1708,406a258400000004
M1708,406a258400000005
Y1708,406a258400000006
P1708,406a258400000007
JD1708,406a258400000008
BB1708,406a258400000009
FB1708,406a25840000000a
L1708,406a25840000000b
V1708,406a25840000000c
PP1708,406a25840000000d
J1708,406a25840000000e
JM1708,406a25840000000f
I1708,406a258400000010
C1709,406a258500000001
CS1709,406a258500000002
A1709,406a258500000003
B1709,406a258500000004
M1709,406a258500000005
Y1709,406a258500000006
P1709,406a258500000007
JD1709,406a258500000008
BB1709,406a258500000009
FB1709,406a25850000000a
L1709,406a25850000000b
V1709,406a25850000000c
PP1709,406a25850000000d
J1709,406a25850000000e
JM1709,406a25850000000f
I1709,406a258500000010
C1710,406a258600000001
CS1710,406a258600000002
A1710,406a258600000003
B1710,406a258600000004
M1710,406a258600000005
Y1710,406a258600000006
P1710,406a258600000007
JD1710,406a258600000008
BB1710,406a258600000009
FB1710,406a25860000000a
L1710,406a25860000000b
V1710,406a25860000000c
PP1710,406a25860000000d
J1710,406a25860000000e
JM1710,406a25860000000f
I1710,406a258600000010
C1711,406a258700000001
CS1711,406a258700000002
A1711,406a258700000003
B1711,406a258700000004
M1711,406a258700000005
Y1711,406a258700000006
P1711,406a258700000007
JD1711,406a258700000008
BB1711,406a258700000009
FB1711,406a25870000000a
L1711,406a25870000000b
V1711,406a25870000000c
PP1711,406a25870000000d
J1711,406a25870000000e
JM1711,406a25870000000f
I1711,406a258700000010
C1712,406a258800000001
CS1712,406a258800000002
A1712,406a258800000003
B1712,406a258800000004
M1712,406a258800000005
Y1712,406a258800000006
P1712,406a258800000007
JD1712,406a258800000008
BB1712,406a258800000009
FB1712,406a25880000000a
L1712,406a25880000000b
V1712,406a25880000000c
PP1712,406a25880000000d
J1712,406a25880000000e
JM1712,406a25880000000f
I1712,406a258800000010
C1801,406a258900000001
CS1801,406a258900000002
A1801,406a258900000003
B1801,406a258900000004
M1801,406a258900000005
Y1801,406a258900000006
P1801,406a258900000007
JD1801,406a258900000008
BB1801,406a258900000009
FB1801,406a25890000000a
L1801,406a25890000000b
V1801,406a25890000000c
PP1801,406a25890000000d
J1801,406a25890000000e
JM1801,406a25890000000f
I1801,406a258900000010
C1802,406a258a00000001
CS1802,406a258a00000002
A1802,406a258a00000003
B1802,406a258a00000004
M1802,406a258a00000005
Y1802,406a258a00000006
P1802,406a258a00000007
JD1802,406a258a00000008
BB1802,406a258a00000009
FB1802,406a258a0000000a
L1802,406a258a0000000b
V1802,406a258a0000000c
PP1802,406a258a0000000d
J1802,406a258a0000000e
JM1802,406a258a0000000f
I1802,406a258a00000010
C1803,406a258b00000001
CS1803,406a258b00000002
A1803,406a258b00000003
B1803,406a258b00000004
M1803,406a258b00000005
Y1803,406a258b00000006
P1803,406a258b00000007
JD1803,406a258b00000008
BB1803,406a258b00000009
FB1803,406a258b0000000a
L1803,406a258b0000000b
V1803,406a258b0000000c
PP1803,406a258b0000000d
J1803,406a258b0000000e
JM1803,406a258b0000000f
I1803,406a258b00000010
C1804,406a258c00000001
CS1804,406a258c00000002
A1804,406a258c00000003
B1804,406a258c00000004
M1804,406a258c00000005
Y1804,406a258c00000006
P1804,406a258c00000007
JD1804,406a258c00000008
BB1804,406a258c00000009
FB1804,406a258c0000000a
L1804,406a258c0000000b
V1804,406a258c0000000c
PP1804,406a258c0000000d
J1804,406a258c0000000e
JM1804,406a258c0000000f
I1804,406a258c00000010
C1805,406a258d00000001
CS1805,406a258d00000002
A1805,406a258d00000003
B1805,406a258d00000004
M1805,406a258d00000005
Y1805,406a258d00000006
P1805,406a258d00000007
JD1805,406a258d00000008
BB1805,406a258d00000009
FB1805,406a258d0000000a
L1805,406a258d0000000b
V1805,406a258d0000000c
PP1805,406a258d0000000d
J1805,406a258d0000000e
JM1805,406a258d0000000f
I1805,406a258d00000010
C1806,406a258e00000001
CS1806,406a258e00000002
A1806,406a258e00000003
B1806,406a258e00000004
M1806,406a258e00000005
Y1806,406a258e00000006
P1806,406a258e00000007
JD1806,406a258e00000008
BB1806,406a258e00000009
FB1806,406a258e0000000a
L1806,406a258e0000000b
V1806,406a258e0000000c
PP1806,406a258e0000000d
J1806,406a258e0000000e
JM1806,406a258e0000000f
I1806,406a258e00000010
C1807,406a258f00000001
CS1807,406a258f00000002
A1807,406a258f00000003
B1807,406a258f00000004
M1807,406a258f00000005
Y1807,406a258f00000006
P1807,406a258f00000007
JD1807,406a258f00000008
BB1807,406a258f00000009
FB1807,406a258f0000000a
L1807,406a258f0000000b
V1807,406a258f0000000c
PP1807,406a258f0000000d
J1807,406a258f0000000e
JM1807,406a258f0000000f
I1807,406a258f00000010
C1808,406a259000000001
CS1808,406a259000000002
A1808,406a259000000003
B1808,406a259000000004
M1808,406a259000000005
Y1808,406a259000000006
P1808,406a259000000007
JD1808,406a259000000008
BB1808,406a259000000009
FB1808,406a25900000000a
L1808,406a25900000000b
V1808,406a25900000000c
PP1808,406a25900000000d
J1808,406a25900000000e
JM1808,406a25900000000f
I1808,406a259000000010
C1809,406a259100000001
CS1809,406a259100000002
A1809,406a259100000003
B1809,406a259100000004
M1809,406a259100000005
Y1809,406a259100000006
P1809,406a259100000007
JD1809,406a259100000008
BB1809,406a259100000009
FB1809,406a25910000000a
L1809,406a25910000000b
V1809,406a25910000000c
PP1809,406a25910000000d
J1809,406a25910000000e
JM1809,406a25910000000f
I1809,406a259100000010
C1810,406a259200000001
CS1810,406a259200000002
A1810,406a259200000003
B1810,406a259200000004
M1810,406a259200000005
Y1810,406a259200000006
P1810,406a259200000007
JD1810,406a259200000008
BB1810,406a259200000009
FB1810,406a25920000000a
L1810,406a25920000000b
V1810,406a25920000000c
PP1810,406a25920000000d
J1810,406a25920000000e
JM1810,406a25920000000f
I1810,406a259200000010
C1811,406a259300000001
CS1811,406a259300000002
A1811,406a259300000003
B1811,406a259300000004
M1811,406a259300000005
Y1811,406a259300000006
P1811,406a259300000007
JD1811,406a259300000008
BB1811,406a259300000009
FB1811,406a25930000000a
L1811,406a25930000000b
V1811,406a25930000000c
PP1811,406a25930000000d
J1811,406a25930000000e
JM1811,406a25930000000f
I1811,406a259300000010
C1812,406a259400000001
CS1812,406a259400000002
A1812,406a259400000003
B1812,406a259400000004
M1812,406a259400000005
Y1812,406a259400000006
P1812,406a259400000007
JD1812,406a259400000008
BB1812,406a259400000009
FB1812,406a25940000000a
L1812,406a25940000000b
V1812,406a25940000000c
PP1812,406a25940000000d
J1812,406a25940000000e
JM1812,406a25940000000f
I1812,406a259400000010
C1901,406a259500000001
CS1901,406a259500000002
A1901,406a259500000003
B1901,406a259500000004
M1901,406a259500000005
Y1901,406a259500000006
P1901,406a259500000007
JD1901,406a259500000008
BB1901,406a259500000009
FB1901,406a25950000000a
L1901,406a25950000000b
V1901,406a25950000000c
PP1901,406a25950000000d
J1901,406a25950000000e
JM1901,406a25950000000f
I1901,406a259500000010
C1902,406a259600000001
CS1902,406a259600000002
A1902,406a259600000003
B1902,406a259600000004
M1902,406a259600000005
Y1902,406a259600000006
P1902,406a259600000007
JD1902,406a259600000008
BB1902,406a259600000009
FB1902,406a25960000000a
L1902,406a25960000000b
V1902,406a25960000000c
PP1902,406a25960000000d
J1902,406a25960000000e
JM1902,406a25960000000f
I1902,406a259600000010
C1903,406a259700000001
CS1903,406a259700000002
A1903,406a259700000003
B1903,406a259700000004
M1903,406a259700000005
Y1903,406a259700000006
P1903,406a259700000007
JD1903,406a259700000008
BB1903,406a259700000009
FB1903,406a25970000000a
L1903,406a25970000000b
V1903,406a25970000000c
PP1903,406a25970000000d
J1903,406a25970000000e
JM1903,406a25970000000f
I1903,406a259700000010
C1904,406a259800000001
CS1904,406a259800000002
A1904,406a259800000003
B1904,406a259800000004
M1904,406a259800000005
Y1904,406a259800000006
P1904,406a259800000007
JD1904,406a259800000008
BB1904,406a259800000009
FB1904,406a25980000000a
L1904,406a25980000000b
V1904,406a25980000000c
PP1904,406a25980000000d
J1904,406a25980000000e
JM1904,406a25980000000f
I1904,406a259800000010
C1905,406a259900000001
CS1905,406a259900000002
A1905,406a259900000003
B1905,406a259900000004
M1905,406a259900000005
Y1905,406a259900000006
P1905,406a259900000007
JD1905,406a259900000008
BB1905,406a259900000009
FB1905,406a25990000000a
L1905,406a25990000000b
V1905,406a25990000000c
PP1905,406a25990000000d
J1905,406a25990000000e
JM1905,406a25990000000f
I1905,406a259900000010
C1906,406a259a00000001
CS1906,406a259a00000002
A1906,406a259a00000003
B1906,406a259a00000004
M1906,406a259a00000005
Y1906,406a259a00000006
P1906,406a259a00000007
JD1906,406a259a00000008
BB1906,406a259a00000009
FB1906,406a259a0000000a
L1906,406a259a0000000b
V1906,406a259a0000000c
PP1906,406a259a0000000d
J1906,406a259a0000000e
JM1906,406a259a0000000f
I1906,406a259a00000010
C1907,406a259b00000001
CS1907,406a259b00000002
A1907,406a259b00000003
B1907,406a259b00000004
M1907,406a259b00000005
Y1907,406a259b00000006
P1907,406a259b00000007
JD1907,406a259b00000008
BB1907,406a259b00000009
FB1907,406a259b0000000a
L1907,406a259b0000000b
V1907,406a259b0000000c
PP1907,406a259b0000000d
J1907,406a259b0000000e
JM1907,406a259b0000000f
I1907,406a259b00000010
C1908,406a259c00000001
CS1908,406a259c00000002
A1908,406a259c00000003
B1908,406a259c00000004
M1908,406a259c00000005
Y1908,406a259c00000006
P1908,406a259c00000007
JD1908,406a259c00000008
BB1908,406a259c00000009
FB1908,406a259c0000000a
L1908,406a259c0000000b
V1908,406a259c0000000c
PP1908,406a259c0000000d
J1908,406a259c0000000e
JM1908,406a259c0000000f
I1908,406a259c00000010
C1909,406a259d00000001
CS1909,406a259d00000002
A1909,406a259d00000003
B1909,406a259d00000004
M1909,406a259d00000005
Y1909,406a259d00000006
P1909,406a259d00000007
JD1909,406a259d00000008
BB1909,406a259d00000009
FB1909,406a259d0000000a
L1909,406a259d0000000b
V1909,406a259d0000000c
PP1909,406a259d0000000d
J1909,406a259d0000000e
JM1909,406a259d0000000f
I1909,406a259d00000010
C1910,406a259e00000001
CS1910,406a259e00000002
A1910,406a259e00000003
B1910,406a259e00000004
M1910,406a259e00000005
Y1910,406a259e00000006
P1910,406a259e00000007
JD1910,406a259e00000008
BB1910,406a259e00000009
FB1910,406a259e0000000a
L1910,406a259e0000000b
V1910,406a259e0000000c
PP1910,406a259e0000000d
J1910,406a259e0000000e
JM1910,406a259e0000000f
I1910,406a259e00000010
C1911,406a259f00000001
CS1911,406a259f00000002
A1911,406a259f00000003
B1911,406a259f00000004
M1911,406a259f00000005
Y1911,406a259f00000006
P1911,406a259f00000007
JD1911,406a259f00000008
BB1911,406a259f00000009
FB1911,406a259f0000000a
L1911,406a259f0000000b
V1911,406a259f0000000c
PP1911,406a259f0000000d
J1911,406a259f0000000e
JM1911,406a259f0000000f
I1911,406a259f00000010
C1912,406a25a000000001
CS1912,406a25a000000002
A1912,406a25a000000003
B1912,406a25a000000004
M1912,406a25a000000005
Y1912,406a25a000000006
P1912,406a25a000000007
JD1912,406a25a000000008
BB1912,406a25a000000009
FB1912,406a25a00000000a
L1912,406a25a00000000b
V1912,406a25a00000000c
PP1912,406a25a00000000d
J1912,406a25a00000000e
JM1912,406a25a00000000f
I1912,406a25a000000010
C2001,406a25a100000001
CS2001,406a25a100000002
A2001,406a25a100000003
B2001,406a25a100000004
M2001,406a25a100000005
Y2001,406a25a100000006
P2001,406a25a100000007
JD2001,406a25a100000008
BB2001,406a25a100000009
FB2001,406a25a10000000a
L2001,406a25a10000000b
V2001,406a25a10000000c
PP2001,406a25a10000000d
J2001,406a25a10000000e
JM2001,406a25a10000000f
I2001,406a25a100000010
C2002,406a25a200000001
CS2002,406a25a200000002
A2002,406a25a200000003
B2002,406a25a200000004
M2002,406a25a200000005
Y2002,406a25a200000006
P2002,406a25a200000007
JD2002,406a25a200000008
BB2002,406a25a200000009
FB2002,406a25a20000000a
L2002,406a25a20000000b
V2002,406a25a20000000c
PP2002,406a25a20000000d
J2002,406a25a20000000e
JM2002,406a25a20000000f
I2002,406a25a200000010
C2003,406a25a300000001
CS2003,406a25a300000002
A2003,406a25a300000003
B2003,406a25a300000004
M2003,406a25a300000005
Y2003,406a25a300000006
P2003,406a25a300000007
JD2003,406a25a300000008
BB2003,406a25a300000009
FB2003,406a25a30000000a
L2003,406a25a30000000b
V2003,406a25a30000000c
PP2003,406a25a30000000d
J2003,406a25a30000000e
JM2003,406a25a30000000f
I2003,406a25a300000010
C2004,406a25a400000001
CS2004,406a25a400000002
A2004,406a25a400000003
B2004,406a25a400000004
M2004,406a25a400000005
Y2004,406a25a400000006
P2004,406a25a400000007
JD2004,406a25a400000008
BB2004,406a25a400000009
FB2004,406a25a40000000a
L2004,406a25a40000000b
V2004,406a25a40000000c
PP2004,406a25a40000000d
J2004,406a25a40000000e
JM2004,406a25a40000000f
I2004,406a25a400000010
C2005,406a25a500000001
CS2005,406a25a500000002
A2005,406a25a500000003
B2005,406a25a500000004
M2005,406a25a500000005
Y2005,406a25a500000006
P2005,406a25a500000007
JD2005,406a25a500000008
BB2005,406a25a500000009
FB2005,406a25a50000000a
L2005,406a25a50000000b
V2005,406a25a50000000c
PP2005,406a25a50000000d
J2005,406a25a50000000e
JM2005,406a25a50000000f
I2005,406a25a500000010
C2006,406a25a600000001
CS2006,406a25a600000002
A2006,406a25a600000003
B2006,406a25a600000004
M2006,406a25a600000005
Y2006,406a25a600000006
P2006,406a25a600000007
JD2006,406a25a600000008
BB2006,406a25a600000009
FB2006,406a25a60000000a
L2006,406a25a60000000b
V2006,406a25a60000000c
PP2006,406a25a60000000d
J2006,406a25a60000000e
JM2006,406a25a60000000f
I2006,406a25a600000010
C2007,406a25a700000001
CS2007,406a25a700000002
A2007,406a25a700000003
B2007,406a25a700000004
M2007,406a25a700000005
Y2007,406a25a700000006
P2007,406a25a700000007
JD2007,406a25a700000008
BB2007,406a25a700000009
FB2007,406a25a70000000a
L2007,406a25a70000000b
V2007,406a25a70000000c
PP2007,406a25a70000000d
J2007,406a25a70000000e
JM2007,406a25a70000000f
I2007,406a25a700000010
C2008,406a25a800000001
CS2008,406a25a800000002
A2008,406a25a800000003
B2008,406a25a800000004
M2008,406a25a800000005
Y2008,406a25a800000006
P2008,406a25a800000007
JD2008,406a25a800000008
BB2008,406a25a800000009
FB2008,406a25a80000000a
L2008,406a25a80000000b
V2008,406a25a80000000c
PP2008,406a25a80000000d
J2008,406a25a80000000e
JM2008,406a25a80000000f
I2008,406a25a800000010
C2009,406a25a900000001
CS2009,406a25a900000002
A2009,406a25a900000003
B2009,406a25a900000004
M2009,406a25a900000005
Y2009,406a25a900000006
P2009,406a25a900000007
JD2009,406a25a900000008
BB2009,406a25a900000009
FB2009,406a25a90000000a
L2009,406a25a90000000b
V2009,406a25a90000000c
PP2009,406a25a90000000d
J2009,406a25a90000000e
JM2009,406a25a90000000f
I2009,406a25a900000010
C2010,406a25aa00000001
CS2010,406a25aa00000002
A2010,406a25aa00000003
B2010,406a25aa00000004
M2010,406a25aa00000005
Y2010,406a25aa00000006
P2010,406a25aa00000007
JD2010,406a25aa00000008
BB2010,406a25aa00000009
FB2010,406a25aa0000000a
L2010,406a25aa0000000b
V2010,406a25aa0000000c
PP2010,406a25aa0000000d
J2010,406a25aa0000000e
JM2010,406a25aa0000000f
I2010,406a25aa00000010
C2011,406a25ab00000001
CS2011,406a25ab00000002
A2011,406a25ab00000003
B2011,406a25ab00000004
M2011,406a25ab00000005
Y2011,406a25ab00000006
P2011,406a25ab00000007
JD2011,406a25ab00000008
BB2011,406a25ab00000009
FB2011,406a25ab0000000a
L2011,406a25ab0000000b
V2011,406a25ab0000000c
PP2011,406a25ab0000000d
J2011,406a25ab0000000e
JM2011,406a25ab0000000f
I2011,406a25ab00000010
C2012,406a25ac00000001
CS2012,406a25ac00000002
A2012,406a25ac00000003
B2012,406a25ac00000004
M2012,406a25ac00000005
Y2012,406a25ac00000006
P2012,406a25ac00000007
JD2012,406a25ac00000008
BB2012,406a25ac00000009
FB2012,406a25ac0000000a
L2012,406a25ac0000000b
V2012,406a25ac0000000c
PP2012,406a25ac0000000d
J2012,406a25ac0000000e
JM2012,406a25ac0000000f
I2012,406a25ac00000010
C2101,406a25ad00000001
CS2101,406a25ad00000002
A2101,406a25ad00000003
B2101,406a25ad00000004
M2101,406a25ad00000005
Y2101,406a25ad00000006
P2101,406a25ad00000007
JD2101,406a25ad00000008
BB2101,406a25ad00000009
FB2101,406a25ad0000000a
L2101,406a25ad0000000b
V2101,406a25ad0000000c
PP2101,406a25ad0000000d
J2101,406a25ad0000000e
JM2101,406a25ad0000000f
I2101,406a25ad00000010
C2102,406a25ae00000001
CS2102,406a25ae00000002
A2102,406a25ae00000003
B2102,406a25ae00000004
M2102,406a25ae00000005
Y2102,406a25ae00000006
P2102,406a25ae00000007
JD2102,406a25ae00000008
BB2102,406a25ae00000009
FB2102,406a25ae0000000a
L2102,406a25ae0000000b
V2102,406a25ae0000000c
PP2102,406a25ae0000000d
J2102,406a25ae0000000e
JM2102,406a25ae0000000f
I2102,406a25ae00000010
C2103,406a25af00000001
CS2103,406a25af00000002
A2103,406a25af00000003
B2103,406a25af00000004
M2103,406a25af00000005
Y2103,406a25af00000006
P2103,406a25af00000007
JD2103,406a25af00000008
BB2103,406a25af00000009
FB2103,406a25af0000000a
L2103,406a25af0000000b
V2103,406a25af0000000c
PP2103,406a25af0000000d
J2103,406a25af0000000e
JM2103,406a25af0000000f
I2103,406a25af00000010
C2104,406a25b000000001
CS2104,406a25b000000002
A2104,406a25b000000003
B2104,406a25b000000004
M2104,406a25b000000005
Y2104,406a25b000000006
P2104,406a25b000000007
JD2104,406a25b000000008
BB2104,406a25b000000009
FB2104,406a25b00000000a
L2104,406a25b00000000b
V2104,406a25b00000000c
PP2104,406a25b00000000d
J2104,406a25b00000000e
JM2104,406a25b00000000f
I2104,406a25b000000010
C2105,406a25b100000001
CS2105,406a25b100000002
A2105,406a25b100000003
B2105,406a25b100000004
M2105,406a25b100000005
Y2105,406a25b100000006
P2105,406a25b100000007
JD2105,406a25b100000008
BB2105,406a25b100000009
FB2105,406a25b10000000a
L2105,406a25b10000000b
V2105,406a25b10000000c
PP2105,406a25b10000000d
J2105,406a25b10000000e
JM2105,406a25b10000000f
I2105,406a25b100000010
C2106,406a25b200000001
CS2106,406a25b200000002
A2106,406a25b200000003
B2106,406a25b200000004
M2106,406a25b200000005
Y2106,406a25b200000006
P2106,406a25b200000007
JD2106,406a25b200000008
BB2106,406a25b200000009
FB2106,406a25b20000000a
L2106,406a25b20000000b
V2106,406a25b20000000c
PP2106,406a25b20000000d
J2106,406a25b20000000e
JM2106,406a25b20000000f
I2106,406a25b200000010
C2107,406a25b300000001
CS2107,406a25b300000002
A2107,406a25b300000003
B2107,406a25b300000004
M2107,406a25b300000005
Y2107,406a25b300000006
P2107,406a25b300000007
JD2107,406a25b300000008
BB2107,406a25b300000009
FB2107,406a25b30000000a
L2107,406a25b30000000b
V2107,406a25b30000000c
PP2107,406a25b30000000d
J2107,406a25b30000000e
JM2107,406a25b30000000f
I2107,406a25b300000010
C2108,406a25b400000001
CS2108,406a25b400000002
A2108,406a25b400000003
B2108,406a25b400000004
M2108,406a25b400000005
Y2108,406a25b400000006
P2108,406a25b400000007
JD2108,406a25b400000008
BB2108,406a25b400000009
FB2108,406a25b40000000a
L2108,406a25b40000000b
V2108,406a25b40000000c
PP2108,406a25b40000000d
J2108,406a25b40000000e
JM2108,406a25b40000000f
I2108,406a25b400000010
C2109,406a25b500000001
CS2109,406a25b500000002
A2109,406a25b500000003
B2109,406a25b500000004
M2109,406a25b500000005
Y2109,406a25b500000006
P2109,406a25b500000007
JD2109,406a25b500000008
BB2109,406a25b500000009
FB2109,406a25b50000000a
L2109,406a25b50000000b
V2109,406a25b50000000c
PP2109,406a25b50000000d
J2109,406a25b50000000e
JM2109,406a25b50000000f
I2109,406a25b500000010
C2110,406a25b600000001
CS2110,406a25b600000002
A2110,406a25b600000003
B2110,406a25b600000004
M2110,406a25b600000005
Y2110,406a25b600000006
P2110,406a25b600000007
JD2110,406a25b600000008
BB2110,406a25b600000009
FB2110,406a25b60000000a
L2110,406a25b60000000b
V2110,406a25b60000000c
PP2110,406a25b60000000d
J2110,406a25b60000000e
JM2110,406a25b60000000f
I2110,406a25b600000010
C2111,406a25b700000001
CS2111,406a25b700000002
A2111,406a25b700000003
B2111,406a25b700000004
M2111,406a25b700000005
Y2111,406a25b700000006
P2111,406a25b700000007
JD2111,406a25b700000008
BB2111,406a25b700000009
FB2111,406a25b70000000a
L2111,406a25b70000000b
V2111,406a25b70000000c
PP2111,406a25b70000000d
J2111,406a25b70000000e
JM2111,406a25b70000000f
I2111,406a25b700000010
C2112,406a25b800000001
CS2112,406a25b800000002
A2112,406a25b800000003
B2112,406a25b800000004
M2112,406a25b800000005
Y2112,406a25b800000006
P2112,406a25b800000007
JD2112,406a25b800000008
BB2112,406a25b800000009
FB2112,406a25b80000000a
L2112,406a25b80000000b
V2112,406a25b80000000c
PP2112,406a25b80000000d
J2112,406a25b80000000e
JM2112,406a25b80000000f
I2112,406a25b800000010
C2201,406a25b900000001
CS2201,406a25b900000002
A2201,406a25b900000003
B2201,406a25b900000004
M2201,406a25b900000005
Y2201,406a25b900000006
P2201,406a25b900000007
JD2201,406a25b900000008
BB2201,406a25b900000009
FB2201,406a25b90000000a
L2201,406a25b90000000b
V2201,406a25b90000000c
PP2201,406a25b90000000d
J2201,406a25b90000000e
JM2201,406a25b90000000f
I2201,406a25b900000010
C2202,406a25ba00000001
CS2202,406a25ba00000002
A2202,406a25ba00000003
B2202,406a25ba00000004
M2202,406a25ba00000005
Y2202,406a25ba00000006
P2202,406a25ba00000007
JD2202,406a25ba00000008
BB2202,406a25ba00000009
FB2202,406a25ba0000000a
L2202,406a25ba0000000b
V2202,406a25ba0000000c
PP2202,406a25ba0000000d
J2202,406a25ba0000000e
JM2202,406a25ba0000000f
I2202,406a25ba00000010
C2203,406a25bb00000001
CS2203,406a25bb00000002
A2203,406a25bb00000003
B2203,406a25bb00000004
M2203,406a25bb00000005
Y2203,406a25bb00000006
P2203,406a25bb00000007
JD2203,406a25bb00000008
BB2203,406a25bb00000009
FB2203,406a25bb0000000a
L2203,406a25bb0000000b
V2203,406a25bb0000000c
PP2203,406a25bb0000000d
J2203,406a25bb0000000e
JM2203,406a25bb0000000f
I2203,406a25bb00000010
C2204,406a25bc00000001
CS2204,406a25bc00000002
A2204,406a25bc00000003
B2204,406a25bc00000004
M2204,406a25bc00000005
Y2204,406a25bc00000006
P2204,406a25bc00000007
JD2204,406a25bc00000008
BB2204,406a25bc00000009
FB2204,406a25bc0000000a
L2204,406a25bc0000000b
V2204,406a25bc0000000c
PP2204,406a25bc0000000d
J2204,406a25bc0000000e
JM2204,406a25bc0000000f
I2204,406a25bc00000010
C2205,406a25bd00000001
CS2205,406a25bd00000002
A2205,406a25bd00000003
B2205,406a25bd00000004
M2205,406a25bd00000005
Y2205,406a25bd00000006
P2205,406a25bd00000007
JD2205,406a25bd00000008
BB2205,406a25bd00000009
FB2205,406a25bd0000000a
L2205,406a25bd0000000b
V2205,406a25bd0000000c
PP2205,406a25bd0000000d
J2205,406a25bd0000000e
JM2205,406a25bd0000000f
I2205,406a25bd00000010
C2206,406a25be00000001
CS2206,406a25be00000002
A2206,406a25be00000003
B2206,406a25be00000004
M2206,406a25be00000005
Y2206,406a25be00000006
P2206,406a25be00000007
JD2206,406a25be00000008
BB2206,406a25be00000009
FB2206,406a25be0000000a
L2206,406a25be0000000b
V2206,406a25be0000000c
PP2206,406a25be0000000d
J2206,406a25be0000000e
JM2206,406a25be0000000f
I2206,406a25be00000010
C2207,406a25bf00000001
CS2207,406a25bf00000002
A2207,406a25bf00000003
B2207,406a25bf00000004
M2207,406a25bf00000005
Y2207,406a25bf00000006
P2207,406a25bf00000007
JD2207,406a25bf00000008
BB2207,406a25bf00000009
FB2207,406a25bf0000000a
L2207,406a25bf0000000b
V2207,406a25bf0000000c
PP2207,406a25bf0000000d
J2207,406a25bf0000000e
JM2207,406a25bf0000000f
I2207,406a25bf00000010
C2208,406a25c000000001
CS2208,406a25c000000002
A2208,406a25c000000003
B2208,406a25c000000004
M2208,406a25c000000005
Y2208,406a25c000000006
P2208,406a25c000000007
JD2208,406a25c000000008
BB2208,406a25c000000009
FB2208,406a25c00000000a
L2208,406a25c00000000b
V2208,406a25c00000000c
PP2208,406a25c00000000d
J2208,406a25c00000000e
JM2208,406a25c00000000f
I2208,406a25c000000010
C2209,406a25c100000001
CS2209,406a25c100000002
A2209,406a25c100000003
B2209,406a25c100000004
M2209,406a25c100000005
Y2209,406a25c100000006
P2209,406a25c100000007
JD2209,406a25c100000008
BB2209,406a25c100000009
FB2209,406a25c10000000a
L2209,406a25c10000000b
V2209,406a25c10000000c
PP2209,406a25c10000000d
J2209,406a25c10000000e
JM2209,406a25c10000000f
I2209,406a25c100000010
C2210,406a25c200000001
CS2210,406a25c200000002
A2210,406a25c200000003
B2210,406a25c200000004
M2210,406a25c200000005
Y2210,406a25c200000006
P2210,406a25c200000007
JD2210,406a25c200000008
BB2210,406a25c200000009
FB2210,406a25c20000000a
L2210,406a25c20000000b
V2210,406a25c20000000c
PP2210,406a25c20000000d
J2210,406a25c20000000e
JM2210,406a25c20000000f
I2210,406a25c200000010
C2211,406a25c300000001
CS2211,406a25c300000002
A2211,406a25c300000003
B2211,406a25c300000004
M2211,406a25c300000005
Y2211,406a25c300000006
P2211,406a25c300000007
JD2211,406a25c300000008
BB2211,406a25c300000009
FB2211,406a25c30000000a
L2211,406a25c30000000b
V2211,406a25c30000000c
PP2211,406a25c30000000d
J2211,406a25c30000000e
JM2211,406a25c30000000f
I2211,406a25c300000010
C2212,406a25c400000001
CS2212,406a25c400000002
A2212,406a25c400000003
B2212,406a25c400000004
M2212,406a25c400000005
Y2212,406a25c400000006
P2212,406a25c400000007
JD2212,406a25c400000008
BB2212,406a25c400000009
FB2212,406a25c40000000a
L2212,406a25c40000000b
V2212,406a25c40000000c
PP2212,406a25c40000000d
J2212,406a25c40000000e
JM2212,406a25c40000000f
I2212,406a25c400000010
C2301,406a25c500000001
CS2301,406a25c500000002
A2301,406a25c500000003
B2301,406a25c500000004
M2301,406a25c500000005
Y2301,406a25c500000006
P2301,406a25c500000007
JD2301,406a25c500000008
BB2301,406a25c500000009
FB2301,406a25c50000000a
L2301,406a25c50000000b
V2301,406a25c50000000c
PP2301,406a25c50000000d
J2301,406a25c50000000e
JM2301,406a25c50000000f
I2301,406a25c500000010
C2302,406a25c600000001
CS2302,406a25c600000002
A2302,406a25c600000003
B2302,406a25c600000004
M2302,406a25c600000005
Y2302,406a25c600000006
P2302,406a25c600000007
JD2302,406a25c600000008
BB2302,406a25c600000009
FB2302,406a25c60000000a
L2302,406a25c60000000b
V2302,406a25c60000000c
PP2302,406a25c60000000d
J2302,406a25c60000000e
JM2302,406a25c60000000f
I2302,406a25c600000010
C2303,406a25c700000001
CS2303,406a25c700000002
A2303,406a25c700000003
B2303,406a25c700000004
M2303,406a25c700000005
Y2303,406a25c700000006
P2303,406a25c700000007
JD2303,406a25c700000008
BB2303,406a25c700000009
FB2303,406a25c70000000a
L2303,406a25c70000000b
V2303,406a25c70000000c
PP2303,406a25c70000000d
J2303,406a25c70000000e
JM2303,406a25c70000000f
I2303,406a25c700000010
C2304,406a25c800000001
CS2304,406a25c800000002
A2304,406a25c800000003
B2304,406a25c800000004
M2304,406a25c800000005
Y2304,406a25c800000006
P2304,406a25c800000007
JD2304,406a25c800000008
BB2304,406a25c800000009
FB2304,406a25c80000000a
L2304,406a25c80000000b
V2304,406a25c80000000c
PP2304,406a25c80000000d
J2304,406a25c80000000e
JM2304,406a25c80000000f
I2304,406a25c800000010
C2305,406a25c900000001
CS2305,406a25c900000002
A2305,406a25c900000003
B2305,406a25c900000004
M2305,406a25c900000005
Y2305,406a25c900000006
P2305,406a25c900000007
JD2305,406a25c900000008
BB2305,406a25c900000009
FB2305,406a25c90000000a
L2305,406a25c90000000b
V2305,406a25c90000000c
PP2305,406a25c90000000d
J2305,406a25c90000000e
JM2305,406a25c90000000f
I2305,406a25c900000010
C2306,406a25ca00000001
CS2306,406a25ca00000002
A2306,406a25ca00000003
B2306,406a25ca00000004
M2306,406a25ca00000005
Y2306,406a25ca00000006
P2306,406a25ca00000007
JD2306,406a25ca00000008
BB2306,406a25ca00000009
FB2306,406a25ca0000000a
L2306,406a25ca0000000b
V2306,406a25ca0000000c
PP2306,406a25ca0000000d
J2306,406a25ca0000000e
JM2306,406a25ca0000000f
I2306,406a25ca00000010
C2307,406a25cb00000001
CS2307,406a25cb00000002
A2307,406a25cb00000003
B2307,406a25cb00000004
M2307,406a25cb00000005
Y2307,406a25cb00000006
P2307,406a25cb00000007
JD2307,406a25cb00000008
BB2307,406a25cb00000009
FB2307,406a25cb0000000a
L2307,406a25cb0000000b
V2307,406a25cb0000000c
PP2307,406a25cb0000000d
J2307,406a25cb0000000e
JM2307,406a25cb0000000f
I2307,406a25cb00000010
C2308,406a25cc00000001
CS2308,406a25cc00000002
A2308,406a25cc00000003
B2308,406a25cc00000004
M2308,406a25cc00000005
Y2308,406a25cc00000006
P2308,406a25cc00000007
JD2308,406a25cc00000008
BB2308,406a25cc00000009
FB2308,406a25cc0000000a
L2308,406a25cc0000000b
V2308,406a25cc0000000c
PP2308,406a25cc0000000d
J2308,406a25cc0000000e
JM2308,406a25cc0000000f
I2308,406a25cc00000010
C2309,406a25cd00000001
CS2309,406a25cd00000002
A2309,406a25cd00000003
B2309,406a25cd00000004
M2309,406a25cd00000005
Y2309,406a25cd00000006
P2309,406a25cd00000007
JD2309,406a25cd00000008
BB2309,406a25cd00000009
FB2309,406a25cd0000000a
L2309,406a25cd0000000b
V2309,406a25cd0000000c
PP2309,406a25cd0000000d
J2309,406a25cd0000000e
JM2309,406a25cd0000000f
I2309,406a25cd00000010
C2310,406a25ce00000001
CS2310,406a25ce00000002
A2310,406a25ce00000003
B2310,406a25ce00000004
M2310,406a25ce00000005
Y2310,406a25ce00000006
P2310,406a25ce00000007
JD2310,406a25ce00000008
BB2310,406a25ce00000009
FB2310,406a25ce0000000a
L2310,406a25ce0000000b
V2310,406a25ce0000000c
PP2310,406a25ce0000000d
J2310,406a25ce0000000e
JM2310,406a25ce0000000f
I2310,406a25ce00000010
C2311,406a25cf00000001
CS2311,406a25cf00000002
A2311,406a25cf00000003
B2311,406a25cf00000004
M2311,406a25cf00000005
Y2311,406a25cf00000006
P2311,406a25cf00000007
JD2311,406a25cf00000008
BB2311,406a25cf00000009
FB2311,406a25cf0000000a
L2311,406a25cf0000000b
V2311,406a25cf0000000c
PP2311,406a25cf0000000d
J2311,406a25cf0000000e
JM2311,406a25cf0000000f
I2311,406a25cf00000010
C2312,406a25d000000001
CS2312,406a25d000000002
A2312,406a25d000000003
B2312,406a25d000000004
M2312,406a25d000000005
Y2312,406a25d000000006
P2312,406a25d000000007
JD2312,406a25d000000008
BB2312,406a25d000000009
FB2312,406a25d00000000a
L2312,406a25d00000000b
V2312,406a25d00000000c
PP2312,406a25d00000000d
J2312,406a25d00000000e
JM2312,406a25d00000000f
I2312,406a25d000000010
C2401,406a25d100000001
CS2401,406a25d100000002
A2401,406a25d100000003
B2401,406a25d100000004
M2401,406a25d100000005
Y2401,406a25d100000006
P2401,406a25d100000007
JD2401,406a25d100000008
BB2401,406a25d100000009
FB2401,406a25d10000000a
L2401,406a25d10000000b
V2401,406a25d10000000c
PP2401,406a25d10000000d
J2401,406a25d10000000e
JM2401,406a25d10000000f
I2401,406a25d100000010
C2402,406a25d200000001
CS2402,406a25d200000002
A2402,406a25d200000003
B2402,406a25d200000004
M2402,406a25d200000005
Y2402,406a25d200000006
P2402,406a25d200000007
JD2402,406a25d200000008
BB2402,406a25d200000009
FB2402,406a25d20000000a
L2402,406a25d20000000b
V2402,406a25d20000000c
PP2402,406a25d20000000d
J2402,406a25d20000000e
JM2402,406a25d20000000f
I2402,406a25d200000010
C2403,406a25d300000001
CS2403,406a25d300000002
A2403,406a25d300000003
B2403,406a25d300000004
M2403,406a25d300000005
Y2403,406a25d300000006
P2403,406a25d300000007
JD2403,406a25d300000008
BB2403,406a25d300000009
FB2403,406a25d30000000a
L2403,406a25d30000000b
V2403,406a25d30000000c
PP2403,406a25d30000000d
J2403,406a25d30000000e
JM2403,406a25d30000000f
I2403,406a25d300000010
C2404,406a25d400000001
CS2404,406a25d400000002
A2404,406a25d400000003
B2404,406a25d400000004
M2404,406a25d400000005
Y2404,406a25d400000006
P2404,406a25d400000007
JD2404,406a25d400000008
BB2404,406a25d400000009
FB2404,406a25d40000000a
L2404,406a25d40000000b
V2404,406a25d40000000c
PP2404,406a25d40000000d
J2404,406a25d40000000e
JM2404,406a25d40000000f
I2404,406a25d400000010
C2405,406a25d500000001
CS2405,406a25d500000002
A2405,406a25d500000003
B2405,406a25d500000004
M2405,406a25d500000005
Y2405,406a25d500000006
P2405,406a25d500000007
JD2405,406a25d500000008
BB2405,406a25d500000009
FB2405,406a25d50000000a
L2405,406a25d50000000b
V2405,406a25d50000000c
PP2405,406a25d50000000d
J2405,406a25d50000000e
JM2405,406a25d50000000f
I2405,406a25d500000010
C2406,406a25d600000001
CS2406,406a25d600000002
A2406,406a25d600000003
B2406,406a25d600000004
M2406,406a25d600000005
Y2406,406a25d600000006
P2406,406a25d600000007
JD2406,406a25d600000008
BB2406,406a25d600000009
FB2406,406a25d60000000a
L2406,406a25d60000000b
V2406,406a25d60000000c
PP2406,406a25d60000000d
J2406,406a25d60000000e
JM2406,406a25d60000000f
I2406,406a25d600000010
C2407,406a25d700000001
CS2407,406a25d700000002
A2407,406a25d700000003
B2407,406a25d700000004
M2407,406a25d700000005
Y2407,406a25d700000006
P2407,406a25d700000007
JD2407,406a25d700000008
BB2407,406a25d700000009
FB2407,406a25d70000000a
L2407,406a25d70000000b
V2407,406a25d70000000c
PP2407,406a25d70000000d
J2407,406a25d70000000e
JM2407,406a25d70000000f
I2407,406a25d700000010
C2408,406a25d800000001
CS2408,406a25d800000002
A2408,406a25d800000003
B2408,406a25d800000004
M2408,406a25d800000005
Y2408,406a25d800000006
P2408,406a25d800000007
JD2408,406a25d800000008
BB2408,406a25d800000009
FB2408,406a25d80000000a
L2408,406a25d80000000b
V2408,406a25d80000000c
PP2408,406a25d80000000d
J2408,406a25d80000000e
JM2408,406a25d80000000f
I2408,406a25d800000010
C2409,406a25d900000001
CS2409,406a25d900000002
A2409,406a25d900000003
B2409,406a25d900000004
M2409,406a25d900000005
Y2409,406a25d900000006
P2409,406a25d900000007
JD2409,406a25d900000008
BB2409,406a25d900000009
FB2409,406a25d90000000a
L2409,406a25d90000000b
V2409,406a25d90000000c
PP2409,406a25d90000000d
J2409,406a25d90000000e
JM2409,406a25d90000000f
I2409,406a25d900000010
C2410,406a25da00000001
CS2410,406a25da00000002
A2410,406a25da00000003
B2410,406a25da00000004
M2410,406a25da00000005
Y2410,406a25da00000006
P2410,406a25da00000007
JD2410,406a25da00000008
BB2410,406a25da00000009
FB2410,406a25da0000000a
L2410,406a25da0000000b
V2410,406a25da0000000c
PP2410,406a25da0000000d
J2410,406a25da0000000e
JM2410,406a25da0000000f
I2410,406a25da00000010
C2411,406a25db00000001
CS2411,406a25db00000002
A2411,406a25db00000003
B2411,406a25db00000004
M2411,406a25db00000005
Y2411,406a25db00000006
P2411,406a25db00000007
JD2411,406a25db00000008
BB2411,406a25db00000009
FB2411,406a25db0000000a
L2411,406a25db0000000b
V2411,406a25db0000000c
PP2411,406a25db0000000d
J2411,406a25db0000000e
JM2411,406a25db0000000f
I2411,406a25db00000010
C2412,406a25dc00000001
CS2412,406a25dc00000002
A2412,406a25dc00000003
B2412,406a25dc00000004
M2412,406a25dc00000005
Y2412,406a25dc00000006
P2412,406a25dc00000007
JD2412,406a25dc00000008
BB2412,406a25dc00000009
FB2412,406a25dc0000000a
L2412,406a25dc0000000b
V2412,406a25dc0000000c
PP2412,406a25dc0000000d
J2412,406a25dc0000000e
JM2412,406a25dc0000000f
I2412,406a25dc00000010
C2501,406a25dd00000001
CS2501,406a25dd00000002
A2501,406a25dd00000003
B2501,406a25dd00000004
M2501,406a25dd00000005
Y2501,406a25dd00000006
P2501,406a25dd00000007
JD2501,406a25dd00000008
BB2501,406a25dd00000009
FB2501,406a25dd0000000a
L2501,406a25dd0000000b
V2501,406a25dd0000000c
PP2501,406a25dd0000000d
J2501,406a25dd0000000e
JM2501,406a25dd0000000f
I2501,406a25dd00000010
C2502,406a25de00000001
CS2502,406a25de00000002
A2502,406a25de00000003
B2502,406a25de00000004
M2502,406a25de00000005
Y2502,406a25de00000006
P2502,406a25de00000007
JD2502,406a25de00000008
BB2502,406a25de00000009
FB2502,406a25de0000000a
L2502,406a25de0000000b
V2502,406a25de0000000c
PP2502,406a25de0000000d
J2502,406a25de0000000e
JM2502,406a25de0000000f
I2502,406a25de00000010
C2503,406a25df00000001
CS2503,406a25df00000002
A2503,406a25df00000003
B2503,406a25df00000004
M2503,406a25df00000005
Y2503,406a25df00000006
P2503,406a25df00000007
JD2503,406a25df00000008
BB2503,406a25df00000009
FB2503,406a25df0000000a
L2503,406a25df0000000b
V2503,406a25df0000000c
PP2503,406a25df0000000d
J2503,406a25df0000000e
JM2503,406a25df0000000f
I2503,406a25df00000010
C2504,406a25e000000001
CS2504,406a25e000000002
A2504,406a25e000000003
B2504,406a25e000000004
M2504,406a25e000000005
Y2504,406a25e000000006
P2504,406a25e000000007
JD2504,406a25e000000008
BB2504,406a25e000000009
FB2504,406a25e00000000a
L2504,406a25e00000000b
V2504,406a25e00000000c
PP2504,406a25e00000000d
J2504,406a25e00000000e
JM2504,406a25e00000000f
I2504,406a25e000000010
C2505,406a25e100000001
CS2505,406a25e100000002
A2505,406a25e100000003
B2505,406a25e100000004
M2505,406a25e100000005
Y2505,406a25e100000006
P2505,406a25e100000007
JD2505,406a25e100000008
BB2505,406a25e100000009
FB2505,406a25e10000000a
L2505,406a25e10000000b
V2505,406a25e10000000c
PP2505,406a25e10000000d
J2505,406a25e10000000e
JM2505,406a25e10000000f
I2505,406a25e100000010
C2506,406a25e200000001
CS2506,406a25e200000002
A2506,406a25e200000003
B2506,406a25e200000004
M2506,406a25e200000005
Y2506,406a25e200000006
P2506,406a25e200000007
JD2506,406a25e200000008
BB2506,406a25e200000009
FB2506,406a25e20000000a
L2506,406a25e20000000b
V2506,406a25e20000000c
PP2506,406a25e20000000d
J2506,406a25e20000000e
JM2506,406a25e20000000f
I2506,406a25e200000010
C2507,406a25e300000001
CS2507,406a25e300000002
A2507,406a25e300000003
B2507,406a25e300000004
M2507,406a25e300000005
Y2507,406a25e300000006
P2507,406a25e300000007
JD2507,406a25e300000008
BB2507,406a25e300000009
FB2507,406a25e30000000a
L2507,406a25e30000000b
V2507,406a25e30000000c
PP2507,406a25e30000000d
J2507,406a25e30000000e
JM2507,406a25e30000000f
I2507,406a25e300000010
C2508,406a25e400000001
CS2508,406a25e400000002
A2508,406a25e400000003
B2508,406a25e400000004
M2508,406a25e400000005
Y2508,406a25e400000006
P2508,406a25e400000007
JD2508,406a25e400000008
BB2508,406a25e400000009
FB2508,406a25e40000000a
L2508,406a25e40000000b
V2508,406a25e40000000c
PP2508,406a25e40000000d
J2508,406a25e40000000e
JM2508,406a25e40000000f
I2508,406a25e400000010
C2509,406a25e500000001
CS2509,406a25e500000002
A2509,406a25e500000003
B2509,406a25e500000004
M2509,406a25e500000005
Y2509,406a25e500000006
P2509,406a25e500000007
JD2509,406a25e500000008
BB2509,406a25e500000009
FB2509,406a25e50000000a
L2509,406a25e50000000b
V2509,406a25e50000000c
PP2509,406a25e50000000d
J2509,406a25e50000000e
JM2509,406a25e50000000f
I2509,406a25e500000010
C2510,406a25e600000001
CS2510,406a25e600000002
A2510,406a25e600000003
B2510,406a25e600000004
M2510,406a25e600000005
Y2510,406a25e600000006
P2510,406a25e600000007
JD2510,406a25e600000008
BB2510,406a25e600000009
FB2510,406a25e60000000a
L2510,406a25e60000000b
V2510,406a25e60000000c
PP2510,406a25e60000000d
J2510,406a25e60000000e
JM2510,406a25e60000000f
I2510,406a25e600000010
C2511,406a25e700000001
CS2511,406a25e700000002
A2511,406a25e700000003
B2511,406a25e700000004
M2511,406a25e700000005
Y2511,406a25e700000006
P2511,406a25e700000007
JD2511,406a25e700000008
BB2511,406a25e700000009
FB2511,406a25e70000000a
L2511,406a25e70000000b
V2511,406a25e70000000c
PP2511,406a25e70000000d
J2511,406a25e70000000e
JM2511,406a25e70000000f
I2511,406a25e700000010
C2512,406a25e800000001
CS2512,406a25e800000002
A2512,406a25e800000003
B2512,406a25e800000004
M2512,406a25e800000005
Y2512,406a25e800000006
P2512,406a25e800000007
JD2512,406a25e800000008
BB2512,406a25e800000009
FB2512,406a25e80000000a
L2512,406a25e80000000b
V2512,406a25e80000000c
PP2512,406a25e80000000d
J2512,406a25e80000000e
JM2512,406a25e80000000f
I2512,406a25e800000010
C2601,406a25e900000001
CS2601,406a25e900000002
A2601,406a25e900000003
B2601,406a25e900000004
M2601,406a25e900000005
Y2601,406a25e900000006
P2601,406a25e900000007
JD2601,406a25e900000008
BB2601,406a25e900000009
FB2601,406a25e90000000a
L2601,406a25e90000000b
V2601,406a25e90000000c
PP2601,406a25e90000000d
J2601,406a25e90000000e
JM2601,406a25e90000000f
I2601,406a25e900000010
C2602,406a25ea00000001
CS2602,406a25ea00000002
A2602,406a25ea00000003
B2602,406a25ea00000004
M2602,406a25ea00000005
Y2602,406a25ea00000006
P2602,406a25ea00000007
JD2602,406a25ea00000008
BB2602,406a25ea00000009
FB2602,406a25ea0000000a
L2602,406a25ea0000000b
V2602,406a25ea0000000c
PP2602,406a25ea0000000d
J2602,406a25ea0000000e
JM2602,406a25ea0000000f
I2602,406a25ea00000010
C2603,406a25eb00000001
CS2603,406a25eb00000002
A2603,406a25eb00000003
B2603,406a25eb00000004
M2603,406a25eb00000005
Y2603,406a25eb00000006
P2603,406a25eb00000007
JD2603,406a25eb00000008
BB2603,406a25eb00000009
FB2603,406a25eb0000000a
L2603,406a25eb0000000b
V2603,406a25eb0000000c
PP2603,406a25eb0000000d
J2603,406a25eb0000000e
JM2603,406a25eb0000000f
I2603,406a25eb00000010
C2604,406a25ec00000001
CS2604,406a25ec00000002
A2604,406a25ec00000003
B2604,406a25ec00000004
M2604,406a25ec00000005
Y2604,406a25ec00000006
P2604,406a25ec00000007
JD2604,406a25ec00000008
BB2604,406a25ec00000009
FB2604,406a25ec0000000a
L2604,406a25ec0000000b
V2604,406a25ec0000000c
PP2604,406a25ec0000000d
J2604,406a25ec0000000e
JM2604,406a25ec0000000f
I2604,406a25ec00000010
C2605,406a25ed00000001
CS2605,406a25ed00000002
A2605,406a25ed00000003
B2605,406a25ed00000004
M2605,406a25ed00000005
Y2605,406a25ed00000006
P2605,406a25ed00000007
JD2605,406a25ed00000008
BB2605,406a25ed00000009
FB2605,406a25ed0000000a
L2605,406a25ed0000000b
V2605,406a25ed0000000c
PP2605,406a25ed0000000d
J2605,406a25ed0000000e
JM2605,406a25ed0000000f
I2605,406a25ed00000010
C2606,406a25ee00000001
CS2606,406a25ee00000002
A2606,406a25ee00000003
B2606,406a25ee00000004
M2606,406a25ee00000005
Y2606,406a25ee00000006
P2606,406a25ee00000007
JD2606,406a25ee00000008
BB2606,406a25ee00000009
FB2606,406a25ee0000000a
L2606,406a25ee0000000b
V2606,406a25ee0000000c
PP2606,406a25ee0000000d
J2606,406a25ee0000000e
JM2606,406a25ee0000000f
I2606,406a25ee00000010
C2607,406a25ef00000001
CS2607,406a25ef00000002
A2607,406a25ef00000003
B2607,406a25ef00000004
M2607,406a25ef00000005
Y2607,406a25ef00000006
P2607,406a25ef00000007
JD2607,406a25ef00000008
BB2607,406a25ef00000009
FB2607,406a25ef0000000a
L2607,406a25ef0000000b
V2607,406a25ef0000000c
PP2607,406a25ef0000000d
J2607,406a25ef0000000e
JM2607,406a25ef0000000f
I2607,406a25ef00000010
