130063,11地债04,2011/8/15,220,2011/8/9,2016/8/9,4.12,4022557800000001
130065,11地债06,2011/9/5,240,2011/8/30,2016/8/30,4.3,4022557800000002
130067,11地债08,2011/10/31,179,2011/10/25,2016/10/25,3.7,4022557a00000003
130069,11上海02,2011/11/22,35,2011/11/16,2016/11/16,3.3,4022557b00000004
130071,11广东02,2011/11/25,34.5,2011/11/21,2016/11/21,3.29,4022557b00000005
130073,11浙江02,2011/11/28,34,2011/11/22,2016/11/22,3.24,4022557b00000006
130075,11深圳02,2011/12/2,11,2011/11/28,2016/11/28,3.25,4022557b00000007
130077,12地债02,2012/7/6,210,2012/7/2,2017/7/2,3.07,4022558300000008
130079,12地债04,2012/7/23,239,2012/7/17,2017/7/17,3.02,4022558300000009
130081,12地债06,2012/8/6,233,2012/7/31,2017/7/31,3.13,402255830000000a
130083,12地债08,2012/8/24,221,2012/8/20,2017/8/20,3.38,402255840000000b
130084,12上海01,2012/8/30,44.5,2012/8/24,2017/8/24,3.25,402255840000000c
130085,12上海02,2012/8/30,44.5,2012/8/24,2019/8/24,3.39,4022559c0000000d
130086,12广东01,2012/9/13,43,2012/9/7,2017/9/7,3.21,402255850000000e
130087,12广东02,2012/9/13,43,2012/9/7,2019/9/7,3.4,4022559d0000000f
130089,12地债10,2012/9/21,210,2012/9/17,2017/9/17,3.58,4022558500000010
130090,12浙江01,2012/9/28,43.5,2012/9/24,2017/9/24,3.3,4022558500000011
130091,12浙江02,2012/9/28,43.5,2012/9/24,2019/9/24,3.47,4022559d00000012
130092,12深圳01,2012/10/19,13.5,2012/10/15,2017/10/15,3.22,4022558600000013
130093,12深圳02,2012/10/19,13.5,2012/10/15,2019/10/15,3.43,4022559e00000014
130095,13地债02,2013/6/21,212,2013/6/17,2018/6/17,3.66,4022558e00000015
130097,13地债04,2013/7/19,243,2013/7/15,2018/7/15,3.82,4022558f00000016
130099,13地债06,2013/8/9,238,2013/8/5,2018/8/5,3.87,4022559000000017
130100,13地债07,2013/8/26,253,2013/8/20,2016/8/20,4.29,4022557800000018
130101,13地债08,2013/8/26,255,2013/8/20,2018/8/20,4.43,4022559000000019
130102,13山东01,2013/8/30,56,2013/8/26,2018/8/26,3.94,402255900000001a
130103,13山东02,2013/8/30,56,2013/8/26,2020/8/26,4,402255a80000001b
130104,13地债09,2013/9/9,260,2013/9/3,2016/9/3,4.34,402255790000001c
130105,13上海01,2013/9/13,56,2013/9/9,2018/9/9,3.94,402255910000001d
130106,13上海02,2013/9/13,56,2013/9/9,2020/9/9,4.01,402255a90000001e
130107,13地债10,2013/9/16,262,2013/9/10,2018/9/10,4.45,402255910000001f
130108,13广东01,2013/9/25,60.5,2013/9/17,2018/9/17,4,4022559100000020
130109,13广东02,2013/9/25,60.5,2013/9/17,2020/9/17,4.1,402255a900000021
130110,13江苏01,2013/10/16,76.5,2013/10/11,2018/10/11,3.88,4022559200000022
130111,13江苏02,2013/10/16,76.5,2013/10/11,2020/10/11,4,402255aa00000023
130112,13地债11,2013/10/21,216,2013/10/15,2016/10/15,4.25,4022557a00000024
130113,13地债12,2013/10/28,221,2013/10/22,2018/10/22,4.33,4022559200000025
130114,13浙江01,2013/11/5,59,2013/10/28,2018/10/28,3.96,4022559200000026
130115,13浙江02,2013/11/5,59,2013/10/28,2020/10/28,4.17,402255aa00000027
130116,13深圳01,2013/11/15,18,2013/11/11,2018/11/11,4.11,4022559300000028
130117,13深圳02,2013/11/15,18,2013/11/11,2020/11/11,4.18,402255ab00000029
130118,14地债01,2014/6/20,258,2014/6/16,2017/6/16,4,402255820000002a
130119,14地债02,2014/6/20,258,2014/6/16,2019/6/16,3.99,4022559a0000002b
130120,14广东01,2014/6/30,59.2,2014/6/24,2019/6/24,3.84,4022559a0000002c
130121,14广东02,2014/6/30,44.4,2014/6/24,2021/6/24,3.97,402255b20000002d
130122,14广东03,2014/6/30,44.4,2014/6/24,2024/6/24,4.05,402255d60000002e
130123,14地债03,2014/6/27,183,2014/6/23,2021/6/23,4.1,402255b20000002f
130124,14地债04,2014/7/4,260,2014/6/30,2017/6/30,4.01,4022558200000030
130125,14地债05,2014/7/4,261,2014/6/30,2019/6/30,4.12,4022559a00000031
130126,14山东01,2014/7/18,54.8,2014/7/14,2019/7/14,3.75,4022559b00000032
130127,14山东02,2014/7/18,41.1,2014/7/14,2021/7/14,3.88,402255b300000033
130128,14山东03,2014/7/18,41.1,2014/7/14,2024/7/14,3.93,402255d700000034
130129,14地债06,2014/7/21,234,2014/7/15,2017/7/15,4.15,4022558300000035
130130,14地债07,2014/7/21,234,2014/7/15,2019/7/15,4.28,4022559b00000036
130131,14地债08,2014/7/25,198,2014/7/21,2021/7/21,4.5,402255b300000037
130132,14江苏01,2014/7/31,69.6,2014/7/25,2019/7/25,4.06,4022559b00000038
130133,14江苏02,2014/7/31,52.2,2014/7/25,2021/7/25,4.21,402255b300000039
130134,14江苏03,2014/7/31,52.2,2014/7/25,2024/7/25,4.29,402255d70000003a
130135,14江西01,2014/8/12,57.2,2014/8/6,2019/8/6,4.01,4022559c0000003b
130136,14江西02,2014/8/12,42.9,2014/8/6,2021/8/6,4.18,402255b40000003c
130137,14江西03,2014/8/12,42.9,2014/8/6,2024/8/6,4.27,402255d80000003d
130138,14宁夏01,2014/8/18,22,2014/8/12,2019/8/12,3.98,4022559c0000003e
130139,14宁夏02,2014/8/18,16.5,2014/8/12,2021/8/12,4.17,402255b40000003f
130140,14宁夏03,2014/8/18,16.5,2014/8/12,2024/8/12,4.26,402255d800000040
130141,14地债09,2014/8/22,242,2014/8/18,2017/8/18,4.1,4022558400000041
130142,14地债10,2014/8/22,247,2014/8/18,2019/8/18,4.16,4022559c00000042
130143,14青岛01,2014/8/25,10,2014/8/19,2019/8/19,3.96,4022559c00000043
130144,14青岛02,2014/8/25,7.5,2014/8/19,2021/8/19,4.18,402255b400000044
130145,14青岛03,2014/8/25,7.5,2014/8/19,2024/8/19,4.25,402255d800000045
130146,14浙江01,2014/8/26,54.8,2014/8/20,2019/8/20,3.96,4022559c00000046
130147,14浙江02,2014/8/26,41.1,2014/8/20,2021/8/20,4.17,402255b400000047
130148,14浙江03,2014/8/26,41.1,2014/8/20,2024/8/20,4.23,402255d800000048
130149,14北京01,2014/8/28,42,2014/8/22,2019/8/22,4,4022559c00000049
130150,14北京02,2014/8/28,31.5,2014/8/22,2021/8/22,4.18,402255b40000004a
130151,14北京03,2014/8/28,31.5,2014/8/22,2024/8/22,4.24,402255d80000004b
130152,14上海01,2014/9/18,50.4,2014/9/12,2019/9/12,4.01,4022559d0000004c
130153,14上海02,2014/9/18,37.8,2014/9/12,2021/9/12,4.22,402255b50000004d
130154,14上海03,2014/9/18,37.8,2014/9/12,2024/9/12,4.33,402255d90000004e
130155,14地债11,2014/9/22,163,2014/9/16,2017/9/16,4.14,402255850000004f
130156,14地债12,2014/9/22,163,2014/9/16,2019/9/16,4.15,4022559d00000050
130157,14地债13,2014/9/30,207,2014/9/25,2021/9/25,4.12,402255b500000051
130158,14深圳01,2014/10/30,16.8,2014/10/24,2019/10/24,3.63,4022559e00000052
130159,14深圳02,2014/10/30,12.6,2014/10/24,2021/10/24,3.79,402255b600000053
130160,14深圳03,2014/10/30,12.6,2014/10/24,2024/10/24,3.81,402255da00000054
130161,15江苏01,2015/5/25,104.4,2015/5/19,2018/5/19,2.94,4022558d00000055
130162,15江苏02,2015/5/25,156.6,2015/5/19,2020/5/19,3.12,402255a500000056
130163,15江苏03,2015/5/25,156.6,2015/5/19,2022/5/19,3.41,402255bd00000057
130164,15江苏04,2015/5/25,104.4,2015/5/19,2025/5/19,3.41,402255e100000058
130165,15新疆01,2015/5/28,11.8,2015/5/22,2018/5/22,2.84,4022558d00000059
130166,15新疆02,2015/5/28,17.7,2015/5/22,2020/5/22,3.07,402255a50000005a
130167,15新疆03,2015/5/28,17.7,2015/5/22,2022/5/22,3.37,402255bd0000005b
130168,15新疆04,2015/5/28,11.8,2015/5/22,2025/5/22,3.41,402255e10000005c
130169,15湖北01,2015/6/3,20,2015/5/28,2018/5/28,2.85,4022558d0000005d
130170,15湖北02,2015/6/3,60,2015/5/28,2020/5/28,3.15,402255a50000005e
130171,15湖北03,2015/6/3,60,2015/5/28,2022/5/28,3.4,402255bd0000005f
130172,15湖北04,2015/6/3,60,2015/5/28,2025/5/28,3.45,402255e100000060
130173,15广西01,2015/6/4,40,2015/5/29,2018/5/29,2.86,4022558d00000061
130174,15广西02,2015/6/4,60,2015/5/29,2020/5/29,3.16,402255a500000062
130175,15广西03,2015/6/4,60,2015/5/29,2022/5/29,3.42,402255bd00000063
130176,15广西04,2015/6/4,40,2015/5/29,2025/5/29,3.47,402255e100000064
130177,15山东01,2015/6/5,72,2015/6/1,2018/6/1,2.87,4022558e00000065
130178,15山东02,2015/6/5,108,2015/6/1,2020/6/1,3.2,402255a600000066
130179,15山东03,2015/6/5,108,2015/6/1,2022/6/1,3.46,402255be00000067
130180,15山东04,2015/6/5,72,2015/6/1,2025/6/1,3.49,402255e200000068
130181,15重庆01,2015/6/9,40,2015/6/3,2018/6/3,2.9,4022558e00000069
130182,15重庆02,2015/6/9,79,2015/6/3,2020/6/3,3.26,402255a60000006a
130183,15重庆03,2015/6/9,80,2015/6/3,2022/6/3,3.55,402255be0000006b
130184,15重庆04,2015/6/9,66,2015/6/3,2025/6/3,3.57,402255e20000006c
130185,15贵州01,2015/6/11,68,2015/6/5,2018/6/5,2.91,4022558e0000006d
130186,15贵州02,2015/6/11,100,2015/6/5,2020/6/5,3.3,402255a60000006e
130187,15贵州03,2015/6/11,100,2015/6/5,2022/6/5,3.58,402255be0000006f
130188,15贵州04,2015/6/11,68,2015/6/5,2025/6/5,3.6,402255e200000070
130189,15安徽01,2015/6/12,63,2015/6/8,2018/6/8,2.9,4022558e00000071
130190,15安徽02,2015/6/12,93,2015/6/8,2020/6/8,3.29,402255a600000072
130191,15安徽03,2015/6/12,93,2015/6/8,2022/6/8,3.58,402255be00000073
130192,15安徽04,2015/6/12,63,2015/6/8,2025/6/8,3.61,402255e200000074
130193,15天津01,2015/6/15,15,2015/6/9,2018/6/9,2.89,4022558e00000075
130194,15天津02,2015/6/15,39,2015/6/9,2020/6/9,3.28,402255a600000076
130195,15天津03,2015/6/15,39,2015/6/9,2022/6/9,3.56,402255be00000077
130196,15天津04,2015/6/15,39,2015/6/9,2025/6/9,3.6,402255e200000078
130197,15湖北05,2015/6/16,36.4,2015/6/10,2018/6/10,2.88,4022558e00000079
130198,15湖北06,2015/6/16,109.2,2015/6/10,2020/6/10,3.26,402255a60000007a
130199,15湖北07,2015/6/16,109.2,2015/6/10,2022/6/10,3.54,402255be0000007b
130200,15湖北08,2015/6/16,109.2,2015/6/10,2025/6/10,3.6,402255e20000007c
130201,15浙江01,2015/6/16,40,2015/6/10,2018/6/10,2.88,4022558e0000007d
130202,15浙江02,2015/6/16,120,2015/6/10,2020/6/10,3.26,402255a60000007e
130203,15浙江03,2015/6/16,120,2015/6/10,2022/6/10,3.54,402255be0000007f
130204,15浙江04,2015/6/16,120,2015/6/10,2025/6/10,3.59,402255e200000080
130205,15河北01,2015/6/17,94,2015/6/11,2018/6/11,2.87,4022558e00000081
130206,15河北02,2015/6/17,141,2015/6/11,2020/6/11,3.25,402255a600000082
130207,15河北03,2015/6/17,141,2015/6/11,2022/6/11,3.53,402255be00000083
130208,15河北04,2015/6/17,94,2015/6/11,2025/6/11,3.58,402255e200000084
130209,15吉林01,2015/6/18,22.9,2015/6/12,2018/6/12,2.87,4022558e00000085
130210,15吉林02,2015/6/18,68.7,2015/6/12,2020/6/12,3.25,402255a600000086
130211,15吉林03,2015/6/18,68.7,2015/6/12,2022/6/12,3.52,402255be00000087
130212,15吉林04,2015/6/18,68.7,2015/6/12,2025/6/12,3.58,402255e200000088
130213,15山西01,2015/6/19,23,2015/6/15,2018/6/15,2.87,4022558e00000089
130214,15山西02,2015/6/19,48,2015/6/15,2020/6/15,3.25,402255a60000008a
130215,15山西03,2015/6/19,48,2015/6/15,2022/6/15,3.52,402255be0000008b
130216,15山西04,2015/6/19,48,2015/6/15,2025/6/15,3.58,402255e20000008c
130217,15河北Z1,2015/6/18,4.8,2015/6/12,2018/6/12,2.87,4022558e0000008d
130218,15河北Z2,2015/6/18,4.8,2015/6/12,2020/6/12,3.25,402255a60000008e
130219,15河北Z3,2015/6/18,6.4,2015/6/12,2022/6/12,3.52,402255be0000008f
130220,15广东01,2015/6/19,31,2015/6/15,2018/6/15,2.87,4022558e00000090
130221,15广东02,2015/6/19,93,2015/6/15,2020/6/15,3.25,402255a600000091
130222,15广东03,2015/6/19,93,2015/6/15,2022/6/15,3.52,402255be00000092
130223,15广东04,2015/6/19,93,2015/6/15,2025/6/15,3.58,402255e200000093
130224,15江西01,2015/6/23,41.7,2015/6/16,2018/6/16,2.88,4022558e00000094
130225,15江西02,2015/6/23,125.1,2015/6/16,2020/6/16,3.25,402255a600000095
130226,15江西03,2015/6/23,125.1,2015/6/16,2022/6/16,3.52,402255be00000096
130227,15江西04,2015/6/23,125.1,2015/6/16,2025/6/16,3.59,402255e200000097
130228,15宁夏01,2015/6/23,7,2015/6/16,2018/6/16,2.89,4022558e00000098
130229,15宁夏02,2015/6/23,21,2015/6/16,2020/6/16,3.25,402255a600000099
130230,15宁夏03,2015/6/23,21,2015/6/16,2022/6/16,3.52,402255be0000009a
130231,15宁夏04,2015/6/23,21,2015/6/16,2025/6/16,3.59,402255e20000009b
130232,15新疆05,2015/6/24,50.2,2015/6/17,2018/6/17,2.89,4022558e0000009c
130233,15新疆06,2015/6/24,75.3,2015/6/17,2020/6/17,3.26,402255a60000009d
130234,15新疆07,2015/6/24,75.3,2015/6/17,2022/6/17,3.54,402255be0000009e
130235,15新疆08,2015/6/24,50.2,2015/6/17,2025/6/17,3.61,402255e20000009f
130236,15四川01,2015/6/24,135,2015/6/17,2018/6/17,2.89,4022558e000000a0
130237,15四川02,2015/6/24,135,2015/6/17,2020/6/17,3.26,402255a6000000a1
130238,15四川03,2015/6/24,135,2015/6/17,2022/6/17,3.54,402255be000000a2
130239,15四川04,2015/6/24,45,2015/6/17,2025/6/17,3.62,402255e2000000a3
130240,15河南01,2015/6/26,43,2015/6/19,2018/6/19,2.92,4022558e000000a4
130241,15河南02,2015/6/26,127,2015/6/19,2020/6/19,3.27,402255a6000000a5
130242,15河南03,2015/6/26,127,2015/6/19,2022/6/19,3.55,402255be000000a6
130243,15河南04,2015/6/26,127,2015/6/19,2025/6/19,3.63,402255e2000000a7
130244,15辽宁01,2015/6/29,73,2015/6/23,2018/6/23,2.92,4022558e000000a8
130245,15辽宁02,2015/6/29,109,2015/6/23,2020/6/23,3.26,402255a6000000a9
130246,15辽宁03,2015/6/29,109,2015/6/23,2022/6/23,3.54,402255be000000aa
130247,15辽宁04,2015/6/29,73,2015/6/23,2025/6/23,3.62,402255e2000000ab
130248,15云南01,2015/6/29,46,2015/6/23,2018/6/23,2.92,4022558e000000ac
130249,15云南02,2015/6/29,80,2015/6/23,2020/6/23,3.26,402255a6000000ad
130250,15云南03,2015/6/29,80,2015/6/23,2022/6/23,3.54,402255be000000ae
130251,15云南04,2015/6/29,80,2015/6/23,2025/6/23,3.62,402255e2000000af
130252,15青岛01,2015/6/30,2.8,2015/6/24,2018/6/24,2.92,4022558e000000b0
130253,15青岛02,2015/6/30,8.4,2015/6/24,2020/6/24,3.24,402255a6000000b1
130254,15青岛03,2015/6/30,8.4,2015/6/24,2022/6/24,3.53,402255be000000b2
130255,15青岛04,2015/6/30,8.4,2015/6/24,2025/6/24,3.61,402255e2000000b3
130256,15海南01,2015/6/30,8.1,2015/6/24,2018/6/24,2.92,4022558e000000b4
130257,15海南02,2015/6/30,24.3,2015/6/24,2020/6/24,3.24,402255a6000000b5
130258,15海南03,2015/6/30,24.3,2015/6/24,2022/6/24,3.53,402255be000000b6
130259,15海南04,2015/6/30,24.3,2015/6/24,2025/6/24,3.61,402255e2000000b7
130260,15江苏Z1,2015/7/2,42.2787,2015/6/26,2020/6/26,3.21,402255a6000000b8
130261,15江苏Z2,2015/7/2,16.8,2015/6/26,2022/6/26,3.52,402255be000000b9
130262,15江苏Z3,2015/7/2,25.2,2015/6/26,2025/6/26,3.59,402255e2000000ba
130263,15陕西01,2015/7/6,18,2015/6/30,2018/6/30,2.87,4022558e000000bb
130264,15陕西02,2015/7/6,53,2015/6/30,2020/6/30,3.2,402255a6000000bc
130265,15陕西03,2015/7/6,53,2015/6/30,2022/6/30,3.53,402255be000000bd
130266,15陕西04,2015/7/6,53,2015/6/30,2025/6/30,3.6,402255e2000000be
130267,15山东05,2015/7/3,72.1159,2015/6/29,2018/6/29,2.87,4022558e000000bf
130268,15山东06,2015/7/3,107,2015/6/29,2020/6/29,3.2,402255a6000000c0
130269,15山东07,2015/7/3,107,2015/6/29,2022/6/29,3.52,402255be000000c1
130270,15山东08,2015/7/3,71,2015/6/29,2025/6/29,3.59,402255e2000000c2
130271,15大连01,2015/7/9,12.7,2015/7/3,2018/7/3,2.88,4022558f000000c3
130272,15大连02,2015/7/9,19,2015/7/3,2020/7/3,3.21,402255a7000000c4
130273,15大连03,2015/7/9,19,2015/7/3,2022/7/3,3.54,402255bf000000c5
130274,15大连04,2015/7/9,12.6,2015/7/3,2025/7/3,3.6,402255e3000000c6
130275,15大连Z1,2015/7/9,1.7,2015/7/3,2018/7/3,2.88,4022558f000000c7
130276,15大连Z2,2015/7/9,2.4,2015/7/3,2020/7/3,3.21,402255a7000000c8
130277,15大连Z3,2015/7/9,2.4,2015/7/3,2022/7/3,3.54,402255bf000000c9
130278,15大连Z4,2015/7/9,1.6,2015/7/3,2025/7/3,3.6,402255e3000000ca
130279,15贵州05,2015/7/10,80,2015/7/6,2018/7/6,2.88,4022558f000000cb
130280,15贵州06,2015/7/10,120,2015/7/6,2020/7/6,3.2,402255a7000000cc
130281,15贵州07,2015/7/10,120,2015/7/6,2022/7/6,3.54,402255bf000000cd
130282,15贵州08,2015/7/10,80,2015/7/6,2025/7/6,3.61,402255e3000000ce
130283,15内蒙01,2015/7/10,44,2015/7/6,2018/7/6,2.88,4022558f000000cf
130284,15内蒙02,2015/7/10,88,2015/7/6,2020/7/6,3.2,402255a7000000d0
130285,15内蒙03,2015/7/10,88,2015/7/6,2022/7/6,3.54,402255bf000000d1
130286,15内蒙04,2015/7/10,74,2015/7/6,2025/7/6,3.61,402255e3000000d2
130287,15新疆Z1,2015/7/13,6.6,2015/7/7,2018/7/7,2.89,4022558f000000d3
130288,15新疆Z2,2015/7/13,9.9,2015/7/7,2020/7/7,3.19,402255a7000000d4
130289,15新疆Z3,2015/7/13,9.9,2015/7/7,2022/7/7,3.54,402255bf000000d5
130290,15新疆Z4,2015/7/13,6.6,2015/7/7,2025/7/7,3.6,402255e3000000d6
130291,15北京01,2015/7/14,28,2015/7/8,2018/7/8,2.88,4022558f000000d7
130292,15北京02,2015/7/14,84,2015/7/8,2020/7/8,3.17,402255a7000000d8
130293,15北京03,2015/7/14,84,2015/7/8,2022/7/8,3.52,402255bf000000d9
130294,15北京04,2015/7/14,84,2015/7/8,2025/7/8,3.58,402255e3000000da
130295,15四川05,2015/7/14,150,2015/7/8,2018/7/8,2.89,4022558f000000db
130296,15四川06,2015/7/14,150,2015/7/8,2020/7/8,3.18,402255a7000000dc
130297,15四川07,2015/7/14,150,2015/7/8,2022/7/8,3.53,402255bf000000dd
130298,15四川08,2015/7/14,50,2015/7/8,2025/7/8,3.6,402255e3000000de
130299,15甘肃01,2015/7/16,20,2015/7/10,2018/7/10,2.85,4022558f000000df
130300,15甘肃02,2015/7/16,60,2015/7/10,2020/7/10,3.14,402255a7000000e0
130301,15甘肃03,2015/7/16,60,2015/7/10,2022/7/10,3.48,402255bf000000e1
130302,15甘肃04,2015/7/16,60,2015/7/10,2025/7/10,3.51,402255e3000000e2
130303,15青海01,2015/7/17,28,2015/7/13,2018/7/13,2.84,4022558f000000e3
130304,15青海02,2015/7/17,40,2015/7/13,2020/7/13,3.13,402255a7000000e4
130305,15青海03,2015/7/17,40,2015/7/13,2022/7/13,3.46,402255bf000000e5
130306,15青海04,2015/7/17,45,2015/7/13,2025/7/13,3.47,402255e3000000e6
130307,15宁波01,2015/7/17,29.2,2015/7/13,2018/7/13,2.84,4022558f000000e7
130308,15宁波02,2015/7/17,44.1,2015/7/13,2020/7/13,3.13,402255a7000000e8
130309,15宁波03,2015/7/17,29.9,2015/7/13,2022/7/13,3.46,402255bf000000e9
130310,15宁波04,2015/7/17,43.8,2015/7/13,2025/7/13,3.47,402255e3000000ea
130311,15宁波Z1,2015/7/17,14.2,2015/7/13,2018/7/13,2.84,4022558f000000eb
130312,15宁波Z2,2015/7/17,15,2015/7/13,2020/7/13,3.13,402255a7000000ec
130313,15宁波Z3,2015/7/17,12.2,2015/7/13,2022/7/13,3.46,402255bf000000ed
130314,15宁波Z4,2015/7/17,16.9,2015/7/13,2025/7/13,3.47,402255e3000000ee
130315,15广东Z1,2015/7/20,27.5,2015/7/14,2020/7/14,3.12,402255a7000000ef
130316,15广东Z2,2015/7/20,11,2015/7/14,2022/7/14,3.45,402255bf000000f0
130317,15广东Z3,2015/7/20,16.5,2015/7/14,2025/7/14,3.46,402255e3000000f1
130318,15福建01,2015/7/21,11.6,2015/7/15,2018/7/15,2.83,4022558f000000f2
130319,15福建02,2015/7/21,34.8,2015/7/15,2020/7/15,3.13,402255a7000000f3
130320,15福建03,2015/7/21,34.8,2015/7/15,2022/7/15,3.45,402255bf000000f4
130321,15福建04,2015/7/21,34.8,2015/7/15,2025/7/15,3.46,402255e3000000f5
130322,15湖南01,2015/7/23,44,2015/7/17,2018/7/17,2.83,4022558f000000f6
130323,15湖南02,2015/7/23,126,2015/7/17,2020/7/17,3.14,402255a7000000f7
130324,15湖南03,2015/7/23,126,2015/7/17,2022/7/17,3.48,402255bf000000f8
130325,15湖南04,2015/7/23,126,2015/7/17,2025/7/17,3.5,402255e3000000f9
130326,15湖北09,2015/7/24,21.1,2015/7/20,2018/7/20,2.84,4022558f000000fa
130327,15湖北10,2015/7/24,63.3,2015/7/20,2020/7/20,3.15,402255a7000000fb
130328,15湖北11,2015/7/24,63.3,2015/7/20,2022/7/20,3.49,402255bf000000fc
130329,15湖北12,2015/7/24,63.3,2015/7/20,2025/7/20,3.52,402255e3000000fd
130330,15湖北Z1,2015/7/24,2.3,2015/7/20,2018/7/20,2.84,4022558f000000fe
130331,15湖北Z2,2015/7/24,9.2,2015/7/20,2020/7/20,3.17,402255a7000000ff
130332,15湖北Z3,2015/7/24,4.6,2015/7/20,2022/7/20,3.59,402255bf00000100
130333,15湖北Z4,2015/7/24,6.9,2015/7/20,2025/7/20,3.62,402255e300000101
130334,15广西05,2015/7/24,58.2774,2015/7/20,2018/7/20,2.84,4022558f00000102
130335,15广西06,2015/7/24,85,2015/7/20,2020/7/20,3.15,402255a700000103
130336,15广西07,2015/7/24,85,2015/7/20,2022/7/20,3.49,402255bf00000104
130337,15广西08,2015/7/24,56,2015/7/20,2025/7/20,3.52,402255e300000105
130338,15广西Z1,2015/7/24,6.5,2015/7/20,2020/7/20,3.15,402255a700000106
130339,15广西Z2,2015/7/24,6.5,2015/7/20,2022/7/20,3.49,402255bf00000107
130340,15广东05,2015/7/28,25.9,2015/7/22,2018/7/22,2.85,4022558f00000108
130341,15广东06,2015/7/28,77.7,2015/7/22,2020/7/22,3.16,402255a700000109
130342,15广东07,2015/7/28,77.7,2015/7/22,2022/7/22,3.49,402255bf0000010a
130343,15广东08,2015/7/28,77.7,2015/7/22,2025/7/22,3.53,402255e30000010b
130344,15山东Z1,2015/7/31,90.0564,2015/7/27,2020/7/27,3.16,402255a70000010c
130345,15山东Z2,2015/7/31,36,2015/7/27,2022/7/27,3.46,402255bf0000010d
130346,15山东Z3,2015/7/31,54,2015/7/27,2025/7/27,3.5,402255e30000010e
130347,15福建Z1,2015/7/31,85.5,2015/7/27,2020/7/27,3.16,402255a70000010f
130348,15福建Z2,2015/7/31,85.5,2015/7/27,2025/7/27,3.5,402255e300000110
130349,15福建05,2015/7/31,8,2015/7/27,2018/7/27,2.84,4022558f00000111
130350,15福建06,2015/7/31,24,2015/7/27,2020/7/27,3.16,402255a700000112
130351,15福建07,2015/7/31,24,2015/7/27,2022/7/27,3.46,402255bf00000113
130352,15福建08,2015/7/31,24,2015/7/27,2025/7/27,3.5,402255e300000114
130353,15黑龙01,2015/8/3,45.5,2015/7/28,2018/7/28,2.85,4022558f00000115
130354,15黑龙02,2015/8/3,54.6,2015/7/28,2020/7/28,3.17,402255a700000116
130355,15黑龙03,2015/8/3,28,2015/7/28,2022/7/28,3.45,402255bf00000117
130356,15黑龙04,2015/8/3,54,2015/7/28,2025/7/28,3.5,402255e300000118
130357,15黑龙Z1,2015/8/3,17.9,2015/7/28,2020/7/28,3.16,402255a700000119
130358,15黑龙Z2,2015/8/3,6.8,2015/7/28,2022/7/28,3.45,402255bf0000011a
130359,15黑龙Z3,2015/8/3,11,2015/7/28,2025/7/28,3.49,402255e30000011b
130360,15云南Z1,2015/8/3,13,2015/7/28,2018/7/28,2.84,4022558f0000011c
130361,15云南Z2,2015/8/3,13,2015/7/28,2020/7/28,3.16,402255a70000011d
130362,15云南Z3,2015/8/3,13,2015/7/28,2022/7/28,3.45,402255bf0000011e
130363,15云南Z4,2015/8/3,8,2015/7/28,2025/7/28,3.49,402255e30000011f
130364,15重庆05,2015/8/11,62.29,2015/8/5,2018/8/5,2.88,4022559000000120
130365,15重庆06,2015/8/11,116,2015/8/5,2020/8/5,3.19,402255a800000121
130366,15重庆07,2015/8/11,116,2015/8/5,2022/8/5,3.44,402255c000000122
130367,15重庆08,2015/8/11,97,2015/8/5,2025/8/5,3.47,402255e400000123
130368,15重庆Z1,2015/8/11,13,2015/8/5,2020/8/5,3.19,402255a800000124
130369,15重庆Z2,2015/8/11,12,2015/8/5,2025/8/5,3.47,402255e400000125
130370,15新疆09,2015/8/13,7.4,2015/8/7,2018/8/7,2.88,4022559000000126
130371,15新疆10,2015/8/13,11.1,2015/8/7,2020/8/7,3.19,402255a800000127
130372,15新疆11,2015/8/13,11.1,2015/8/7,2022/8/7,3.45,402255c000000128
130373,15新疆12,2015/8/13,7.4,2015/8/7,2025/8/7,3.47,402255e400000129
130374,15新疆Z5,2015/8/13,2.4,2015/8/7,2018/8/7,2.88,402255900000012a
130375,15新疆Z6,2015/8/13,3.6,2015/8/7,2020/8/7,3.19,402255a80000012b
130376,15新疆Z7,2015/8/13,3.6,2015/8/7,2022/8/7,3.45,402255c00000012c
130377,15新疆Z8,2015/8/13,2.4,2015/8/7,2025/8/7,3.47,402255e40000012d
130378,15上海01,2015/8/13,38.5,2015/8/7,2018/8/7,2.88,402255900000012e
130379,15上海02,2015/8/13,116.1,2015/8/7,2020/8/7,3.19,402255a80000012f
130380,15上海03,2015/8/13,116.1,2015/8/7,2022/8/7,3.45,402255c000000130
130381,15上海04,2015/8/13,116.1,2015/8/7,2025/8/7,3.47,402255e400000131
130382,15上海Z1,2015/8/13,47,2015/8/7,2020/8/7,3.19,402255a800000132
130383,15上海Z2,2015/8/13,47,2015/8/7,2025/8/7,3.47,402255e400000133
130384,15辽宁05,2015/8/14,68,2015/8/10,2018/8/10,3.17,4022559000000134
130385,15辽宁06,2015/8/14,68,2015/8/10,2020/8/10,3.48,402255a800000135
130386,15辽宁07,2015/8/14,68,2015/8/10,2022/8/10,3.75,402255c000000136
130387,15辽宁08,2015/8/14,24.7161,2015/8/10,2025/8/10,3.67,402255e400000137
130388,15辽宁Z1,2015/8/14,5.5,2015/8/10,2020/8/10,3.48,402255a800000138
130389,15辽宁Z2,2015/8/14,4,2015/8/10,2025/8/10,3.99,402255e400000139
130390,15青岛05,2015/8/21,0.8,2015/8/17,2018/8/17,3.03,402255900000013a
130391,15青岛06,2015/8/21,2.4,2015/8/17,2020/8/17,3.33,402255a80000013b
130392,15青岛07,2015/8/21,2.4,2015/8/17,2022/8/17,3.57,402255c00000013c
130393,15青岛08,2015/8/21,2.4,2015/8/17,2025/8/17,3.6,402255e40000013d
130394,15青岛Z1,2015/8/21,3.5,2015/8/17,2020/8/17,3.33,402255a80000013e
130395,15青岛Z2,2015/8/21,1.4,2015/8/17,2022/8/17,3.57,402255c00000013f
130396,15青岛Z3,2015/8/21,2.1,2015/8/17,2025/8/17,3.6,402255e400000140
130397,15天津05,2015/8/25,8.19,2015/8/19,2018/8/19,3.04,4022559000000141
130398,15天津06,2015/8/25,23,2015/8/19,2020/8/19,3.36,402255a800000142
130399,15天津07,2015/8/25,23,2015/8/19,2022/8/19,3.6,402255c000000143
130400,15天津08,2015/8/25,23,2015/8/19,2025/8/19,3.62,402255e400000144
130401,15天津Z1,2015/8/25,45.41,2015/8/19,2020/8/19,3.36,402255a800000145
130402,15天津Z2,2015/8/25,5,2015/8/19,2022/8/19,3.6,402255c000000146
130403,15天津Z3,2015/8/25,36,2015/8/19,2025/8/19,3.62,402255e400000147
130404,15甘肃05,2015/8/27,9.5575,2015/8/21,2018/8/21,3.03,4022559000000148
130405,15甘肃06,2015/8/27,20,2015/8/21,2020/8/21,3.36,402255a800000149
130406,15甘肃07,2015/8/27,20,2015/8/21,2022/8/21,3.6,402255c00000014a
130407,15甘肃08,2015/8/27,20,2015/8/21,2025/8/21,3.61,402255e40000014b
130408,15甘肃Z1,2015/8/27,44.6228,2015/8/21,2020/8/21,3.36,402255a80000014c
130409,15甘肃Z2,2015/8/27,44,2015/8/21,2025/8/21,3.61,402255e40000014d
130410,15安徽05,2015/8/27,5,2015/8/21,2016/8/21,2.38,402255780000014e
130411,15安徽06,2015/8/27,47.8725,2015/8/21,2018/8/21,3.03,402255900000014f
130412,15安徽07,2015/8/27,75,2015/8/21,2020/8/21,3.36,402255a800000150
130413,15安徽08,2015/8/27,75,2015/8/21,2022/8/21,3.61,402255c000000151
130414,15安徽09,2015/8/27,50,2015/8/21,2025/8/21,3.61,402255e400000152
130415,15安徽Z1,2015/8/27,49.3661,2015/8/21,2020/8/21,3.36,402255a800000153
130416,15安徽Z2,2015/8/27,49,2015/8/21,2022/8/21,3.6,402255c000000154
130417,15厦门01,2015/8/28,6.4718,2015/8/22,2018/8/22,2.92,4022559000000155
130418,15厦门02,2015/8/28,9.4,2015/8/22,2020/8/22,3.26,402255a800000156
130419,15厦门03,2015/8/28,9.4,2015/8/22,2022/8/22,3.51,402255c000000157
130420,15厦门04,2015/8/28,6.3,2015/8/22,2025/8/22,3.51,402255e400000158
130421,15厦门Z1,2015/8/28,7.0742,2015/8/22,2020/8/22,3.26,402255a800000159
130422,15厦门Z2,2015/8/28,6.9,2015/8/22,2025/8/22,3.51,402255e40000015a
130423,15青海05,2015/8/31,15.2712,2015/8/25,2018/8/25,3.02,402255900000015b
130424,15青海06,2015/8/31,26,2015/8/25,2020/8/25,3.36,402255a80000015c
130425,15青海07,2015/8/31,26,2015/8/25,2022/8/25,3.61,402255c00000015d
130426,15青海08,2015/8/31,26,2015/8/25,2025/8/25,3.61,402255e40000015e
130427,15青海Z1,2015/8/31,8,2015/8/25,2018/8/25,3.02,402255900000015f
130428,15青海Z2,2015/8/31,9,2015/8/25,2020/8/25,3.36,402255a800000160
130429,15青海Z3,2015/8/31,8,2015/8/25,2022/8/25,3.61,402255c000000161
130430,15青海Z4,2015/8/31,8,2015/8/25,2025/8/25,3.61,402255e400000162
130431,15北京Z1,2015/9/1,15.6,2015/8/26,2018/8/26,3.02,4022559000000163
130432,15北京Z2,2015/9/1,36.4,2015/8/26,2020/8/26,3.36,402255a800000164
130433,15北京Z3,2015/9/1,15.6,2015/8/26,2022/8/26,3.61,402255c000000165
130434,15北京Z4,2015/9/1,23.4,2015/8/26,2025/8/26,3.6,402255e400000166
130435,15陕西05,2015/9/8,35.3412,2015/8/31,2018/8/31,3.03,4022559000000167
130436,15陕西06,2015/9/8,52.8,2015/8/31,2020/8/31,3.36,402255a800000168
130437,15陕西07,2015/9/8,52.8,2015/8/31,2022/8/31,3.62,402255c000000169
130438,15陕西08,2015/9/8,35.3,2015/8/31,2025/8/31,3.6,402255e40000016a
130439,15陕西Z1,2015/9/8,26.3049,2015/8/31,2018/8/31,3.03,402255900000016b
130440,15陕西Z2,2015/9/8,39.4,2015/8/31,2020/8/31,3.36,402255a80000016c
130441,15陕西Z3,2015/9/8,39.4,2015/8/31,2022/8/31,3.62,402255c00000016d
130442,15陕西Z4,2015/9/8,26.3,2015/8/31,2025/8/31,3.6,402255e40000016e
130443,15陕西Z5,2015/9/8,1,2015/8/31,2018/8/31,3.03,402255900000016f
130444,15陕西Z6,2015/9/8,1.5,2015/8/31,2020/8/31,3.36,402255a800000170
130445,15陕西Z7,2015/9/8,1.5,2015/8/31,2022/8/31,3.62,402255c000000171
130446,15陕西Z8,2015/9/8,1,2015/8/31,2025/8/31,3.6,402255e400000172
130447,15河南05,2015/9/8,51,2015/9/1,2018/9/1,3.03,4022559100000173
130448,15河南06,2015/9/8,76.6,2015/9/1,2020/9/1,3.29,402255a900000174
130449,15河南07,2015/9/8,76.6,2015/9/1,2022/9/1,3.54,402255c100000175
130450,15河南08,2015/9/8,51,2015/9/1,2025/9/1,3.53,402255e500000176
130451,15河南Z1,2015/9/8,31.4,2015/9/1,2018/9/1,3.03,4022559100000177
130452,15河南Z2,2015/9/8,47,2015/9/1,2020/9/1,3.29,402255a900000178
130453,15河南Z3,2015/9/8,47,2015/9/1,2022/9/1,3.54,402255c100000179
130454,15河南Z4,2015/9/8,31.4,2015/9/1,2025/9/1,3.53,402255e50000017a
130455,15内蒙05,2015/9/15,42.4,2015/9/9,2018/9/9,3.14,402255910000017b
130456,15内蒙06,2015/9/15,127.2,2015/9/9,2020/9/9,3.35,402255a90000017c
130457,15内蒙07,2015/9/15,127.2,2015/9/9,2022/9/9,3.53,402255c10000017d
130458,15内蒙08,2015/9/15,127.2,2015/9/9,2025/9/9,3.52,402255e50000017e
130459,15内蒙Z1,2015/9/15,11.6507,2015/9/9,2018/9/9,3.14,402255910000017f
130460,15内蒙Z2,2015/9/15,44.7,2015/9/9,2020/9/9,3.35,402255a900000180
130461,15内蒙Z3,2015/9/15,22.3,2015/9/9,2022/9/9,3.53,402255c100000181
130462,15内蒙Z4,2015/9/15,33.5,2015/9/9,2025/9/9,3.52,402255e500000182
130463,15宁夏05,2015/9/16,5.7279,2015/9/9,2018/9/9,3.14,4022559100000183
130464,15宁夏06,2015/9/16,10,2015/9/9,2020/9/9,3.35,402255a900000184
130465,15宁夏07,2015/9/16,10,2015/9/9,2022/9/9,3.53,402255c100000185
130466,15宁夏08,2015/9/16,10,2015/9/9,2025/9/9,3.52,402255e500000186
130467,15江苏05,2015/9/17,94.6,2015/9/11,2018/9/11,3.26,4022559100000187
130468,15江苏06,2015/9/17,141.9,2015/9/11,2020/9/11,3.47,402255a900000188
130469,15江苏07,2015/9/17,141.9,2015/9/11,2022/9/11,3.64,402255c100000189
130470,15江苏08,2015/9/17,94.6,2015/9/11,2025/9/11,3.63,402255e50000018a
130471,15江苏Z4,2015/9/17,65.1688,2015/9/11,2018/9/11,3.27,402255910000018b
130472,15江苏Z5,2015/9/17,97.4,2015/9/11,2020/9/11,3.47,402255a90000018c
130473,15江苏Z6,2015/9/17,97.4,2015/9/11,2022/9/11,3.64,402255c10000018d
130474,15江苏Z7,2015/9/17,65,2015/9/11,2025/9/11,3.63,402255e50000018e
130475,15山东09,2015/9/21,202.5,2015/9/15,2018/9/15,3.24,402255910000018f
130476,15山东10,2015/9/21,202.5,2015/9/15,2020/9/15,3.44,402255a900000190
130477,15山东11,2015/9/21,202.5,2015/9/15,2022/9/15,3.61,402255c100000191
130478,15山东12,2015/9/21,68.16,2015/9/15,2025/9/15,3.6,402255e500000192
130479,15山东Z4,2015/9/21,22.2,2015/9/15,2018/9/15,3.23,4022559100000193
130480,15山东Z5,2015/9/21,22.2,2015/9/15,2020/9/15,3.44,402255a900000194
130481,15山东Z6,2015/9/21,22.2,2015/9/15,2022/9/15,3.6,402255c100000195
130482,15山东Z7,2015/9/21,7.77,2015/9/15,2025/9/15,3.59,402255e500000196
130483,15新疆13,2015/9/22,37,2015/9/16,2018/9/16,3.13,4022559100000197
130484,15新疆14,2015/9/22,55.5,2015/9/16,2020/9/16,3.37,402255a900000198
130485,15新疆15,2015/9/22,55.5,2015/9/16,2022/9/16,3.55,402255c100000199
130486,15新疆16,2015/9/22,37,2015/9/16,2025/9/16,3.49,402255e50000019a
130487,15新疆Z9,2015/9/22,11.6,2015/9/16,2018/9/16,2.98,402255910000019b
130488,15新疆17,2015/9/22,17.4,2015/9/16,2020/9/16,3.18,402255a90000019c
130489,15新疆18,2015/9/22,17.4,2015/9/16,2022/9/16,3.41,402255c10000019d
130490,15新疆19,2015/9/22,11.6,2015/9/16,2025/9/16,3.34,402255e50000019e
130491,15广西09,2015/9/22,59,2015/9/16,2018/9/16,3.23,402255910000019f
130492,15广西10,2015/9/22,88,2015/9/16,2020/9/16,3.43,402255a9000001a0
130493,15广西11,2015/9/22,88,2015/9/16,2022/9/16,3.6,402255c1000001a1
130494,15广西12,2015/9/22,59,2015/9/16,2025/9/16,3.59,402255e5000001a2
130495,15广西Z3,2015/9/22,9.5,2015/9/16,2020/9/16,3.43,402255a9000001a3
130496,15广西Z4,2015/9/22,9.5,2015/9/16,2022/9/16,3.6,402255c1000001a4
130497,15浙江05,2015/9/24,23.3,2015/9/18,2018/9/18,2.98,40225591000001a5
130498,15浙江06,2015/9/24,69.9,2015/9/18,2020/9/18,3.27,402255a9000001a6
130499,15浙江07,2015/9/24,69.9,2015/9/18,2022/9/18,3.38,402255c1000001a7
130500,15浙江08,2015/9/24,69.9,2015/9/18,2025/9/18,3.43,402255e5000001a8
130501,15浙江Z1,2015/9/24,43.1,2015/9/18,2018/9/18,2.98,40225591000001a9
130502,15浙江Z2,2015/9/24,65.4,2015/9/18,2020/9/18,3.17,402255a9000001aa
130503,15浙江Z3,2015/9/24,43.1,2015/9/18,2022/9/18,3.34,402255c1000001ab
130504,15浙江Z4,2015/9/24,65.4,2015/9/18,2025/9/18,3.33,402255e5000001ac
130505,15河北05,2015/9/24,140,2015/9/18,2018/9/18,3.18,40225591000001ad
130506,15河北06,2015/9/24,140,2015/9/18,2020/9/18,3.37,402255a9000001ae
130507,15河北07,2015/9/24,140,2015/9/18,2022/9/18,3.54,402255c1000001af
130508,15河北08,2015/9/24,49.45,2015/9/18,2025/9/18,3.53,402255e5000001b0
130509,15河北Z4,2015/9/25,47,2015/9/21,2018/9/21,3.17,40225591000001b1
130510,15河北Z5,2015/9/25,47.74,2015/9/21,2020/9/21,3.37,402255a9000001b2
130511,15贵州09,2015/9/25,100,2015/9/21,2018/9/21,3.22,40225591000001b3
130512,15贵州10,2015/9/25,150,2015/9/21,2020/9/21,3.42,402255a9000001b4
130513,15贵州11,2015/9/25,150,2015/9/21,2022/9/21,3.58,402255c1000001b5
130514,15贵州12,2015/9/25,100,2015/9/21,2025/9/21,3.57,402255e5000001b6
130515,15云南05,2015/9/28,27.6,2015/9/22,2018/9/22,3.17,40225591000001b7
130516,15云南06,2015/9/28,50,2015/9/22,2020/9/22,3.36,402255a9000001b8
130517,15云南07,2015/9/28,50,2015/9/22,2022/9/22,3.53,402255c1000001b9
130518,15云南08,2015/9/28,50,2015/9/22,2025/9/22,3.52,402255e5000001ba
130519,15云南Z5,2015/9/28,44.4,2015/9/22,2018/9/22,3.17,40225591000001bb
130520,15云南Z6,2015/9/28,41,2015/9/22,2020/9/22,3.36,402255a9000001bc
130521,15云南Z7,2015/9/28,42,2015/9/22,2022/9/22,3.53,402255c1000001bd
130522,15云南Z8,2015/9/28,42,2015/9/22,2025/9/22,3.52,402255e5000001be
130523,15福建09,2015/9/29,7.2207,2015/9/23,2018/9/23,3.28,40225591000001bf
130524,15福建10,2015/9/29,20.9,2015/9/23,2020/9/23,3.45,402255a9000001c0
130525,15福建11,2015/9/29,20.9,2015/9/23,2022/9/23,3.62,402255c1000001c1
130526,15福建12,2015/9/29,20.9,2015/9/23,2025/9/23,3.61,402255e5000001c2
130527,15福建Z3,2015/9/29,73.6003,2015/9/23,2020/9/23,3.45,402255a9000001c3
130528,15福建Z4,2015/9/29,73.6,2015/9/23,2025/9/23,3.61,402255e5000001c4
130529,15青海09,2015/10/8,5,2015/9/25,2018/9/25,3.19,40225591000001c5
130530,15青海10,2015/10/8,8,2015/9/25,2020/9/25,3.35,402255a9000001c6
130531,15青海11,2015/10/8,8,2015/9/25,2022/9/25,3.53,402255c1000001c7
130532,15青海12,2015/10/8,8,2015/9/25,2025/9/25,3.52,402255e5000001c8
130533,15湖北13,2015/10/15,7.8,2015/10/10,2018/10/10,2.94,40225592000001c9
130534,15湖北14,2015/10/15,23.4,2015/10/10,2020/10/10,3.07,402255aa000001ca
130535,15湖北15,2015/10/15,23.4,2015/10/10,2022/10/10,3.45,402255c2000001cb
130536,15湖北16,2015/10/15,23.4,2015/10/10,2025/10/10,3.44,402255e6000001cc
130537,15湖北Z5,2015/10/15,1.8,2015/10/10,2018/10/10,2.94,40225592000001cd
130538,15湖北Z6,2015/10/15,7.2,2015/10/10,2020/10/10,3.07,402255aa000001ce
130539,15湖北Z7,2015/10/15,3.6,2015/10/10,2022/10/10,3.28,402255c2000001cf
130540,15湖北Z8,2015/10/15,5.4,2015/10/10,2025/10/10,3.3,402255e6000001d0
130541,15四川09,2015/10/15,84,2015/10/10,2018/10/10,3.24,40225592000001d1
130542,15四川10,2015/10/15,84,2015/10/10,2020/10/10,3.37,402255aa000001d2
130543,15四川11,2015/10/15,84,2015/10/10,2022/10/10,3.58,402255c2000001d3
130544,15四川12,2015/10/15,28,2015/10/10,2025/10/10,3.56,402255e6000001d4
130545,15广东09,2015/10/16,19.2634,2015/10/12,2018/10/12,3.02,40225592000001d5
130546,15广东10,2015/10/16,57.7906,2015/10/12,2020/10/12,3.14,402255aa000001d6
130547,15广东11,2015/10/16,57.7906,2015/10/12,2022/10/12,3.35,402255c2000001d7
130548,15广东12,2015/10/16,57.7906,2015/10/12,2025/10/12,3.33,402255e6000001d8
130549,15广东Z4,2015/10/16,77.508,2015/10/12,2020/10/12,3.15,402255aa000001d9
130550,15广东Z5,2015/10/16,31.0032,2015/10/12,2022/10/12,3.35,402255c2000001da
130551,15广东Z6,2015/10/16,46.5048,2015/10/12,2025/10/12,3.33,402255e6000001db
130552,15海南05,2015/10/20,5.3548,2015/10/14,2018/10/14,3.07,40225592000001dc
130553,15海南06,2015/10/20,15.3,2015/10/14,2020/10/14,3.2,402255aa000001dd
130554,15海南07,2015/10/20,15.3,2015/10/14,2022/10/14,3.4,402255c2000001de
130555,15海南08,2015/10/20,15.3,2015/10/14,2025/10/14,3.39,402255e6000001df
130556,15海南Z1,2015/10/20,18.4484,2015/10/14,2020/10/14,3.2,402255aa000001e0
130557,15海南Z2,2015/10/20,7,2015/10/14,2022/10/14,3.4,402255c2000001e1
130558,15海南Z3,2015/10/20,10.5,2015/10/14,2025/10/14,3.39,402255e6000001e2
130559,15浙江09,2015/10/22,13.2,2015/10/16,2018/10/16,2.94,40225592000001e3
130560,15浙江10,2015/10/22,39.6,2015/10/16,2020/10/16,3.04,402255aa000001e4
130561,15浙江11,2015/10/22,39.6,2015/10/16,2022/10/16,3.23,402255c2000001e5
130562,15浙江12,2015/10/22,39.6,2015/10/16,2025/10/16,3.31,402255e6000001e6
130563,15浙江Z5,2015/10/22,28.7,2015/10/16,2018/10/16,2.94,40225592000001e7
130564,15浙江Z6,2015/10/22,43.1,2015/10/16,2020/10/16,3.04,402255aa000001e8
130565,15浙江Z7,2015/10/22,28.7,2015/10/16,2022/10/16,3.23,402255c2000001e9
130566,15浙江Z8,2015/10/22,43.1,2015/10/16,2025/10/16,3.31,402255e6000001ea
130567,15甘肃09,2015/10/27,9.3,2015/10/21,2018/10/21,3.01,40225592000001eb
130568,15甘肃10,2015/10/27,7,2015/10/21,2020/10/21,3.13,402255aa000001ec
130569,15甘肃11,2015/10/27,7.7,2015/10/21,2022/10/21,3.32,402255c2000001ed
130570,15甘肃12,2015/10/27,10,2015/10/21,2025/10/21,3.29,402255e6000001ee
130571,15甘肃Z3,2015/10/27,10,2015/10/21,2020/10/21,3.13,402255aa000001ef
130572,15甘肃Z4,2015/10/27,10,2015/10/21,2025/10/21,3.29,402255e6000001f0
130573,15江西05,2015/10/27,44.8554,2015/10/21,2018/10/21,3.05,40225592000001f1
130574,15江西06,2015/10/27,134.5,2015/10/21,2020/10/21,3.18,402255aa000001f2
130575,15江西07,2015/10/27,134.5,2015/10/21,2022/10/21,3.37,402255c2000001f3
130576,15江西08,2015/10/27,134.5,2015/10/21,2025/10/21,3.34,402255e6000001f4
130577,15江西Z1,2015/10/27,7.5,2015/10/21,2018/10/21,3.03,40225592000001f5
130578,15江西Z2,2015/10/27,7.5,2015/10/21,2020/10/21,3.07,402255aa000001f6
130579,15江西Z3,2015/10/27,7.5,2015/10/21,2022/10/21,3.27,402255c2000001f7
130580,15江西Z4,2015/10/27,7.5,2015/10/21,2025/10/21,3.34,402255e6000001f8
130581,15江西Z5,2015/10/27,1.5,2015/10/21,2018/10/21,3,40225592000001f9
130582,15江西Z6,2015/10/27,1.5,2015/10/21,2020/10/21,3.05,402255aa000001fa
130583,15江西Z7,2015/10/27,1.5,2015/10/21,2022/10/21,3.36,402255c2000001fb
130584,15江西Z8,2015/10/27,1.5,2015/10/21,2025/10/21,3.34,402255e6000001fc
130585,15上海05,2015/10/30,5,2015/10/26,2020/10/26,2.93,402255aa000001fd
130586,15上海06,2015/10/30,78.6,2015/10/26,2022/10/26,3.1,402255c2000001fe
130587,15上海07,2015/10/30,78.6,2015/10/26,2025/10/26,3.08,402255e6000001ff
130588,15上海Z3,2015/10/30,31.5,2015/10/26,2018/10/26,2.8,4022559200000200
130589,15上海Z4,2015/10/30,47.5,2015/10/26,2020/10/26,2.93,402255aa00000201
130590,15上海Z5,2015/10/30,47.5,2015/10/26,2022/10/26,3.1,402255c200000202
130591,15上海Z6,2015/10/30,31.5,2015/10/26,2025/10/26,3.08,402255e600000203
130592,15四川Z1,2015/11/2,153,2015/10/27,2018/10/27,3.09,4022559200000204
130593,15四川Z2,2015/11/2,153,2015/10/27,2020/10/27,3.21,402255aa00000205
130594,15四川Z3,2015/11/2,153,2015/10/27,2022/10/27,3.38,402255c200000206
130595,15四川Z4,2015/11/2,53.42,2015/10/27,2025/10/27,3.37,402255e600000207
130596,15福建13,2015/11/3,3.1,2015/10/28,2018/10/28,2.98,4022559200000208
130597,15福建14,2015/11/3,9.3,2015/10/28,2020/10/28,3.09,402255aa00000209
130598,15福建15,2015/11/3,9.3,2015/10/28,2022/10/28,3.26,402255c20000020a
130599,15福建16,2015/11/3,9.3,2015/10/28,2025/10/28,3.25,402255e60000020b
130600,15福建Z5,2015/11/3,3.3,2015/10/28,2020/10/28,3.09,402255aa0000020c
130601,15福建Z6,2015/11/3,3.2,2015/10/28,2025/10/28,3.25,402255e60000020d
130602,15福建Z7,2015/11/3,1.8,2015/10/28,2020/10/28,3.09,402255aa0000020e
130603,15福建Z8,2015/11/3,1.7,2015/10/28,2025/10/28,3.25,402255e60000020f
130604,15安徽10,2015/11/3,95.4,2015/10/28,2018/10/28,3.13,4022559200000210
130605,15安徽11,2015/11/3,95.4,2015/10/28,2020/10/28,3.24,402255aa00000211
130606,15安徽12,2015/11/3,63.6,2015/10/28,2022/10/28,3.36,402255c200000212
130607,15安徽13,2015/11/3,64.3686,2015/10/28,2025/10/28,3.45,402255e600000213
130608,15安徽Z3,2015/11/3,99.0105,2015/10/28,2020/10/28,3.19,402255aa00000214
130609,15安徽Z4,2015/11/3,52,2015/10/28,2025/10/28,3.39,402255e600000215
130610,15宁夏09,2015/11/5,25,2015/10/30,2018/10/30,3.05,4022559200000216
130611,15宁夏10,2015/11/5,25,2015/10/30,2020/10/30,3.15,402255aa00000217
130612,15宁夏11,2015/11/5,25,2015/10/30,2022/10/30,3.37,402255c200000218
130613,15宁夏12,2015/11/5,20.1011,2015/10/30,2025/10/30,3.37,402255e600000219
130614,15宁夏Z1,2015/11/5,20,2015/10/30,2018/10/30,3.05,402255920000021a
130615,15宁夏Z2,2015/11/5,15,2015/10/30,2020/10/30,3.15,402255aa0000021b
130616,15宁夏Z3,2015/11/5,15,2015/10/30,2022/10/30,3.37,402255c20000021c
130617,15宁夏Z4,2015/11/5,9.1765,2015/10/30,2025/10/30,3.37,402255e60000021d
130618,15宁夏Z5,2015/11/5,2,2015/10/30,2022/10/30,3.37,402255c20000021e
130619,15宁夏Z6,2015/11/5,5,2015/10/30,2025/10/30,3.37,402255e60000021f
130620,15天津09,2015/11/5,5.07,2015/10/30,2018/10/30,3,4022559200000220
130621,15天津10,2015/11/5,15.4,2015/10/30,2020/10/30,3.1,402255aa00000221
130622,15天津11,2015/11/5,15.4,2015/10/30,2022/10/30,3.27,402255c200000222
130623,15天津12,2015/11/5,15.4,2015/10/30,2025/10/30,3.27,402255e600000223
130624,15天津Z4,2015/11/5,8.31,2015/10/30,2020/10/30,3.1,402255aa00000224
130625,15天津Z5,2015/11/5,3.1,2015/10/30,2022/10/30,3.25,402255c200000225
130626,15天津Z6,2015/11/5,3.7,2015/10/30,2025/10/30,3.27,402255e600000226
130627,15广东13,2015/11/9,15.892,2015/11/3,2018/11/3,2.83,4022559300000227
130628,15广东14,2015/11/9,47.5,2015/11/3,2020/11/3,2.96,402255ab00000228
130629,15广东15,2015/11/9,47.5,2015/11/3,2022/11/3,3.12,402255c300000229
130630,15广东16,2015/11/9,47.5,2015/11/3,2025/11/3,3.12,402255e70000022a
130631,15山西05,2015/11/10,24.922,2015/11/4,2018/11/4,2.87,402255930000022b
130632,15山西06,2015/11/10,66.2079,2015/11/4,2020/11/4,3.07,402255ab0000022c
130633,15山西07,2015/11/10,66.2079,2015/11/4,2022/11/4,3.23,402255c30000022d
130634,15山西08,2015/11/10,66.2079,2015/11/4,2025/11/4,3.23,402255e70000022e
130635,15山西Z1,2015/11/10,69.9825,2015/11/4,2020/11/4,2.97,402255ab0000022f
130636,15山西Z2,2015/11/10,67.4827,2015/11/4,2025/11/4,3.18,402255e700000230
130637,15河南09,2015/11/10,70.4038,2015/11/4,2018/11/4,3.02,4022559300000231
130638,15河南10,2015/11/10,102,2015/11/4,2020/11/4,3.17,402255ab00000232
130639,15河南11,2015/11/10,102,2015/11/4,2022/11/4,3.33,402255c300000233
130640,15河南12,2015/11/10,68,2015/11/4,2025/11/4,3.33,402255e700000234
130641,15河南Z5,2015/11/10,42.6738,2015/11/4,2018/11/4,3.02,4022559300000235
130642,15河南Z6,2015/11/10,63,2015/11/4,2020/11/4,3.17,402255ab00000236
130643,15河南Z7,2015/11/10,63,2015/11/4,2022/11/4,3.33,402255c300000237
130644,15河南Z8,2015/11/10,42,2015/11/4,2025/11/4,3.33,402255e700000238
130645,15贵州Z1,2015/11/12,100,2015/11/6,2018/11/6,2.99,4022559300000239
130646,15贵州Z2,2015/11/12,150,2015/11/6,2020/11/6,3.17,402255ab0000023a
130647,15贵州Z3,2015/11/12,150,2015/11/6,2022/11/6,3.32,402255c30000023b
130648,15贵州Z4,2015/11/12,100,2015/11/6,2025/11/6,3.33,402255e70000023c
130649,15江苏09,2015/11/12,162.4,2015/11/6,2018/11/6,2.89,402255930000023d
130650,15江苏10,2015/11/12,243.6,2015/11/6,2020/11/6,3.11,402255ab0000023e
130651,15江苏11,2015/11/12,243.6,2015/11/6,2022/11/6,3.26,402255c30000023f
130652,15江苏12,2015/11/12,162.4,2015/11/6,2025/11/6,3.23,402255e700000240
130653,15江苏Z8,2015/11/12,71.3212,2015/11/6,2018/11/6,2.89,4022559300000241
130654,15江苏Z9,2015/11/12,106.7,2015/11/6,2020/11/6,3.07,402255ab00000242
130655,15江苏13,2015/11/12,106.7,2015/11/6,2022/11/6,3.22,402255c300000243
130656,15江苏14,2015/11/12,71.2,2015/11/6,2025/11/6,3.18,402255e700000244
130657,15云南09,2015/11/13,62.9,2015/11/9,2018/11/9,2.95,4022559300000245
130658,15云南10,2015/11/13,109,2015/11/9,2020/11/9,3.14,402255ab00000246
130659,15云南11,2015/11/13,109,2015/11/9,2022/11/9,3.29,402255c300000247
130660,15云南12,2015/11/13,109,2015/11/9,2025/11/9,3.29,402255e700000248
130661,15云南Z9,2015/11/13,65,2015/11/9,2018/11/9,2.95,4022559300000249
130662,15云南13,2015/11/13,65,2015/11/9,2020/11/9,3.14,402255ab0000024a
130663,15云南14,2015/11/13,63,2015/11/9,2022/11/9,3.29,402255c30000024b
130664,15云南15,2015/11/13,63,2015/11/9,2025/11/9,3.29,402255e70000024c
130665,15内蒙09,2015/11/16,19.0393,2015/11/10,2018/11/10,3.17,402255930000024d
130666,15内蒙10,2015/11/16,56.7,2015/11/10,2020/11/10,3.39,402255ab0000024e
130667,15内蒙11,2015/11/16,56.7,2015/11/10,2022/11/10,3.56,402255c30000024f
130668,15内蒙12,2015/11/16,56.7,2015/11/10,2025/11/10,3.55,402255e700000250
130669,15内蒙Z5,2015/11/16,4.9376,2015/11/10,2018/11/10,3.17,4022559300000251
130670,15内蒙Z6,2015/11/16,20,2015/11/10,2020/11/10,3.39,402255ab00000252
130671,15内蒙Z7,2015/11/16,14.8,2015/11/10,2022/11/10,3.56,402255c300000253
130672,15内蒙Z8,2015/11/16,10,2015/11/10,2025/11/10,3.55,402255e700000254
130673,15宁波05,2015/11/17,10.2,2015/11/11,2018/11/11,2.87,4022559300000255
130674,15宁波06,2015/11/17,15.3,2015/11/11,2020/11/11,3.08,402255ab00000256
130675,15宁波07,2015/11/17,10.2,2015/11/11,2022/11/11,3.24,402255c300000257
130676,15宁波08,2015/11/17,15.3,2015/11/11,2025/11/11,3.33,402255e700000258
130677,15宁波Z5,2015/11/17,8.4,2015/11/11,2018/11/11,2.78,4022559300000259
130678,15宁波Z6,2015/11/17,12.6,2015/11/11,2020/11/11,3.08,402255ab0000025a
130679,15宁波Z7,2015/11/17,8.4,2015/11/11,2022/11/11,3.24,402255c30000025b
130680,15宁波Z8,2015/11/17,12.6,2015/11/11,2025/11/11,3.33,402255e70000025c
130681,15厦门05,2015/11/17,1.8725,2015/11/11,2018/11/11,2.78,402255930000025d
130682,15厦门06,2015/11/17,2.7,2015/11/11,2020/11/11,2.98,402255ab0000025e
130683,15厦门07,2015/11/17,2.7,2015/11/11,2022/11/11,3.14,402255c30000025f
130684,15厦门08,2015/11/17,1.8,2015/11/11,2025/11/11,3.13,402255e700000260
130685,15厦门Z3,2015/11/17,10.8189,2015/11/11,2020/11/11,2.98,402255ab00000261
130686,15厦门Z4,2015/11/17,10.8,2015/11/11,2025/11/11,3.13,402255e700000262
130687,15陕西09,2015/11/19,49.6,2015/11/13,2018/11/13,3.16,4022559300000263
130688,15陕西10,2015/11/19,49.6,2015/11/13,2020/11/13,3.39,402255ab00000264
130689,15陕西11,2015/11/19,49.6,2015/11/13,2022/11/13,3.57,402255c300000265
130690,15陕西12,2015/11/19,16.6651,2015/11/13,2025/11/13,3.55,402255e700000266
130691,15陕西Z9,2015/11/19,66.2,2015/11/13,2018/11/13,3.04,4022559300000267
130692,15陕西13,2015/11/19,66.2,2015/11/13,2020/11/13,3.24,402255ab00000268
130693,15陕西14,2015/11/19,66.2,2015/11/13,2022/11/13,3.44,402255c300000269
130694,15陕西15,2015/11/19,22.3058,2015/11/13,2025/11/13,3.54,402255e70000026a
130695,15黑龙05,2015/11/20,130,2015/11/16,2018/11/16,3.13,402255930000026b
130696,15黑龙06,2015/11/20,130,2015/11/16,2020/11/16,3.34,402255ab0000026c
130697,15黑龙07,2015/11/20,130,2015/11/16,2022/11/16,3.48,402255c30000026d
130698,15黑龙08,2015/11/20,52.1412,2015/11/16,2025/11/16,3.47,402255e70000026e
130699,15黑龙Z4,2015/11/20,15,2015/11/16,2020/11/16,3.32,402255ab0000026f
130700,15黑龙Z5,2015/11/20,9,2015/11/16,2022/11/16,3.47,402255c300000270
130701,15大连05,2015/11/24,11.8,2015/11/18,2018/11/18,3.03,4022559300000271
130702,15大连06,2015/11/24,17.7,2015/11/18,2020/11/18,3.26,402255ab00000272
130703,15大连07,2015/11/24,17.7,2015/11/18,2022/11/18,3.4,402255c300000273
130704,15大连08,2015/11/24,11.8,2015/11/18,2025/11/18,3.39,402255e700000274
130705,15大连Z5,2015/11/24,11.7,2015/11/18,2018/11/18,3.08,4022559300000275
130706,15大连Z6,2015/11/24,17.5,2015/11/18,2020/11/18,3.26,402255ab00000276
130707,15大连Z7,2015/11/24,17.5,2015/11/18,2022/11/18,3.44,402255c300000277
130708,15大连Z8,2015/11/24,11.7,2015/11/18,2025/11/18,3.43,402255e700000278
130709,15吉林05,2015/11/26,24.4686,2015/11/20,2018/11/20,3.08,4022559300000279
130710,15吉林06,2015/11/26,73.2,2015/11/20,2020/11/20,3.44,402255ab0000027a
130711,15吉林07,2015/11/26,73.2,2015/11/20,2022/11/20,3.45,402255c30000027b
130712,15吉林08,2015/11/26,73.2,2015/11/20,2025/11/20,3.45,402255e70000027c
130713,15吉林Z1,2015/11/26,54.3221,2015/11/20,2020/11/20,3.35,402255ab0000027d
130714,15吉林Z2,2015/11/26,54.3,2015/11/20,2025/11/20,3.45,402255e70000027e
130715,15吉林Z3,2015/11/26,16.4829,2015/11/20,2020/11/20,3.35,402255ab0000027f
130716,15吉林Z4,2015/11/26,8.864,2015/11/20,2025/11/20,3.57,402255e700000280
130717,15北京05,2015/11/26,20.1707,2015/11/20,2018/11/20,2.92,4022559300000281
130718,15北京06,2015/11/26,24.0546,2015/11/20,2020/11/20,3.1,402255ab00000282
130719,15北京07,2015/11/26,25.3886,2015/11/20,2022/11/20,3.24,402255c300000283
130720,15北京08,2015/11/26,16.7385,2015/11/20,2025/11/20,3.23,402255e700000284
130721,15北京Z5,2015/11/26,62.2984,2015/11/20,2018/11/20,2.93,4022559300000285
130722,15北京Z6,2015/11/26,69.6062,2015/11/20,2020/11/20,3.1,402255ab00000286
130723,15北京Z7,2015/11/26,66.9075,2015/11/20,2022/11/20,3.24,402255c300000287
130724,15北京Z8,2015/11/26,57.87,2015/11/20,2025/11/20,3.23,402255e700000288
130725,15北京Z9,2015/11/26,2.03,2015/11/20,2022/11/20,3.24,402255c300000289
130726,15湖南05,2015/11/27,46.467,2015/11/23,2018/11/23,3.04,402255930000028a
130727,15湖南06,2015/11/27,132,2015/11/23,2020/11/23,3.19,402255ab0000028b
130728,15湖南07,2015/11/27,132,2015/11/23,2022/11/23,3.35,402255c30000028c
130729,15湖南08,2015/11/27,132,2015/11/23,2025/11/23,3.33,402255e70000028d
130730,15上海08,2015/12/1,50,2015/11/25,2018/11/25,2.95,402255930000028e
130731,15上海09,2015/12/1,50,2015/11/25,2020/11/25,3.1,402255ab0000028f
130732,15山东13,2015/12/3,2.8,2015/11/27,2018/11/27,3.08,4022559300000290
130733,15山东14,2015/12/3,8.4,2015/11/27,2020/11/27,3.19,402255ab00000291
130734,15山东15,2015/12/3,8.4,2015/11/27,2022/11/27,3.38,402255c300000292
130735,15山东16,2015/12/3,8.4,2015/11/27,2025/11/27,3.34,402255e700000293
130736,15贵州13,2015/12/3,27.2592,2015/11/27,2018/11/27,3.11,4022559300000294
130737,15贵州14,2015/12/3,39,2015/11/27,2020/11/27,3.22,402255ab00000295
130738,15贵州15,2015/12/3,39,2015/11/27,2022/11/27,3.41,402255c300000296
130739,15贵州16,2015/12/3,26,2015/11/27,2025/11/27,3.4,402255e700000297
130740,15贵州Z5,2015/12/3,58.1594,2015/11/27,2018/11/27,3.09,4022559300000298
130741,15贵州Z6,2015/12/3,85,2015/11/27,2020/11/27,3.25,402255ab00000299
130742,15贵州Z7,2015/12/3,85,2015/11/27,2022/11/27,3.41,402255c30000029a
130743,15贵州Z8,2015/12/3,56,2015/11/27,2025/11/27,3.47,402255e70000029b
130744,15浙江13,2015/12/4,25.6,2015/11/30,2018/11/30,2.95,402255930000029c
130745,15浙江14,2015/12/4,76,2015/11/30,2020/11/30,3.06,402255ab0000029d
130746,15浙江15,2015/12/4,76,2015/11/30,2022/11/30,3.24,402255c30000029e
130747,15浙江16,2015/12/4,76,2015/11/30,2025/11/30,3.2,402255e70000029f
130748,15青岛09,2015/12/10,1.4,2015/12/4,2018/12/4,3.06,40225594000002a0
130749,15青岛10,2015/12/10,4.2,2015/12/4,2020/12/4,3.15,402255ac000002a1
130750,15青岛11,2015/12/10,4.2,2015/12/4,2022/12/4,3.32,402255c4000002a2
130751,15青岛12,2015/12/10,4.2,2015/12/4,2025/12/4,3.3,402255e8000002a3
130752,15福建17,2015/12/10,16.1794,2015/12/4,2018/12/4,3.07,40225594000002a4
130753,15福建18,2015/12/10,48,2015/12/4,2020/12/4,3.15,402255ac000002a5
130754,15福建19,2015/12/10,48,2015/12/4,2022/12/4,3.32,402255c4000002a6
130755,15福建20,2015/12/10,48,2015/12/4,2025/12/4,3.3,402255e8000002a7
130756,15福建Z9,2015/12/10,122.8185,2015/12/4,2020/12/4,3.15,402255ac000002a8
130757,15福建21,2015/12/10,122.8,2015/12/4,2025/12/4,3.3,402255e8000002a9
130758,15内蒙13,2015/12/11,8.7,2015/12/7,2018/12/7,3.11,40225594000002aa
130759,15内蒙14,2015/12/11,18.1,2015/12/7,2020/12/7,3.29,402255ac000002ab
130760,15内蒙15,2015/12/11,18.1,2015/12/7,2022/12/7,3.42,402255c4000002ac
130761,15内蒙16,2015/12/11,18.1,2015/12/7,2025/12/7,3.44,402255e8000002ad
130762,15内蒙Z9,2015/12/11,11,2015/12/7,2020/12/7,3.19,402255ac000002ae
130763,15内蒙17,2015/12/11,10,2015/12/7,2022/12/7,3.36,402255c4000002af
130764,15辽宁09,2015/12/15,216.6,2015/12/9,2018/12/9,3,40225594000002b0
130765,15辽宁10,2015/12/15,216.6,2015/12/9,2020/12/9,3.18,402255ac000002b1
130766,15辽宁11,2015/12/15,216.6,2015/12/9,2022/12/9,3.34,402255c4000002b2
130767,15辽宁12,2015/12/15,72.2,2015/12/9,2025/12/9,3.34,402255e8000002b3
130768,15甘肃13,2015/12/17,7,2015/12/11,2018/12/11,3,40225594000002b4
130769,15甘肃14,2015/12/17,15,2015/12/11,2020/12/11,3.15,402255ac000002b5
130770,15甘肃15,2015/12/17,15.7,2015/12/11,2022/12/11,3.33,402255c4000002b6
130771,15甘肃16,2015/12/17,15,2015/12/11,2025/12/11,3.32,402255e8000002b7
130772,15山西09,2015/12/22,5.5,2015/12/16,2018/12/16,2.71,40225594000002b8
130773,15山西10,2015/12/22,15.8,2015/12/16,2020/12/16,2.83,402255ac000002b9
130774,15山西11,2015/12/22,15.8,2015/12/16,2022/12/16,3.01,402255c4000002ba
130775,15山西12,2015/12/22,15.8,2015/12/16,2025/12/16,3,402255e8000002bb
130776,15贵州17,2015/12/30,6,2015/12/24,2018/12/24,2.79,40225594000002bc
130777,15贵州18,2015/12/30,9,2015/12/24,2020/12/24,2.99,402255ac000002bd
130778,15贵州19,2015/12/30,9,2015/12/24,2022/12/24,3.18,402255c4000002be
130779,15贵州20,2015/12/30,6,2015/12/24,2025/12/24,3.23,402255e8000002bf
130780,16湖北01,2016/2/23,180,2016/2/19,2019/2/19,2.75,40225596000002c0
130781,16湖北02,2016/2/23,180,2016/2/19,2021/2/19,2.9,402255ae000002c1
130782,16湖北03,2016/2/23,180,2016/2/19,2023/2/19,3.07,402255c6000002c2
130783,16湖北04,2016/2/23,60,2016/2/19,2026/2/19,3.04,402255ea000002c3
130784,16广东01,2016/2/26,228.5,2016/2/24,2021/2/24,2.9,402255ae000002c4
130785,16广东02,2016/2/26,91.4,2016/2/24,2023/2/24,3.07,402255c6000002c5
130786,16广东03,2016/2/26,137.1,2016/2/24,2026/2/24,3.04,402255ea000002c6
130787,16广东04,2016/3/7,41.3,2016/3/2,2019/3/2,2.74,40225597000002c7
130788,16广东05,2016/3/7,123.9,2016/3/2,2021/3/2,2.85,402255af000002c8
130789,16广东06,2016/3/7,123.9,2016/3/2,2023/3/2,3.07,402255c7000002c9
130790,16广东07,2016/3/7,123.9,2016/3/2,2026/3/2,3.06,402255eb000002ca
130791,16浙江01,2016/3/15,30,2016/3/11,2019/3/11,2.57,40225597000002cb
130792,16浙江02,2016/3/15,90,2016/3/11,2021/3/11,2.79,402255af000002cc
130793,16浙江03,2016/3/15,90,2016/3/11,2023/3/11,3.07,402255c7000002cd
130794,16浙江04,2016/3/15,90,2016/3/11,2026/3/11,3.21,402255eb000002ce
130795,16山东01,2016/3/16,63.2,2016/3/11,2019/3/11,2.6,40225597000002cf
130796,16山东02,2016/3/16,94.8,2016/3/11,2021/3/11,2.79,402255af000002d0
130797,16山东03,2016/3/16,94.8,2016/3/11,2023/3/11,3.09,402255c7000002d1
130798,16山东04,2016/3/16,63.2,2016/3/11,2026/3/11,3.11,402255eb000002d2
130799,16山东05,2016/3/16,56.8,2016/3/11,2019/3/11,2.59,40225597000002d3
130800,16山东06,2016/3/16,85.2,2016/3/11,2021/3/11,2.79,402255af000002d4
130801,16山东07,2016/3/16,85.2,2016/3/11,2023/3/11,3.09,402255c7000002d5
130802,16山东08,2016/3/16,56.8,2016/3/11,2026/3/11,3.11,402255eb000002d6
130803,16内蒙01,2016/3/16,63,2016/3/14,2019/3/14,2.76,40225597000002d7
130804,16内蒙02,2016/3/16,189,2016/3/14,2021/3/14,2.93,402255af000002d8
130805,16内蒙03,2016/3/16,189,2016/3/14,2023/3/14,3.19,402255c7000002d9
130806,16内蒙04,2016/3/16,189,2016/3/14,2026/3/14,3.2,402255eb000002da
130807,16江苏01,2016/3/18,121.8,2016/3/16,2019/3/16,2.64,40225597000002db
130808,16江苏02,2016/3/18,182.5,2016/3/16,2021/3/16,2.76,402255af000002dc
130809,16江苏03,2016/3/18,182.5,2016/3/16,2023/3/16,3.05,402255c7000002dd
130810,16江苏04,2016/3/18,121.8,2016/3/16,2026/3/16,3.06,402255eb000002de
130811,16江苏05,2016/3/18,105.5,2016/3/16,2019/3/16,2.58,40225597000002df
130812,16江苏06,2016/3/18,158.2,2016/3/16,2021/3/16,2.76,402255af000002e0
130813,16江苏07,2016/3/18,158.2,2016/3/16,2023/3/16,3.05,402255c7000002e1
130814,16江苏08,2016/3/18,105.5,2016/3/16,2026/3/16,3.06,402255eb000002e2
130815,16重庆01,2016/3/22,26,2016/3/18,2019/3/18,2.64,40225597000002e3
130816,16重庆02,2016/3/22,51,2016/3/18,2021/3/18,2.78,402255af000002e4
130817,16重庆03,2016/3/22,51,2016/3/18,2023/3/18,3.04,402255c7000002e5
130818,16重庆04,2016/3/22,42,2016/3/18,2026/3/18,3.04,402255eb000002e6
130819,16重庆05,2016/3/22,65,2016/3/18,2021/3/18,2.78,402255af000002e7
130820,16重庆06,2016/3/22,65,2016/3/18,2023/3/18,3.04,402255c7000002e8
130821,16天津01,2016/3/24,8.64,2016/3/21,2019/3/21,2.52,40225597000002e9
130822,16天津02,2016/3/24,5.5,2016/3/21,2021/3/21,2.76,402255af000002ea
130823,16天津03,2016/3/24,49.75,2016/3/21,2021/3/21,2.73,402255af000002eb
130824,16天津04,2016/3/24,23.26,2016/3/21,2023/3/21,2.98,402255c7000002ec
130825,16天津05,2016/3/24,26.95,2016/3/21,2026/3/21,3.03,402255eb000002ed
130826,16云南01,2016/3/24,37.6,2016/3/22,2023/3/22,3.02,402255c7000002ee
130827,16云南02,2016/3/24,37,2016/3/22,2026/3/22,3.05,402255eb000002ef
130828,16云南03,2016/3/24,68.5,2016/3/22,2023/3/22,3,402255c7000002f0
130829,16云南04,2016/3/24,70,2016/3/22,2026/3/22,3.05,402255eb000002f1
130830,16新疆01,2016/3/28,37.3,2016/3/23,2019/3/23,2.52,40225597000002f2
130831,16新疆02,2016/3/28,55.95,2016/3/23,2021/3/23,2.72,402255af000002f3
130832,16新疆03,2016/3/28,55.95,2016/3/23,2023/3/23,3,402255c7000002f4
130833,16新疆04,2016/3/28,37.3,2016/3/23,2026/3/23,3.02,402255eb000002f5
130834,16江西01,2016/3/30,29.5,2016/3/25,2019/3/25,2.43,40225597000002f6
130835,16江西02,2016/3/30,87.9,2016/3/25,2021/3/25,2.71,402255af000002f7
130836,16江西03,2016/3/30,87.9,2016/3/25,2023/3/25,3,402255c7000002f8
130837,16江西04,2016/3/30,87.9,2016/3/25,2026/3/25,3.01,402255eb000002f9
130838,16江西05,2016/3/30,26.7,2016/3/25,2019/3/25,2.5,40225597000002fa
130839,16江西06,2016/3/30,26.7,2016/3/25,2021/3/25,2.71,402255af000002fb
130840,16江西07,2016/3/30,26.7,2016/3/25,2023/3/25,3.05,402255c7000002fc
130841,16江西08,2016/3/30,26.7,2016/3/25,2026/3/25,3.07,402255eb000002fd
130842,16宁夏01,2016/3/29,21,2016/3/25,2019/3/25,2.55,40225597000002fe
130843,16宁夏02,2016/3/29,21,2016/3/25,2021/3/25,2.78,402255af000002ff
130844,16宁夏03,2016/3/29,21,2016/3/25,2023/3/25,3.04,402255c700000300
130845,16宁夏04,2016/3/29,7,2016/3/25,2026/3/25,3.05,402255eb00000301
130846,16广西01,2016/3/31,30,2016/3/28,2019/3/28,2.39,4022559700000302
130847,16广西02,2016/3/31,42,2016/3/28,2021/3/28,2.65,402255af00000303
130848,16广西03,2016/3/31,42,2016/3/28,2023/3/28,2.96,402255c700000304
130849,16广西04,2016/3/31,29,2016/3/28,2026/3/28,2.99,402255eb00000305
130850,16广西05,2016/3/31,85,2016/3/28,2021/3/28,2.61,402255af00000306
130851,16广西06,2016/3/31,85,2016/3/28,2023/3/28,2.93,402255c700000307
130852,16四川01,2016/3/31,138,2016/3/29,2019/3/29,2.53,4022559700000308
130853,16四川02,2016/3/31,138,2016/3/29,2021/3/29,2.75,402255af00000309
130854,16四川03,2016/3/31,138,2016/3/29,2023/3/29,3.04,402255c70000030a
130855,16四川04,2016/3/31,45.62,2016/3/29,2026/3/29,3.08,402255eb0000030b
130856,16辽宁01,2016/4/1,227,2016/3/29,2019/3/29,2.63,402255970000030c
130857,16辽宁02,2016/4/1,227,2016/3/29,2021/3/29,2.85,402255af0000030d
130858,16辽宁03,2016/4/1,227,2016/3/29,2023/3/29,3.14,402255c70000030e
130859,16辽宁04,2016/4/1,78,2016/3/29,2026/3/29,3.18,402255eb0000030f
130860,16安徽01,2016/4/6,23,2016/4/1,2019/4/1,2.46,4022559800000310
130861,16安徽02,2016/4/6,62,2016/4/1,2021/4/1,2.71,402255b000000311
130862,16安徽03,2016/4/6,62,2016/4/1,2023/4/1,3,402255c800000312
130863,16安徽04,2016/4/6,62,2016/4/1,2026/4/1,3.04,402255ec00000313
130864,16青海01,2016/4/7,36,2016/4/1,2019/4/1,2.46,4022559800000314
130865,16青海02,2016/4/7,52,2016/4/1,2021/4/1,2.66,402255b000000315
130866,16青海03,2016/4/7,52,2016/4/1,2023/4/1,3,402255c800000316
130867,16青海04,2016/4/7,58.5,2016/4/1,2026/4/1,3.04,402255ec00000317
130868,16广东08,2016/4/11,28.7,2016/4/6,2019/4/6,2.46,4022559800000318
130869,16广东09,2016/4/11,86.1,2016/4/6,2021/4/6,2.67,402255b000000319
130870,16广东10,2016/4/11,86.1,2016/4/6,2023/4/6,2.98,402255c80000031a
130871,16广东11,2016/4/11,86.1,2016/4/6,2026/4/6,3.03,402255ec0000031b
130872,16广东12,2016/4/11,15,2016/4/6,2021/4/6,2.64,402255b00000031c
130873,16广东13,2016/4/11,6,2016/4/6,2023/4/6,2.98,402255c80000031d
130874,16广东14,2016/4/11,9,2016/4/6,2026/4/6,3.03,402255ec0000031e
130875,16广西07,2016/4/12,20,2016/4/7,2019/4/7,2.49,402255980000031f
130876,16广西08,2016/4/12,30,2016/4/7,2021/4/7,2.68,402255b000000320
130877,16广西09,2016/4/12,30,2016/4/7,2023/4/7,2.99,402255c800000321
130878,16广西10,2016/4/12,20,2016/4/7,2026/4/7,3.07,402255ec00000322
130879,16新疆05,2016/4/12,47.1,2016/4/8,2019/4/8,2.42,4022559800000323
130880,16新疆06,2016/4/12,70.6,2016/4/8,2021/4/8,2.62,402255b000000324
130881,16新疆07,2016/4/12,70.6,2016/4/8,2023/4/8,2.98,402255c800000325
130882,16新疆08,2016/4/12,47,2016/4/8,2026/4/8,3.08,402255ec00000326
130883,16新疆09,2016/4/12,14.6,2016/4/8,2019/4/8,2.37,4022559800000327
130884,16新疆10,2016/4/12,21.8,2016/4/8,2021/4/8,2.58,402255b000000328
130885,16新疆11,2016/4/12,21.8,2016/4/8,2023/4/8,2.93,402255c800000329
130886,16新疆12,2016/4/12,14.5,2016/4/8,2026/4/8,3.05,402255ec0000032a
130887,16贵州01,2016/4/13,100,2016/4/8,2019/4/8,2.52,402255980000032b
130888,16贵州02,2016/4/13,150,2016/4/8,2021/4/8,2.69,402255b00000032c
130889,16贵州03,2016/4/13,150,2016/4/8,2023/4/8,3.05,402255c80000032d
130890,16贵州04,2016/4/13,100,2016/4/8,2026/4/8,3.14,402255ec0000032e
130891,16贵州05,2016/4/13,60,2016/4/8,2019/4/8,2.53,402255980000032f
130892,16贵州06,2016/4/13,90,2016/4/8,2021/4/8,2.72,402255b000000330
130893,16贵州07,2016/4/13,90,2016/4/8,2023/4/8,3.03,402255c800000331
130894,16贵州08,2016/4/13,60,2016/4/8,2026/4/8,3.15,402255ec00000332
130895,16黑龙01,2016/4/14,92.4,2016/4/11,2019/4/11,2.62,4022559800000333
130896,16黑龙02,2016/4/14,138.6,2016/4/11,2021/4/11,2.77,402255b000000334
130897,16黑龙03,2016/4/14,138.6,2016/4/11,2023/4/11,3.09,402255c800000335
130898,16黑龙04,2016/4/14,92.4,2016/4/11,2026/4/11,3.18,402255ec00000336
130899,16黑龙05,2016/4/14,26,2016/4/11,2019/4/11,2.63,4022559800000337
130900,16黑龙06,2016/4/14,39,2016/4/11,2021/4/11,2.77,402255b000000338
130901,16黑龙07,2016/4/14,39,2016/4/11,2023/4/11,3.09,402255c800000339
130902,16黑龙08,2016/4/14,26,2016/4/11,2026/4/11,3.18,402255ec0000033a
130903,16湖南01,2016/4/14,101,2016/4/12,2023/4/12,2.97,402255c80000033b
130904,16湖南02,2016/4/14,310,2016/4/12,2026/4/12,3.06,402255ec0000033c
130905,16河南01,2016/4/19,100,2016/4/15,2019/4/15,2.59,402255980000033d
130906,16河南02,2016/4/19,150,2016/4/15,2021/4/15,2.73,402255b00000033e
130907,16河南03,2016/4/19,150,2016/4/15,2023/4/15,3.06,402255c80000033f
130908,16河南04,2016/4/19,100,2016/4/15,2026/4/15,3.16,402255ec00000340
130909,16河北01,2016/4/20,80,2016/4/15,2019/4/15,2.54,4022559800000341
130910,16河北02,2016/4/20,119,2016/4/15,2021/4/15,2.68,402255b000000342
130911,16河北03,2016/4/20,119,2016/4/15,2023/4/15,3,402255c800000343
130912,16河北04,2016/4/20,79,2016/4/15,2026/4/15,3.1,402255ec00000344
130913,16河北05,2016/4/20,61,2016/4/15,2019/4/15,2.54,4022559800000345
130914,16河北06,2016/4/20,91,2016/4/15,2021/4/15,2.68,402255b000000346
130915,16河北07,2016/4/20,91,2016/4/15,2023/4/15,3.06,402255c800000347
130916,16河北08,2016/4/20,60,2016/4/15,2026/4/15,3.14,402255ec00000348
130917,16湖北05,2016/4/20,45,2016/4/18,2019/4/18,2.61,4022559800000349
130918,16湖北06,2016/4/20,45,2016/4/18,2021/4/18,2.78,402255b00000034a
130919,16湖北07,2016/4/20,45,2016/4/18,2023/4/18,3.1,402255c80000034b
130920,16湖北08,2016/4/20,15,2016/4/18,2026/4/18,3.21,402255ec0000034c
130921,16湖北09,2016/4/20,125,2016/4/18,2021/4/18,2.82,402255b00000034d
130922,16湖北10,2016/4/20,125,2016/4/18,2023/4/18,3.07,402255c80000034e
130923,16甘肃01,2016/4/21,44,2016/4/18,2019/4/18,2.61,402255980000034f
130924,16甘肃02,2016/4/21,108.341,2016/4/18,2021/4/18,2.76,402255b000000350
130925,16甘肃03,2016/4/21,90,2016/4/18,2023/4/18,3.02,402255c800000351
130926,16甘肃04,2016/4/21,73.2465,2016/4/18,2021/4/18,2.76,402255b000000352
130927,16甘肃05,2016/4/21,13,2016/4/18,2023/4/18,3.02,402255c800000353
130928,16山西01,2016/4/25,27,2016/4/20,2019/4/20,2.43,4022559800000354
130929,16山西02,2016/4/25,81,2016/4/20,2021/4/20,2.65,402255b000000355
130930,16山西03,2016/4/25,81,2016/4/20,2023/4/20,2.98,402255c800000356
130931,16山西04,2016/4/25,81,2016/4/20,2026/4/20,3.12,402255ec00000357
130932,16山东09,2016/5/3,138.08,2016/4/27,2019/4/27,2.66,4022559800000358
130933,16山东10,2016/5/3,207.12,2016/4/27,2021/4/27,2.94,402255b000000359
130934,16山东11,2016/5/3,207.12,2016/4/27,2023/4/27,3.18,402255c80000035a
130935,16山东12,2016/5/3,138.08,2016/4/27,2026/4/27,3.15,402255ec0000035b
130936,16陕西01,2016/5/4,92.9,2016/4/29,2019/4/29,2.71,402255980000035c
130937,16陕西02,2016/5/4,92.9,2016/4/29,2021/4/29,2.94,402255b00000035d
130938,16陕西03,2016/5/4,92.9,2016/4/29,2023/4/29,3.23,402255c80000035e
130939,16陕西04,2016/5/4,31.5448,2016/4/29,2026/4/29,3.2,402255ec0000035f
130940,16陕西05,2016/5/4,65.9,2016/4/29,2019/4/29,2.73,4022559800000360
130941,16陕西06,2016/5/4,65.9,2016/4/29,2021/4/29,2.95,402255b000000361
130942,16陕西07,2016/5/4,65.9,2016/4/29,2023/4/29,3.23,402255c800000362
130943,16陕西08,2016/5/4,22.2557,2016/4/29,2026/4/29,3.21,402255ec00000363
130944,16湖南03,2016/5/11,39.3318,2016/5/9,2019/5/9,2.77,4022559900000364
130945,16湖南04,2016/5/11,481.6682,2016/5/9,2021/5/9,2.91,402255b100000365
130946,16海南01,2016/5/17,28.9752,2016/5/13,2019/5/13,2.72,4022559900000366
130947,16海南02,2016/5/17,24,2016/5/13,2021/5/13,2.91,402255b100000367
130948,16海南03,2016/5/17,31,2016/5/13,2026/5/13,3.1,402255ed00000368
130949,16宁波01,2016/5/19,18.1,2016/5/16,2019/5/16,2.61,4022559900000369
130950,16宁波02,2016/5/19,26.2,2016/5/16,2021/5/16,2.78,402255b10000036a
130951,16宁波03,2016/5/19,19.2,2016/5/16,2023/5/16,3.02,402255c90000036b
130952,16宁波04,2016/5/19,26.2,2016/5/16,2026/5/16,3.09,402255ed0000036c
130953,16宁波05,2016/5/19,5.3,2016/5/16,2019/5/16,2.56,402255990000036d
130954,16宁波06,2016/5/19,7.6,2016/5/16,2021/5/16,2.7,402255b10000036e
130955,16宁波07,2016/5/19,4.2,2016/5/16,2023/5/16,2.91,402255c90000036f
130956,16宁波08,2016/5/19,7.6,2016/5/16,2026/5/16,2.95,402255ed00000370
130957,16青岛01,2016/5/19,3.9,2016/5/17,2019/5/17,2.7,4022559900000371
130958,16青岛02,2016/5/19,11.7,2016/5/17,2021/5/17,2.87,402255b100000372
130959,16青岛03,2016/5/19,11.7,2016/5/17,2023/5/17,3.12,402255c900000373
130960,16青岛04,2016/5/19,11.7,2016/5/17,2026/5/17,3.15,402255ed00000374
130961,16青岛05,2016/5/19,19.5,2016/5/17,2021/5/17,2.85,402255b100000375
130962,16青岛06,2016/5/19,7.8,2016/5/17,2023/5/17,3.1,402255c900000376
130963,16青岛07,2016/5/19,11.7,2016/5/17,2026/5/17,3.14,402255ed00000377
130964,16四川05,2016/5/23,60,2016/5/18,2019/5/18,2.76,4022559900000378
130965,16四川06,2016/5/23,60,2016/5/18,2021/5/18,2.98,402255b100000379
130966,16四川07,2016/5/23,60,2016/5/18,2023/5/18,3.16,402255c90000037a
130967,16四川08,2016/5/23,20,2016/5/18,2026/5/18,3.21,402255ed0000037b
130968,16四川09,2016/5/23,120,2016/5/18,2019/5/18,2.79,402255990000037c
130969,16四川10,2016/5/23,120,2016/5/18,2021/5/18,2.98,402255b10000037d
130970,16四川11,2016/5/23,120,2016/5/18,2023/5/18,3.18,402255c90000037e
130971,16四川12,2016/5/23,40,2016/5/18,2026/5/18,3.21,402255ed0000037f
130972,16宁夏05,2016/5/24,14,2016/5/20,2019/5/20,2.64,4022559900000380
130973,16宁夏06,2016/5/24,14,2016/5/20,2021/5/20,2.9,402255b100000381
130974,16宁夏07,2016/5/24,14,2016/5/20,2023/5/20,3.18,402255c900000382
130975,16宁夏08,2016/5/24,4.21,2016/5/20,2026/5/20,3.2,402255ed00000383
130976,16辽宁05,2016/5/27,61,2016/5/25,2019/5/25,2.83,4022559900000384
130977,16辽宁06,2016/5/27,61,2016/5/25,2021/5/25,3.05,402255b100000385
130978,16辽宁07,2016/5/27,61,2016/5/25,2023/5/25,3.3,402255c900000386
130979,16辽宁08,2016/5/27,22,2016/5/25,2026/5/25,3.3,402255ed00000387
130980,16云南05,2016/5/31,235,2016/5/27,2021/5/27,2.98,402255b100000388
130981,16云南06,2016/5/31,250,2016/5/27,2023/5/27,3.23,402255c900000389
130982,16云南07,2016/5/31,55,2016/5/27,2021/5/27,2.98,402255b10000038a
130983,16云南08,2016/5/31,40,2016/5/27,2023/5/27,3.23,402255c90000038b
130984,16陕西09,2016/6/1,90.6,2016/5/27,2019/5/27,2.74,402255990000038c
130985,16陕西10,2016/6/1,90.6,2016/5/27,2021/5/27,2.94,402255b10000038d
130986,16陕西11,2016/6/1,90.6,2016/5/27,2023/5/27,3.2,402255c90000038e
130987,16陕西12,2016/6/1,30.2,2016/5/27,2026/5/27,3.25,402255ed0000038f
130988,16陕西13,2016/6/1,10.2,2016/5/27,2019/5/27,2.73,4022559900000390
130989,16陕西14,2016/6/1,10.2,2016/5/27,2021/5/27,2.95,402255b100000391
130990,16陕西15,2016/6/1,10.2,2016/5/27,2023/5/27,3.18,402255c900000392
130991,16陕西16,2016/6/1,3.4,2016/5/27,2026/5/27,3.19,402255ed00000393
130992,16陕西17,2016/6/1,1.5,2016/5/27,2019/5/27,2.69,4022559900000394
130993,16陕西18,2016/6/1,1.5,2016/5/27,2021/5/27,2.9,402255b100000395
130994,16陕西19,2016/6/1,1.5,2016/5/27,2023/5/27,3.13,402255c900000396
130995,16陕西20,2016/6/1,0.5,2016/5/27,2026/5/27,3.1,402255ed00000397
130996,16青海05,2016/6/1,11,2016/5/30,2019/5/30,2.7,4022559900000398
130997,16青海06,2016/6/1,19.5,2016/5/30,2021/5/30,2.9,402255b100000399
130998,16青海07,2016/6/1,20,2016/5/30,2023/5/30,3.18,402255c90000039a
130999,16青海08,2016/6/1,20.5,2016/5/30,2026/5/30,3.18,402255ed0000039b
140000,16青海09,2016/6/1,6,2016/5/30,2019/5/30,2.7,402255990000039c
140001,16青海10,2016/6/1,6.1,2016/5/30,2021/5/30,2.9,402255b10000039d
140002,16青海11,2016/6/1,6.9,2016/5/30,2023/5/30,3.18,402255c90000039e
140003,16青海12,2016/6/1,5,2016/5/30,2026/5/30,3.24,402255ed0000039f
140004,16内蒙05,2016/6/2,24.7471,2016/5/31,2019/5/31,2.86,40225599000003a0
140005,16内蒙06,2016/6/2,74.21,2016/5/31,2021/5/31,3.05,402255b1000003a1
140006,16内蒙07,2016/6/2,74.21,2016/5/31,2023/5/31,3.31,402255c9000003a2
140007,16内蒙08,2016/6/2,74.21,2016/5/31,2026/5/31,3.29,402255ed000003a3
140008,16河南05,2016/6/3,76,2016/5/31,2019/5/31,2.81,40225599000003a4
140009,16河南06,2016/6/3,114,2016/5/31,2021/5/31,3.03,402255b1000003a5
140010,16河南07,2016/6/3,114,2016/5/31,2023/5/31,3.26,402255c9000003a6
140011,16河南08,2016/6/3,76,2016/5/31,2026/5/31,3.24,402255ed000003a7
140012,16河南09,2016/6/3,52.6,2016/5/31,2019/5/31,2.81,40225599000003a8
140013,16河南10,2016/6/3,78.9,2016/5/31,2021/5/31,3.03,402255b1000003a9
140014,16河南11,2016/6/3,78.9,2016/5/31,2023/5/31,3.26,402255c9000003aa
140015,16河南12,2016/6/3,52.6,2016/5/31,2026/5/31,3.24,402255ed000003ab
140016,16天津06,2016/6/6,49.28,2016/6/1,2019/6/1,2.67,4022559a000003ac
140017,16天津07,2016/6/6,134.8,2016/6/1,2021/6/1,2.86,402255b2000003ad
140018,16天津08,2016/6/6,137.61,2016/6/1,2023/6/1,3.1,402255ca000003ae
140019,16天津09,2016/6/6,137.6,2016/6/1,2026/6/1,3.13,402255ee000003af
140020,16天津10,2016/6/6,58.35,2016/6/1,2021/6/1,2.75,402255b2000003b0
140021,16天津11,2016/6/6,21.2,2016/6/1,2023/6/1,2.97,402255ca000003b1
140022,16天津12,2016/6/6,20.28,2016/6/1,2026/6/1,2.95,402255ee000003b2
140023,16河北09,2016/6/7,145,2016/6/2,2019/6/2,2.76,4022559a000003b3
140024,16河北10,2016/6/7,145,2016/6/2,2021/6/2,2.94,402255b2000003b4
140025,16河北11,2016/6/7,145,2016/6/2,2023/6/2,3.23,402255ca000003b5
140026,16河北12,2016/6/7,49.58,2016/6/2,2026/6/2,3.21,402255ee000003b6
140027,16河北13,2016/6/7,43,2016/6/2,2019/6/2,2.74,4022559a000003b7
140028,16河北14,2016/6/7,59.42,2016/6/2,2021/6/2,2.9,402255b2000003b8
140029,16河北15,2016/6/7,43,2016/6/2,2023/6/2,3.18,402255ca000003b9
140030,16贵州09,2016/6/8,80,2016/6/3,2019/6/3,2.81,4022559a000003ba
140031,16贵州10,2016/6/8,120,2016/6/3,2021/6/3,2.99,402255b2000003bb
140032,16贵州11,2016/6/8,120,2016/6/3,2023/6/3,3.18,402255ca000003bc
140033,16贵州12,2016/6/8,80,2016/6/3,2026/6/3,3.27,402255ee000003bd
140034,16湖北11,2016/6/8,76.8,2016/6/6,2019/6/6,2.8,4022559a000003be
140035,16湖北12,2016/6/8,76.8,2016/6/6,2021/6/6,3.01,402255b2000003bf
140036,16湖北13,2016/6/8,76.8,2016/6/6,2023/6/6,3.28,402255ca000003c0
140037,16湖北14,2016/6/8,25.6,2016/6/6,2026/6/6,3.34,402255ee000003c1
140038,16湖北15,2016/6/8,150,2016/6/6,2021/6/6,3.04,402255b2000003c2
140039,16湖北16,2016/6/8,150,2016/6/6,2023/6/6,3.3,402255ca000003c3
140040,16山东13,2016/6/13,129.96,2016/6/7,2019/6/7,2.83,4022559a000003c4
140041,16山东14,2016/6/13,194.93,2016/6/7,2021/6/7,3.03,402255b2000003c5
140042,16山东15,2016/6/13,194.93,2016/6/7,2023/6/7,3.26,402255ca000003c6
140043,16山东16,2016/6/13,129.96,2016/6/7,2026/6/7,3.27,402255ee000003c7
140044,16山东17,2016/6/13,6,2016/6/7,2019/6/7,2.83,4022559a000003c8
140045,16山东18,2016/6/13,9,2016/6/7,2021/6/7,3.03,402255b2000003c9
140046,16山东19,2016/6/13,9,2016/6/7,2023/6/7,3.26,402255ca000003ca
140047,16山东20,2016/6/13,6,2016/6/7,2026/6/7,3.27,402255ee000003cb
140048,16甘肃06,2016/6/14,77,2016/6/7,2026/6/7,3.27,402255ee000003cc
140049,16重庆07,2016/6/14,21,2016/6/8,2019/6/8,2.81,4022559a000003cd
140050,16重庆08,2016/6/14,40,2016/6/8,2021/6/8,3,402255b2000003ce
140051,16重庆09,2016/6/14,40,2016/6/8,2023/6/8,3.19,402255ca000003cf
140052,16重庆10,2016/6/14,36,2016/6/8,2026/6/8,3.27,402255ee000003d0
140053,16重庆11,2016/6/14,68,2016/6/8,2019/6/8,2.79,4022559a000003d1
140054,16重庆12,2016/6/14,67,2016/6/8,2021/6/8,2.96,402255b2000003d2
140055,16重庆13,2016/6/14,67,2016/6/8,2023/6/8,3.19,402255ca000003d3
140056,16重庆14,2016/6/14,67,2016/6/8,2026/6/8,3.23,402255ee000003d4
140057,16广西11,2016/6/15,36,2016/6/8,2019/6/8,2.81,4022559a000003d5
140058,16广西12,2016/6/15,100,2016/6/8,2021/6/8,2.96,402255b2000003d6
140059,16广西13,2016/6/15,100,2016/6/8,2023/6/8,3.24,402255ca000003d7
140060,16广西14,2016/6/15,100,2016/6/8,2026/6/8,3.28,402255ee000003d8
140061,16广西15,2016/6/15,16,2016/6/8,2021/6/8,2.96,402255b2000003d9
140062,16广西16,2016/6/15,6,2016/6/8,2023/6/8,3.24,402255ca000003da
140063,16广西17,2016/6/15,10,2016/6/8,2026/6/8,3.28,402255ee000003db
140064,16江苏09,2016/6/16,67.7,2016/6/14,2019/6/14,2.71,4022559a000003dc
140065,16江苏10,2016/6/16,100,2016/6/14,2021/6/14,2.96,402255b2000003dd
140066,16江苏11,2016/6/16,100,2016/6/14,2023/6/14,3.19,402255ca000003de
140067,16江苏12,2016/6/16,67,2016/6/14,2026/6/14,3.21,402255ee000003df
140068,16江苏13,2016/6/16,109,2016/6/14,2019/6/14,2.71,4022559a000003e0
140069,16江苏14,2016/6/16,161,2016/6/14,2021/6/14,2.89,402255b2000003e1
140070,16江苏15,2016/6/16,161,2016/6/14,2023/6/14,3.15,402255ca000003e2
140071,16江苏16,2016/6/16,108,2016/6/14,2026/6/14,3.18,402255ee000003e3
140072,16浙江05,2016/6/20,42.2,2016/6/15,2019/6/15,2.65,4022559a000003e4
140073,16浙江06,2016/6/20,126.5,2016/6/15,2021/6/15,2.88,402255b2000003e5
140074,16浙江07,2016/6/20,126.5,2016/6/15,2023/6/15,3.1,402255ca000003e6
140075,16浙江08,2016/6/20,126.5,2016/6/15,2026/6/15,3.2,402255ee000003e7
140076,16浙江09,2016/6/20,19.5,2016/6/15,2021/6/15,2.8,402255b2000003e8
140077,16浙江10,2016/6/20,19.5,2016/6/15,2026/6/15,3.09,402255ee000003e9
140078,16新疆13,2016/6/21,9.4,2016/6/16,2019/6/16,2.6,4022559a000003ea
140079,16新疆14,2016/6/21,14.1,2016/6/16,2021/6/16,2.8,402255b2000003eb
140080,16新疆15,2016/6/21,14.1,2016/6/16,2023/6/16,2.99,402255ca000003ec
140081,16新疆16,2016/6/21,9.4,2016/6/16,2026/6/16,3,402255ee000003ed
140082,16宁夏09,2016/6/21,20,2016/6/17,2019/6/17,2.76,4022559a000003ee
140083,16宁夏10,2016/6/21,23,2016/6/17,2021/6/17,3.01,402255b2000003ef
140084,16宁夏11,2016/6/21,23,2016/6/17,2023/6/17,3.27,402255ca000003f0
140085,16宁夏12,2016/6/21,10.8,2016/6/17,2026/6/17,3.29,402255ee000003f1
140086,16宁夏13,2016/6/21,6,2016/6/17,2021/6/17,3.01,402255b2000003f2
140087,16宁夏14,2016/6/21,4,2016/6/17,2023/6/17,3.25,402255ca000003f3
140088,16宁夏15,2016/6/21,3,2016/6/17,2026/6/17,3.28,402255ee000003f4
140089,16广东15,2016/6/22,15.24,2016/6/17,2019/6/17,2.76,4022559a000003f5
140090,16广东16,2016/6/22,45.4,2016/6/17,2021/6/17,2.98,402255b2000003f6
140091,16广东17,2016/6/22,45.4,2016/6/17,2023/6/17,3.17,402255ca000003f7
140092,16广东18,2016/6/22,45.4,2016/6/17,2026/6/17,3.17,402255ee000003f8
140093,16广东19,2016/6/22,89.045,2016/6/17,2021/6/17,2.95,402255b2000003f9
140094,16广东20,2016/6/22,35.5,2016/6/17,2023/6/17,3.17,402255ca000003fa
140095,16广东21,2016/6/22,53.3,2016/6/17,2026/6/17,3.17,402255ee000003fb
140096,16福建01,2016/6/22,28.3871,2016/6/20,2019/6/20,2.8,4022559a000003fc
140097,16福建02,2016/6/22,84.7,2016/6/20,2021/6/20,2.99,402255b2000003fd
140098,16福建03,2016/6/22,84.7,2016/6/20,2023/6/20,3.17,402255ca000003fe
140099,16福建04,2016/6/22,84.7,2016/6/20,2026/6/20,3.17,402255ee000003ff
140100,16福建05,2016/6/22,160.0418,2016/6/20,2021/6/20,2.99,402255b200000400
140101,16福建06,2016/6/22,159.9,2016/6/20,2026/6/20,3.17,402255ee00000401
140102,16四川13,2016/6/23,82,2016/6/20,2019/6/20,2.8,4022559a00000402
140103,16四川14,2016/6/23,82,2016/6/20,2021/6/20,2.99,402255b200000403
140104,16四川15,2016/6/23,82,2016/6/20,2023/6/20,3.18,402255ca00000404
140105,16四川16,2016/6/23,29.1,2016/6/20,2026/6/20,3.27,402255ee00000405
140106,16四川17,2016/6/23,92,2016/6/20,2019/6/20,2.8,4022559a00000406
140107,16四川18,2016/6/23,92,2016/6/20,2021/6/20,2.99,402255b200000407
140108,16四川19,2016/6/23,92,2016/6/20,2023/6/20,3.23,402255ca00000408
140109,16四川20,2016/6/23,33,2016/6/20,2026/6/20,3.26,402255ee00000409
140110,16吉林01,2016/6/23,25.1768,2016/6/21,2019/6/21,2.8,4022559a0000040a
140111,16吉林02,2016/6/23,75.49,2016/6/21,2021/6/21,2.98,402255b20000040b
140112,16吉林03,2016/6/23,75.49,2016/6/21,2023/6/21,3.16,402255ca0000040c
140113,16吉林04,2016/6/23,75.49,2016/6/21,2026/6/21,3.3,402255ee0000040d
140114,16吉林05,2016/6/23,15,2016/6/21,2021/6/21,2.98,402255b20000040e
140115,16吉林06,2016/6/23,4.38,2016/6/21,2023/6/21,3.25,402255ca0000040f
140116,16吉林07,2016/6/23,10.62,2016/6/21,2026/6/21,3.3,402255ee00000410
140117,16江西09,2016/6/27,21.4,2016/6/22,2019/6/22,2.7,4022559a00000411
140118,16江西10,2016/6/27,63.5,2016/6/22,2021/6/22,2.9,402255b200000412
140119,16江西11,2016/6/27,63.5,2016/6/22,2023/6/22,3.07,402255ca00000413
140120,16江西12,2016/6/27,63.5,2016/6/22,2026/6/22,3.21,402255ee00000414
140121,16江西13,2016/6/27,39.5,2016/6/22,2019/6/22,2.7,4022559a00000415
140122,16江西14,2016/6/27,39.2,2016/6/22,2021/6/22,2.83,402255b200000416
140123,16江西15,2016/6/27,39.2,2016/6/22,2023/6/22,3.05,402255ca00000417
140124,16江西16,2016/6/27,39.2,2016/6/22,2026/6/22,3.18,402255ee00000418
140125,16湖南05,2016/6/28,300,2016/6/24,2019/6/24,2.76,4022559a00000419
140126,16湖南06,2016/6/28,256,2016/6/24,2023/6/24,3.15,402255ca0000041a
140127,16内蒙09,2016/6/29,75.45,2016/6/24,2019/6/24,2.89,4022559a0000041b
140128,16内蒙10,2016/6/29,75.45,2016/6/24,2021/6/24,3.06,402255b20000041c
140129,16内蒙11,2016/6/29,75.45,2016/6/24,2023/6/24,3.26,402255ca0000041d
140130,16内蒙12,2016/6/29,25.15,2016/6/24,2026/6/24,3.3,402255ee0000041e
140131,16内蒙13,2016/6/29,34.14,2016/6/24,2019/6/24,2.89,4022559a0000041f
140132,16内蒙14,2016/6/29,51.88,2016/6/24,2021/6/24,3.06,402255b200000420
140133,16内蒙15,2016/6/29,51.64,2016/6/24,2023/6/24,3.26,402255ca00000421
140134,16内蒙16,2016/6/29,11.34,2016/6/24,2026/6/24,3.3,402255ee00000422
140135,16山西05,2016/6/29,13.6,2016/6/27,2019/6/27,2.59,4022559a00000423
140136,16山西06,2016/6/29,40,2016/6/27,2021/6/27,2.77,402255b200000424
140137,16山西07,2016/6/29,40,2016/6/27,2023/6/27,3.02,402255ca00000425
140138,16山西08,2016/6/29,40,2016/6/27,2026/6/27,3.08,402255ee00000426
140139,16山西09,2016/6/29,29,2016/6/27,2021/6/27,2.76,402255b200000427
140140,16山西10,2016/6/29,29,2016/6/27,2026/6/27,3.06,402255ee00000428
140141,16河南13,2016/7/4,37.3914,2016/6/29,2019/6/29,2.61,4022559a00000429
140142,16河南14,2016/7/4,56.087,2016/6/29,2021/6/29,2.78,402255b20000042a
140143,16河南15,2016/7/4,56.087,2016/6/29,2023/6/29,3.08,402255ca0000042b
140144,16河南16,2016/7/4,37.3914,2016/6/29,2026/6/29,3.1,402255ee0000042c
140145,16河南17,2016/7/4,38.382,2016/6/29,2019/6/29,2.58,4022559a0000042d
140146,16河南18,2016/7/4,57.5729,2016/6/29,2021/6/29,2.73,402255b20000042e
140147,16河南19,2016/7/4,57.5729,2016/6/29,2023/6/29,2.9,402255ca0000042f
140148,16河南20,2016/7/4,38.382,2016/6/29,2026/6/29,2.92,402255ee00000430
140149,16安徽05,2016/7/5,137,2016/7/1,2019/7/1,2.75,4022559b00000431
140150,16安徽06,2016/7/5,137,2016/7/1,2021/7/1,2.85,402255b300000432
140151,16安徽07,2016/7/5,137,2016/7/1,2023/7/1,3.08,402255cb00000433
140152,16安徽08,2016/7/5,47.7,2016/7/1,2026/7/1,3.1,402255ef00000434
140153,16安徽09,2016/7/5,225,2016/7/1,2021/7/1,2.85,402255b300000435
140154,16安徽10,2016/7/5,225,2016/7/1,2023/7/1,3.1,402255cb00000436
140155,16北京01,2016/7/12,113.4952,2016/7/8,2019/7/8,2.54,4022559b00000437
140156,16北京02,2016/7/12,114.8837,2016/7/8,2021/7/8,2.67,402255b300000438
140157,16青海13,2016/7/13,5.4801,2016/7/11,2019/7/11,2.64,4022559b00000439
140158,16青海14,2016/7/13,7.59,2016/7/11,2021/7/11,2.81,402255b30000043a
140159,16青海15,2016/7/13,7.59,2016/7/11,2023/7/11,2.98,402255cb0000043b
140160,16青海16,2016/7/13,5.49,2016/7/11,2026/7/11,3.03,402255ef0000043c
140161,16辽宁09,2016/7/18,138,2016/7/13,2019/7/13,2.73,4022559b0000043d
140162,16辽宁10,2016/7/18,138,2016/7/13,2021/7/13,2.95,402255b30000043e
140163,16辽宁11,2016/7/18,138,2016/7/13,2023/7/13,3.12,402255cb0000043f
140164,16辽宁12,2016/7/18,46,2016/7/13,2026/7/13,3.11,402255ef00000440
140165,16新疆17,2016/7/15,32.1,2016/7/13,2019/7/13,2.53,4022559b00000441
140166,16新疆18,2016/7/15,48.1,2016/7/13,2021/7/13,2.66,402255b300000442
140167,16新疆19,2016/7/15,48.2,2016/7/13,2023/7/13,2.83,402255cb00000443
140168,16新疆20,2016/7/15,32.1,2016/7/13,2026/7/13,2.82,402255ef00000444
140169,16新疆21,2016/7/15,3,2016/7/13,2019/7/13,2.53,4022559b00000445
140170,16新疆22,2016/7/15,4.5,2016/7/13,2021/7/13,2.66,402255b300000446
140171,16新疆23,2016/7/15,4.5,2016/7/13,2023/7/13,2.83,402255cb00000447
140172,16新疆24,2016/7/15,3,2016/7/13,2026/7/13,2.82,402255ef00000448
140173,16广东22,2016/7/22,17.26,2016/7/19,2019/7/19,2.68,4022559b00000449
140174,16广东23,2016/7/22,51.4,2016/7/19,2021/7/19,2.86,402255b30000044a
140175,16广东24,2016/7/22,51.4,2016/7/19,2023/7/19,3.01,402255cb0000044b
140176,16广东25,2016/7/22,51.4,2016/7/19,2026/7/19,3.02,402255ef0000044c
140177,16广东26,2016/7/22,63.74,2016/7/19,2021/7/19,2.83,402255b30000044d
140178,16广东27,2016/7/22,25.5,2016/7/19,2023/7/19,3.01,402255cb0000044e
140179,16广东28,2016/7/22,38.2,2016/7/19,2026/7/19,3.02,402255ef0000044f
140180,16贵州13,2016/7/25,40,2016/7/20,2019/7/20,2.7,4022559b00000450
140181,16贵州14,2016/7/25,60,2016/7/20,2021/7/20,2.84,402255b300000451
140182,16贵州15,2016/7/25,60,2016/7/20,2023/7/20,2.98,402255cb00000452
140183,16贵州16,2016/7/25,40,2016/7/20,2026/7/20,3.07,402255ef00000453
140184,16贵州17,2016/7/25,80,2016/7/20,2019/7/20,2.68,4022559b00000454
140185,16贵州18,2016/7/25,120,2016/7/20,2023/7/20,2.96,402255cb00000455
140186,16上海01,2016/7/28,162.6,2016/7/25,2019/7/25,2.52,4022559b00000456
140187,16上海02,2016/7/28,243.9,2016/7/25,2021/7/25,2.65,402255b300000457
140188,16上海03,2016/7/28,162.6,2016/7/25,2023/7/25,2.81,402255cb00000458
140189,16上海04,2016/7/28,243.9,2016/7/25,2026/7/25,2.81,402255ef00000459
140190,16黑龙09,2016/8/1,46.5932,2016/7/27,2019/7/27,2.74,4022559b0000045a
140191,16黑龙10,2016/8/1,68,2016/7/27,2021/7/27,2.86,402255b30000045b
140192,16黑龙11,2016/8/1,68,2016/7/27,2023/7/27,3.09,402255cb0000045c
140193,16黑龙12,2016/8/1,45,2016/7/27,2026/7/27,3.1,402255ef0000045d
140194,16黑龙13,2016/8/1,55.9522,2016/7/27,2021/7/27,2.89,402255b30000045e
140195,16黑龙14,2016/8/1,55,2016/7/27,2023/7/27,3.08,402255cb0000045f
140196,16江苏17,2016/8/3,128,2016/8/1,2019/8/1,2.51,4022559c00000460
140197,16江苏18,2016/8/3,190,2016/8/1,2021/8/1,2.59,402255b400000461
140198,16江苏19,2016/8/3,190,2016/8/1,2023/8/1,2.82,402255cc00000462
140199,16江苏20,2016/8/3,127,2016/8/1,2026/8/1,2.9,402255f000000463
140200,16江苏21,2016/8/3,76.2,2016/8/1,2019/8/1,2.49,4022559c00000464
140201,16江苏22,2016/8/3,113,2016/8/1,2021/8/1,2.59,402255b400000465
140202,16江苏23,2016/8/3,113,2016/8/1,2023/8/1,2.79,402255cc00000466
140203,16江苏24,2016/8/3,75,2016/8/1,2026/8/1,2.79,402255f000000467
140204,16吉林08,2016/8/4,12.0015,2016/8/1,2019/8/1,2.54,4022559c00000468
140205,16吉林09,2016/8/4,35.96,2016/8/1,2021/8/1,2.69,402255b400000469
140206,16吉林10,2016/8/4,35.96,2016/8/1,2023/8/1,2.89,402255cc0000046a
140207,16吉林11,2016/8/4,35.96,2016/8/1,2026/8/1,2.99,402255f00000046b
140208,16吉林12,2016/8/4,13.021,2016/8/1,2021/8/1,2.68,402255b40000046c
140209,16吉林13,2016/8/4,1.742,2016/8/1,2023/8/1,2.84,402255cc0000046d
140210,16吉林14,2016/8/4,11.278,2016/8/1,2026/8/1,2.99,402255f00000046e
