uk,股票代码,uk(16进制)
000001.SZ,平安银行,4011100000000003
000002.SZ,万 科Ａ,4011100000000006
000004.SZ,国农科技,401110000000000e
000005.SZ,世纪星源,4011100000000011
000006.SZ,深振业Ａ,4011100000000014
000007.SZ,全新好,4011100000000017
000008.SZ,神州高铁,401110000000001a
000009.SZ,中国宝安,401110000000001c
000010.SZ,深华新,401110000000001f
000011.SZ,深物业A,4011100000000022
000012.SZ,南 玻Ａ,4011100000000026
000014.SZ,沙河股份,401110000000002b
000016.SZ,深康佳Ａ,401110000000002f
000017.SZ,深中华A,4011100000000031
000018.SZ,神州长城,4011100000000033
000019.SZ,深深宝Ａ,4011100000000035
000020.SZ,深华发Ａ,4011100000000037
000021.SZ,深科技,4011100000000039
000022.SZ,深赤湾Ａ,401110000000003a
000023.SZ,深天地Ａ,401110000000003c
000025.SZ,特 力Ａ,401110000000003f
000026.SZ,飞亚达Ａ,4011100000000041
000027.SZ,深圳能源,4011100000000043
000028.SZ,国药一致,4011100000000044
000029.SZ,深深房Ａ,4011100000000046
000030.SZ,富奥股份,4011100000000048
000031.SZ,中粮地产,401110000000004a
000032.SZ,深桑达Ａ,401110000000004b
000033.SZ,*ST新都,401110000000004c
000034.SZ,深信泰丰,401110000000004d
000035.SZ,中国天楹,401110000000004e
000036.SZ,华联控股,401110000000004f
000037.SZ,*ST南电A,4011100000000050
000038.SZ,深大通,4011100000000052
000039.SZ,中集集团,4011100000000053
000040.SZ,宝安地产,4011100000000055
000042.SZ,中洲控股,4011100000000056
000043.SZ,中航地产,4011100000000057
000045.SZ,深纺织Ａ,4011100000000058
000046.SZ,泛海控股,401110000000005a
000048.SZ,康达尔,401110000000005c
000049.SZ,德赛电池,401110000000005d
000050.SZ,深天马Ａ,401110000000005e
000055.SZ,方大集团,401110000000005f
000056.SZ,皇庭国际,4011100000000061
000058.SZ,深 赛 格,4011100000000063
000059.SZ,*ST华锦,4011100000000065
000060.SZ,中金岭南,4011100000000066
000061.SZ,农 产 品,4011100000000067
000062.SZ,深圳华强,4011100000000068
000063.SZ,中兴通讯,4011100000000069
000065.SZ,北方国际,401110000000006a
000066.SZ,长城电脑,401110000000006b
000068.SZ,华控赛格,401110000000006c
000069.SZ,华侨城Ａ,401110000000006d
000070.SZ,特发信息,401110000000006f
000078.SZ,海王生物,4011100000000070
000088.SZ,盐 田 港,4011100000000071
000089.SZ,深圳机场,4011100000000072
000090.SZ,天健集团,4011100000000073
000096.SZ,广聚能源,4011100000000074
000099.SZ,中信海直,4011100000000075
000100.SZ,TCL 集团,4011100000000076
000150.SZ,宜华健康,4011100000000077
000151.SZ,中成股份,4011100000000078
000153.SZ,丰原药业,4011100000000079
000155.SZ,*ST川化,401110000000007a
000156.SZ,华数传媒,401110000000007b
000157.SZ,中联重科,401110000000007c
000158.SZ,常山股份,401110000000007d
000159.SZ,国际实业,401110000000007e
000166.SZ,申万宏源,401110000000aa32
000301.SZ,东方市场,401110000000008d
000333.SZ,美的集团,40111000000075e5
000338.SZ,潍柴动力,40111000000014c0
000400.SZ,许继电气,4011100000000093
000401.SZ,冀东水泥,4011100000000094
000402.SZ,金 融 街,4011100000000095
000403.SZ,ST生化,4011100000000096
000404.SZ,华意压缩,4011100000000097
000407.SZ,胜利股份,401110000000009a
000408.SZ,金谷源,401110000000009b
000409.SZ,山东地矿,401110000000009c
000410.SZ,沈阳机床,401110000000009d
000411.SZ,英特集团,401110000000009e
000413.SZ,东旭光电,40111000000000a0
000415.SZ,渤海金控,40111000000000a2
000416.SZ,民生控股,40111000000000a3
000417.SZ,合肥百货,40111000000000a4
000418.SZ,小天鹅Ａ,40111000000000a5
000419.SZ,通程控股,40111000000000a7
000420.SZ,吉林化纤,40111000000000a8
000421.SZ,南京中北,40111000000000a9
000422.SZ,湖北宜化,40111000000000aa
000423.SZ,东阿阿胶,40111000000000ab
000425.SZ,徐工机械,40111000000000ac
000426.SZ,兴业矿业,40111000000000ad
000428.SZ,华天酒店,40111000000000ae
000429.SZ,粤高速Ａ,40111000000000af
000430.SZ,张家界,40111000000000b1
000488.SZ,晨鸣纸业,40111000000000b2
000498.SZ,山东路桥,40111000000000b4
000501.SZ,鄂武商Ａ,40111000000000b5
000502.SZ,绿景控股,40111000000000b6
000503.SZ,海虹控股,40111000000000b8
000504.SZ,南华生物,40111000000000b9
000505.SZ,珠江控股,40111000000000ba
000506.SZ,中润资源,40111000000000bc
000507.SZ,珠海港,40111000000000bd
000509.SZ,华塑控股,40111000000000bf
000510.SZ,*ST金路,40111000000000c0
000511.SZ,烯碳新材,40111000000000c1
000513.SZ,丽珠集团,40111000000000c2
000514.SZ,渝 开 发,40111000000000c4
000516.SZ,国际医学,40111000000000c6
000517.SZ,荣安地产,40111000000000c7
000518.SZ,四环生物,40111000000000c8
000519.SZ,江南红箭,40111000000000c9
000520.SZ,长航凤凰,40111000000000ca
000521.SZ,美菱电器,40111000000000cb
000523.SZ,广州浪奇,40111000000000ce
000524.SZ,岭南控股,40111000000000cf
000525.SZ,红 太 阳,40111000000000d0
000526.SZ,银润投资,40111000000000d1
000528.SZ,柳 工,40111000000000d3
000529.SZ,广弘控股,40111000000000d4
000530.SZ,大冷股份,40111000000000d5
000531.SZ,穗恒运Ａ,40111000000000d7
000532.SZ,力合股份,40111000000000d8
000533.SZ,万 家 乐,40111000000000d9
000534.SZ,万泽股份,40111000000000da
000536.SZ,华映科技,40111000000000dc
000537.SZ,广宇发展,40111000000000dd
000538.SZ,云南白药,40111000000000de
000539.SZ,粤电力Ａ,40111000000000df
000540.SZ,中天城投,40111000000000e1
000541.SZ,佛山照明,40111000000000e2
000543.SZ,皖能电力,40111000000000e5
000544.SZ,中原环保,40111000000000e6
000545.SZ,金浦钛业,40111000000000e7
000546.SZ,金圆股份,40111000000000e8
000547.SZ,航天发展,40111000000000e9
000548.SZ,湖南投资,40111000000000ea
000550.SZ,江铃汽车,40111000000000ec
000551.SZ,创元科技,40111000000000ee
000552.SZ,靖远煤电,40111000000000ef
000553.SZ,沙隆达Ａ,40111000000000f0
000554.SZ,泰山石油,40111000000000f2
000555.SZ,神州信息,40111000000000f3
000557.SZ,*ST广夏,40111000000000f5
000558.SZ,莱茵体育,40111000000000f6
000559.SZ,万向钱潮,40111000000000f7
000560.SZ,昆百大Ａ,40111000000000f8
000561.SZ,烽火电子,40111000000000f9
000563.SZ,陕国投Ａ,40111000000000fb
000564.SZ,西安民生,40111000000000fc
000565.SZ,渝三峡Ａ,40111000000000fd
000566.SZ,海南海药,40111000000000fe
000567.SZ,海德股份,40111000000000ff
000568.SZ,泸州老窖,4011100000000100
000570.SZ,苏常柴Ａ,4011100000000102
000571.SZ,新大洲Ａ,4011100000000104
000572.SZ,海马汽车,4011100000000105
000573.SZ,粤宏远Ａ,4011100000000106
000576.SZ,广东甘化,4011100000000107
000581.SZ,威孚高科,4011100000000109
000582.SZ,北部湾港,401110000000010b
000584.SZ,友利控股,401110000000010d
000585.SZ,东北电气,401110000000010e
000586.SZ,汇源通信,4011100000000110
000587.SZ,金叶珠宝,4011100000000111
000589.SZ,黔轮胎Ａ,4011100000000113
000590.SZ,启迪古汉,4011100000000114
000591.SZ,太阳能,4011100000000115
000592.SZ,平潭发展,4011100000000116
000593.SZ,大通燃气,4011100000000117
000595.SZ,宝塔实业,4011100000000119
000596.SZ,古井贡酒,401110000000011a
000597.SZ,东北制药,401110000000011c
000598.SZ,兴蓉环境,401110000000011d
000599.SZ,青岛双星,401110000000011e
000600.SZ,建投能源,401110000000011f
000601.SZ,韶能股份,4011100000000120
000603.SZ,盛达矿业,4011100000000122
000605.SZ,渤海股份,4011100000000123
000606.SZ,*ST明胶,4011100000000124
000607.SZ,华媒控股,4011100000000125
000608.SZ,阳光股份,4011100000000126
000609.SZ,绵世股份,4011100000000127
000610.SZ,西安旅游,4011100000000128
000611.SZ,*ST蒙发,4011100000000129
000612.SZ,焦作万方,401110000000012a
000613.SZ,大东海A,401110000000012b
000615.SZ,湖北金环,401110000000012d
000616.SZ,海航投资,401110000000012e
000617.SZ,*ST济柴,401110000000012f
000619.SZ,海螺型材,4011100000000132
000620.SZ,新华联,4011100000000133
000622.SZ,恒立实业,4011100000000135
000623.SZ,吉林敖东,4011100000000136
000625.SZ,长安汽车,4011100000000137
000626.SZ,如意集团,4011100000000139
000627.SZ,天茂集团,401110000000013a
000628.SZ,高新发展,401110000000013b
000629.SZ,攀钢钒钛,401110000000013c
000630.SZ,铜陵有色,401110000000013e
000631.SZ,顺发恒业,4011100000000140
000632.SZ,三木集团,4011100000000141
000633.SZ,合金投资,4011100000000142
000635.SZ,英 力 特,4011100000000143
000636.SZ,风华高科,4011100000000144
000637.SZ,茂化实华,4011100000000145
000638.SZ,万方发展,4011100000000146
000639.SZ,西王食品,4011100000000147
000650.SZ,仁和药业,4011100000000148
000651.SZ,格力电器,4011100000000149
000652.SZ,泰达股份,401110000000014a
000655.SZ,金岭矿业,401110000000014c
000656.SZ,金科股份,401110000000014d
000657.SZ,中钨高新,401110000000014e
000659.SZ,*ST中富,4011100000000150
000661.SZ,长春高新,4011100000000152
000662.SZ,索芙特,4011100000000153
000663.SZ,永安林业,4011100000000154
000665.SZ,湖北广电,4011100000000155
000666.SZ,经纬纺机,4011100000000156
000667.SZ,美好集团,4011100000000158
000668.SZ,荣丰控股,4011100000000159
000669.SZ,金鸿能源,401110000000015a
000670.SZ,盈方微,401110000000015b
000671.SZ,阳 光 城,401110000000015c
000672.SZ,上峰水泥,401110000000015d
000673.SZ,当代东方,401110000000015e
000676.SZ,智度投资,4011100000000160
000677.SZ,恒天海龙,4011100000000161
000678.SZ,襄阳轴承,4011100000000162
000679.SZ,大连友谊,4011100000000163
000680.SZ,山推股份,4011100000000164
000681.SZ,视觉中国,4011100000000165
000682.SZ,东方电子,4011100000000166
000683.SZ,远兴能源,4011100000000167
000685.SZ,中山公用,4011100000000168
000686.SZ,东北证券,4011100000000169
000687.SZ,华讯方舟,401110000000016a
000688.SZ,建新矿业,401110000000016b
000690.SZ,宝新能源,401110000000016d
000691.SZ,亚太实业,401110000000016e
000692.SZ,惠天热电,401110000000016f
000693.SZ,华泽钴镍,4011100000000170
000695.SZ,滨海能源,4011100000000171
000697.SZ,炼石有色,4011100000000175
000698.SZ,沈阳化工,4011100000000176
000700.SZ,模塑科技,4011100000000178
000701.SZ,厦门信达,4011100000000179
000702.SZ,正虹科技,401110000000017a
000703.SZ,恒逸石化,401110000000017b
000705.SZ,浙江震元,401110000000017c
000707.SZ,双环科技,401110000000017d
000708.SZ,大冶特钢,401110000000017e
000709.SZ,河钢股份,401110000000017f
000710.SZ,天兴仪表,4011100000000180
000711.SZ,京蓝科技,4011100000000181
000712.SZ,锦龙股份,4011100000000182
000713.SZ,丰乐种业,4011100000000183
000715.SZ,中兴商业,4011100000000184
000716.SZ,黑芝麻,4011100000000185
000717.SZ,韶钢松山,4011100000000186
000718.SZ,苏宁环球,4011100000000187
000719.SZ,大地传媒,4011100000000188
000720.SZ,新能泰山,4011100000000189
000721.SZ,西安饮食,401110000000018a
000722.SZ,湖南发展,401110000000018b
000723.SZ,美锦能源,401110000000018c
000725.SZ,京东方Ａ,401110000000018d
000726.SZ,鲁 泰Ａ,401110000000018f
000727.SZ,华东科技,4011100000000191
000728.SZ,国元证券,4011100000000192
000729.SZ,燕京啤酒,4011100000000193
000731.SZ,四川美丰,4011100000000196
000732.SZ,泰禾集团,4011100000000197
000733.SZ,振华科技,4011100000000198
000735.SZ,罗 牛 山,4011100000000199
000736.SZ,中房地产,401110000000019a
000737.SZ,南风化工,401110000000019b
000738.SZ,中航动控,401110000000019c
000739.SZ,普洛药业,401110000000019d
000748.SZ,长城信息,401110000000019e
000750.SZ,国海证券,401110000000019f
000751.SZ,锌业股份,40111000000001a0
000752.SZ,西藏发展,40111000000001a1
000753.SZ,漳州发展,40111000000001a2
000755.SZ,山西三维,40111000000001a3
000756.SZ,新华制药,40111000000001a4
000757.SZ,浩物股份,40111000000001a6
000758.SZ,中色股份,40111000000001a7
000759.SZ,中百集团,40111000000001a8
000760.SZ,斯太尔,40111000000001a9
000761.SZ,本钢板材,40111000000001aa
000762.SZ,西藏矿业,40111000000001ac
000766.SZ,通化金马,40111000000001af
000767.SZ,漳泽电力,40111000000001b0
000768.SZ,中航飞机,40111000000001b1
000776.SZ,广发证券,40111000000001b3
000777.SZ,中核科技,40111000000001b4
000778.SZ,新兴铸管,40111000000001b5
000779.SZ,三毛派神,40111000000001b6
000780.SZ,平庄能源,40111000000001b7
000782.SZ,美达股份,40111000000001b8
000783.SZ,长江证券,40111000000001b9
000785.SZ,武汉中商,40111000000001ba
000786.SZ,北新建材,40111000000001bb
000788.SZ,北大医药,40111000000001bd
000789.SZ,万年青,40111000000001be
000790.SZ,华神集团,40111000000001bf
000791.SZ,甘肃电投,40111000000001c0
000792.SZ,盐湖股份,40111000000001c1
000793.SZ,华闻传媒,40111000000001c2
000795.SZ,英洛华,40111000000001c3
000796.SZ,凯撒旅游,40111000000001c4
000797.SZ,中国武夷,40111000000001c5
000798.SZ,中水渔业,40111000000001c6
000799.SZ,*ST酒鬼,40111000000001c7
000800.SZ,一汽轿车,40111000000001c8
000801.SZ,四川九洲,40111000000001c9
000802.SZ,北京文化,40111000000001ca
000803.SZ,金宇车城,40111000000001cb
000806.SZ,银河生物,40111000000001cd
000807.SZ,云铝股份,40111000000001ce
000809.SZ,铁岭新城,40111000000001cf
000810.SZ,创维数字,40111000000001d0
000811.SZ,烟台冰轮,40111000000001d1
000812.SZ,陕西金叶,40111000000001d2
000813.SZ,天山纺织,40111000000001d3
000815.SZ,美利纸业,40111000000001d4
000816.SZ,智慧农业,40111000000001d5
000818.SZ,方大化工,40111000000001d7
000819.SZ,岳阳兴长,40111000000001d8
000820.SZ,金城股份,40111000000001d9
000821.SZ,京山轻机,40111000000001da
000822.SZ,山东海化,40111000000001db
000823.SZ,超声电子,40111000000001dc
000825.SZ,太钢不锈,40111000000001dd
000826.SZ,启迪桑德,40111000000001de
000828.SZ,东莞控股,40111000000001e0
000829.SZ,天音控股,40111000000001e1
000830.SZ,鲁西化工,40111000000001e2
000831.SZ,*ST五稀,40111000000001e3
000833.SZ,贵糖股份,40111000000001e5
000835.SZ,长城动漫,40111000000001e6
000836.SZ,鑫茂科技,40111000000001e7
000837.SZ,秦川机床,40111000000001e8
000838.SZ,财信发展,40111000000001e9
000839.SZ,中信国安,40111000000001ea
000848.SZ,承德露露,40111000000001eb
000850.SZ,华茂股份,40111000000001ec
000851.SZ,高鸿股份,40111000000001ed
000852.SZ,石化机械,40111000000001ee
000856.SZ,*ST冀装,40111000000001ef
000858.SZ,五 粮 液,40111000000001f0
000859.SZ,国风塑业,40111000000001f1
000860.SZ,顺鑫农业,40111000000001f2
000861.SZ,海印股份,40111000000001f3
000862.SZ,银星能源,40111000000001f4
000863.SZ,三湘股份,40111000000001f5
000868.SZ,安凯客车,40111000000001f7
000869.SZ,张 裕Ａ,40111000000001f8
000875.SZ,吉电股份,40111000000001fa
000876.SZ,新 希 望,40111000000001fb
000877.SZ,天山股份,40111000000001fc
000878.SZ,云南铜业,40111000000001fd
000880.SZ,潍柴重机,40111000000001fe
000881.SZ,大连国际,40111000000001ff
000882.SZ,华联股份,4011100000000200
000883.SZ,湖北能源,4011100000000201
000885.SZ,同力水泥,4011100000000202
000886.SZ,海南高速,4011100000000203
000887.SZ,中鼎股份,4011100000000204
000888.SZ,峨眉山Ａ,4011100000000205
000889.SZ,茂业通信,4011100000000206
000890.SZ,法 尔 胜,4011100000000207
000892.SZ,星美联合,4011100000000208
000893.SZ,东凌国际,4011100000000209
000895.SZ,双汇发展,401110000000020a
000897.SZ,津滨发展,401110000000020e
000898.SZ,鞍钢股份,401110000000020f
000899.SZ,赣能股份,4011100000000212
000900.SZ,现代投资,4011100000000213
000901.SZ,航天科技,4011100000000214
000902.SZ,新洋丰,4011100000000215
000903.SZ,云内动力,4011100000000216
000905.SZ,厦门港务,4011100000000217
000906.SZ,物产中拓,4011100000000218
000908.SZ,景峰医药,4011100000000219
000909.SZ,数源科技,401110000000021a
000910.SZ,大亚科技,401110000000021b
000911.SZ,南宁糖业,401110000000021c
000912.SZ,泸天化,401110000000021d
000913.SZ,钱江摩托,401110000000021e
000915.SZ,山大华特,401110000000021f
000916.SZ,华北高速,4011100000000220
000917.SZ,电广传媒,4011100000000221
000918.SZ,嘉凯城,4011100000000222
000919.SZ,金陵药业,4011100000000223
000920.SZ,南方汇通,4011100000000224
000921.SZ,海信科龙,4011100000000225
000922.SZ,佳电股份,4011100000000227
000923.SZ,河北宣工,4011100000000228
000925.SZ,众合科技,4011100000000229
000926.SZ,福星股份,401110000000022a
000927.SZ,*ST夏利,401110000000022b
000928.SZ,中钢国际,401110000000022c
000929.SZ,兰州黄河,401110000000022d
000930.SZ,中粮生化,401110000000022e
000931.SZ,中 关 村,4011100000000230
000932.SZ,华菱钢铁,4011100000000231
000933.SZ,神火股份,4011100000000232
000935.SZ,四川双马,4011100000000233
000936.SZ,华西股份,4011100000000234
000937.SZ,冀中能源,4011100000000236
000938.SZ,紫光股份,4011100000000237
000939.SZ,凯迪生态,4011100000000238
000948.SZ,南天信息,4011100000000239
000949.SZ,新乡化纤,401110000000023a
000950.SZ,建峰化工,401110000000023b
000951.SZ,中国重汽,401110000000023c
000952.SZ,广济药业,401110000000023d
000953.SZ,河池化工,401110000000023e
000955.SZ,欣龙控股,401110000000023f
000957.SZ,中通客车,4011100000000241
000958.SZ,东方能源,4011100000000242
000959.SZ,首钢股份,4011100000000243
000960.SZ,锡业股份,4011100000000245
000961.SZ,中南建设,4011100000000246
000962.SZ,东方钽业,4011100000000247
000963.SZ,华东医药,4011100000000248
000965.SZ,天保基建,4011100000000249
000966.SZ,长源电力,401110000000024a
000967.SZ,盈峰环境,401110000000024b
000968.SZ,*ST煤气,401110000000024c
000969.SZ,安泰科技,401110000000024d
000970.SZ,中科三环,401110000000024e
000971.SZ,高升控股,401110000000024f
000972.SZ,新中基,4011100000000250
000973.SZ,佛塑科技,4011100000000251
000975.SZ,银泰资源,4011100000000252
000976.SZ,春晖股份,4011100000000253
000977.SZ,浪潮信息,4011100000000254
000978.SZ,桂林旅游,4011100000000255
000979.SZ,中弘股份,4011100000000256
000980.SZ,金马股份,4011100000000257
000981.SZ,银亿股份,4011100000000258
000982.SZ,中银绒业,4011100000000259
000983.SZ,西山煤电,401110000000025a
000985.SZ,大庆华科,401110000000025b
000987.SZ,广州友谊,401110000000025c
000988.SZ,华工科技,401110000000025d
000989.SZ,九 芝 堂,401110000000025e
000990.SZ,诚志股份,401110000000025f
000993.SZ,闽东电力,4011100000000261
000995.SZ,*ST皇台,4011100000000262
000996.SZ,中国中期,4011100000000263
000997.SZ,新 大 陆,4011100000000264
000998.SZ,隆平高科,4011100000000265
000999.SZ,华润三九,4011100000000266
001696.SZ,宗申动力,4011100000000174
001896.SZ,豫能控股,401110000000020d
001979.SZ,招商蛇口,401110000000ffbf
002001.SZ,新 和 成,4011100000000267
002002.SZ,鸿达兴业,4011100000000a72
002003.SZ,伟星股份,4011100000000a74
002004.SZ,华邦健康,4011100000000a76
002005.SZ,德豪润达,4011100000000a78
002006.SZ,精功科技,4011100000000a7a
002007.SZ,华兰生物,4011100000000a7c
002008.SZ,大族激光,4011100000000a7e
002009.SZ,天奇股份,4011100000000a80
002010.SZ,传化股份,4011100000000a82
002011.SZ,盾安环境,4011100000000a84
002012.SZ,凯恩股份,4011100000000a86
002013.SZ,中航机电,4011100000000a88
002014.SZ,永新股份,4011100000000a8a
002015.SZ,霞客环保,4011100000000a8c
002016.SZ,世荣兆业,4011100000000a8e
002017.SZ,东信和平,4011100000000a53
002018.SZ,华信国际,4011100000000a91
002019.SZ,亿帆鑫富,4011100000000a93
002020.SZ,京新药业,4011100000000a95
002021.SZ,中捷资源,4011100000000a97
002022.SZ,科华生物,4011100000000a99
002023.SZ,海特高新,4011100000000a9b
002024.SZ,苏宁云商,4011100000000a9d
002025.SZ,航天电器,4011100000000a9f
002026.SZ,山东威达,4011100000000aa1
002027.SZ,七喜控股,4011100000000aa3
002028.SZ,思源电气,4011100000000aa5
002029.SZ,七 匹 狼,4011100000000aa7
002030.SZ,达安基因,4011100000000aa9
002031.SZ,巨轮智能,4011100000000aab
002032.SZ,苏 泊 尔,4011100000000aad
002033.SZ,丽江旅游,4011100000000aaf
002034.SZ,美 欣 达,4011100000000ab1
002035.SZ,华帝股份,4011100000000ab3
002036.SZ,联创电子,4011100000000ab5
002037.SZ,久联发展,4011100000000ab7
002038.SZ,双鹭药业,4011100000000ab9
002039.SZ,黔源电力,4011100000000bf6
002040.SZ,南 京 港,4011100000000c09
002041.SZ,登海种业,4011100000000c2e
002042.SZ,华孚色纺,4011100000000c3e
002043.SZ,兔 宝 宝,4011100000000c40
002044.SZ,美年健康,4011100000000c4f
002045.SZ,国光电器,4011100000000c55
002046.SZ,轴研科技,4011100000000ca2
002047.SZ,宝鹰股份,4011100000000cac
002048.SZ,宁波华翔,4011100000000cb0
002049.SZ,同方国芯,4011100000000cb4
002050.SZ,三花股份,4011100000000cda
002051.SZ,中工国际,40111000000010e6
002052.SZ,同洲电子,40111000000010fb
002053.SZ,云南盐化,40111000000010ff
002054.SZ,德美化工,4011100000001132
002055.SZ,得润电子,4011100000001147
002056.SZ,横店东磁,401110000000114b
002057.SZ,中钢天源,4011100000001153
002058.SZ,威 尔 泰,4011100000001155
002059.SZ,云南旅游,401110000000115c
002060.SZ,粤 水 电,401110000000116b
002061.SZ,*ST江化,401110000000118d
002062.SZ,宏润建设,4011100000001191
002063.SZ,远光软件,4011100000001193
002064.SZ,华峰氨纶,4011100000001197
002065.SZ,东华软件,401110000000119a
002066.SZ,瑞泰科技,401110000000119f
002067.SZ,景兴纸业,40111000000011d9
002068.SZ,黑猫股份,40111000000011dc
002069.SZ,獐 子 岛,40111000000011f2
002070.SZ,众和股份,40111000000011fc
002071.SZ,长城影视,4011100000001207
002072.SZ,凯瑞德,401110000000120b
002073.SZ,软控股份,401110000000124f
002074.SZ,国轩高科,401110000000125b
002075.SZ,沙钢股份,4011100000001271
002076.SZ,雪 莱 特,4011100000001272
002077.SZ,大港股份,40111000000012a6
002078.SZ,太阳纸业,40111000000012a4
002079.SZ,苏州固锝,40111000000012a3
002080.SZ,中材科技,40111000000012b7
002081.SZ,金 螳 螂,40111000000012b8
002082.SZ,栋梁新材,40111000000012b9
002083.SZ,孚日股份,40111000000012cc
002084.SZ,海鸥卫浴,40111000000012cd
002085.SZ,万丰奥威,40111000000012cf
002086.SZ,东方海洋,40111000000012d0
002087.SZ,新野纺织,40111000000012e1
002088.SZ,鲁阳节能,40111000000012e2
002089.SZ,新 海 宜,40111000000012e3
002090.SZ,金智科技,40111000000012f3
002091.SZ,江苏国泰,40111000000012f4
002092.SZ,中泰化学,40111000000012f5
002093.SZ,国脉科技,401110000000130d
002094.SZ,青岛金王,401110000000130c
002095.SZ,生 意 宝,401110000000130b
002096.SZ,南岭民爆,4011100000001313
002097.SZ,山河智能,4011100000001312
002098.SZ,浔兴股份,4011100000001314
002099.SZ,海翔药业,4011100000001310
002100.SZ,天康生物,4011100000001311
002101.SZ,广东鸿图,401110000000130f
002102.SZ,冠福股份,401110000000130e
002103.SZ,广博股份,4011100000001325
002104.SZ,恒宝股份,401110000000132c
002105.SZ,信隆实业,4011100000001326
002106.SZ,莱宝高科,4011100000001343
002107.SZ,沃华医药,4011100000001353
002108.SZ,沧州明珠,4011100000001342
002109.SZ,*ST兴化,4011100000001346
002110.SZ,三钢闽光,401110000000132d
002111.SZ,威海广泰,4011100000001354
002112.SZ,三变科技,401110000000136c
002113.SZ,天润控股,401110000000137f
002114.SZ,罗平锌电,4011100000001379
002115.SZ,三维通信,401110000000137a
002116.SZ,中国海诚,401110000000138a
002117.SZ,东港股份,401110000000138b
002118.SZ,紫鑫药业,401110000000141b
002119.SZ,康强电子,4011100000001427
002120.SZ,新海股份,401110000000137e
002121.SZ,科陆电子,401110000000136b
002122.SZ,天马股份,401110000000144f
002123.SZ,荣信股份,4011100000001441
002124.SZ,天邦股份,4011100000001433
002125.SZ,湘潭电化,4011100000001447
002126.SZ,银轮股份,401110000000147d
002127.SZ,南极电商,401110000000149e
002128.SZ,露天煤业,40111000000014c5
002129.SZ,中环股份,4011100000001490
002130.SZ,沃尔核材,401110000000148f
002131.SZ,利欧股份,401110000000149f
002132.SZ,恒星科技,40111000000014a5
002133.SZ,广宇集团,40111000000014bf
002134.SZ,天津普林,40111000000014b4
002135.SZ,东南网架,40111000000014b5
002136.SZ,安 纳 达,40111000000014be
002137.SZ,麦达数字,4011100000001569
002138.SZ,顺络电子,401110000000156b
002139.SZ,拓邦股份,40111000000014ed
002140.SZ,东华科技,40111000000015a8
002141.SZ,蓉胜超微,4011100000001629
002142.SZ,宁波银行,4011100000001634
002143.SZ,印纪传媒,4011100000001622
002144.SZ,宏达高科,4011100000001621
002145.SZ,中核钛白,401110000000168d
002146.SZ,荣盛发展,4011100000001645
002147.SZ,方圆支承,401110000000165a
002148.SZ,北纬通信,4011100000001647
002149.SZ,西部材料,401110000000164d
002150.SZ,通润装备,401110000000164b
002151.SZ,北斗星通,4011100000001666
002152.SZ,广电运通,401110000000164c
002153.SZ,石基信息,401110000000163a
002154.SZ,报 喜 鸟,401110000000177d
002155.SZ,湖南黄金,4011100000001665
002156.SZ,通富微电,4011100000001667
002157.SZ,正邦科技,401110000000165b
002158.SZ,汉钟精机,401110000000168f
002159.SZ,三特索道,4011100000001646
002160.SZ,常铝股份,401110000000177a
002161.SZ,远 望 谷,401110000000177b
002162.SZ,悦心健康,4011100000001783
002163.SZ,中航三鑫,4011100000001784
002164.SZ,宁波东力,4011100000001782
002165.SZ,红 宝 丽,401110000000179e
002166.SZ,莱茵生物,40111000000017a0
002167.SZ,东方锆业,401110000000178d
002168.SZ,深圳惠程,4011100000001690
002169.SZ,智光电气,4011100000001785
002170.SZ,芭田股份,4011100000001592
002171.SZ,楚江新材,401110000000178f
002172.SZ,澳洋科技,40111000000017cf
002173.SZ,千足珍珠,40111000000017e3
002174.SZ,游族网络,40111000000017d7
002175.SZ,东方网络,401110000000178e
002176.SZ,江特电机,40111000000017fb
002177.SZ,御银股份,4011100000001808
002178.SZ,延华智能,401110000000182a
002179.SZ,中航光电,4011100000001807
002180.SZ,艾派克,4011100000001822
002181.SZ,粤 传 媒,4011100000000440
002182.SZ,云海金属,4011100000001839
002183.SZ,怡 亚 通,4011100000001834
002184.SZ,海得控制,401110000000183a
002185.SZ,华天科技,4011100000001835
002186.SZ,全 聚 德,401110000000186e
002187.SZ,广百股份,401110000000185b
002188.SZ,巴士在线,401110000000185a
002189.SZ,利达光电,4011100000001858
002190.SZ,成飞集成,40111000000018bd
002191.SZ,劲嘉股份,40111000000018be
002192.SZ,融捷股份,401110000000179f
002193.SZ,山东如意,401110000000188d
002194.SZ,武汉凡谷,40111000000018c0
002195.SZ,二三四五,40111000000018c1
002196.SZ,方正电机,4011100000001889
002197.SZ,证通电子,40111000000018e6
002198.SZ,嘉应制药,40111000000018db
002199.SZ,东晶电子,40111000000018d2
002200.SZ,云投生态,40111000000018d1
002201.SZ,九鼎新材,40111000000018f8
002202.SZ,金风科技,401110000000190b
002203.SZ,海亮股份,4011100000001904
002204.SZ,大连重工,4011100000001920
002205.SZ,国统股份,401110000000192e
002206.SZ,海 利 得,401110000000194e
002207.SZ,准油股份,4011100000001947
002208.SZ,合肥城建,401110000000188c
002209.SZ,达 意 隆,4011100000001957
002210.SZ,飞马国际,401110000000196f
002211.SZ,宏达新材,4011100000001986
002212.SZ,南洋股份,4011100000001992
002213.SZ,特 尔 佳,4011100000001987
002214.SZ,大立科技,40111000000019b5
002215.SZ,诺 普 信,401110000000199d
002216.SZ,三全食品,4011100000001993
002217.SZ,合力泰,40111000000019b7
002218.SZ,拓日新能,40111000000019b8
002219.SZ,恒康医疗,40111000000019db
002220.SZ,天宝股份,40111000000019cc
002221.SZ,东华能源,40111000000019cb
002222.SZ,福晶科技,40111000000019c6
002223.SZ,鱼跃医疗,4011100000001a35
002224.SZ,三 力 士,40111000000019da
002225.SZ,濮耐股份,4011100000001a36
002226.SZ,江南化工,40111000000019b6
002227.SZ,奥 特 迅,4011100000001a4b
002228.SZ,合兴包装,4011100000001a4a
002229.SZ,鸿博股份,4011100000001a84
002230.SZ,科大讯飞,4011100000001a4f
002231.SZ,奥维通信,4011100000001a7e
002232.SZ,启明信息,4011100000001a7d
002233.SZ,塔牌集团,4011100000001a9e
002234.SZ,民和股份,4011100000001a98
002235.SZ,安妮股份,4011100000001a65
002236.SZ,大华股份,4011100000001aa0
002237.SZ,恒邦股份,4011100000001a50
002238.SZ,天威视讯,4011100000001ab3
002239.SZ,奥特佳,4011100000001ab2
002240.SZ,威华股份,4011100000001aac
002241.SZ,歌尔声学,4011100000001ac9
002242.SZ,九阳股份,4011100000001ac7
002243.SZ,通产丽星,4011100000001a9f
002244.SZ,滨江集团,4011100000001a4c
002245.SZ,澳洋顺昌,4011100000001ac8
002246.SZ,北化股份,4011100000001a99
002247.SZ,帝龙新材,4011100000001ab1
002248.SZ,华东数控,4011100000001adf
002249.SZ,大洋电机,4011100000001a83
002250.SZ,联化科技,4011100000001b1f
002251.SZ,步 步 高,4011100000001aea
002252.SZ,上海莱士,4011100000001aab
002253.SZ,川大智胜,4011100000001a97
002254.SZ,泰和新材,401110000000177c
002255.SZ,海陆重工,4011100000001b0d
002256.SZ,彩虹精化,4011100000001afb
002258.SZ,利尔化学,4011100000001b1e
002259.SZ,升达林业,4011100000001b12
002260.SZ,德奥通航,4011100000001b1d
002261.SZ,拓维信息,4011100000001b0c
002262.SZ,恩华药业,4011100000001b15
002263.SZ,大 东 南,4011100000001ae0
002264.SZ,新 华 都,4011100000001b1c
002265.SZ,西仪股份,4011100000001aaa
002266.SZ,浙富控股,4011100000001ba6
002267.SZ,陕天然气,4011100000001b7a
002268.SZ,卫 士 通,4011100000001b8e
002269.SZ,美邦服饰,4011100000001ba0
002270.SZ,法因数控,4011100000001ba1
002271.SZ,东方雨虹,4011100000001b8f
002272.SZ,川润股份,4011100000001ba4
002273.SZ,水晶光电,4011100000001bb6
002274.SZ,华昌化工,4011100000001ae9
002275.SZ,桂林三金,4011100000001ba7
002276.SZ,万马股份,4011100000001bcc
002277.SZ,友阿股份,4011100000001be8
002278.SZ,神开股份,4011100000001c06
002279.SZ,久其软件,40111000000011fa
002280.SZ,联络互动,4011100000001c1d
002281.SZ,光迅科技,4011100000001c2c
002282.SZ,博深工具,4011100000001bce
002283.SZ,天润曲轴,4011100000001bd0
002284.SZ,亚太股份,4011100000001bcf
002285.SZ,世联行,4011100000001c2b
002286.SZ,保龄宝,4011100000001c3f
002287.SZ,奇正藏药,4011100000001c3e
002288.SZ,超华科技,4011100000001c4a
002289.SZ,宇顺电子,4011100000001c4b
002290.SZ,禾盛新材,4011100000001c51
002291.SZ,星期六,4011100000001c85
002292.SZ,奥飞娱乐,4011100000001c8d
002293.SZ,罗莱生活,4011100000001c9d
002294.SZ,信立泰,4011100000001ca0
002295.SZ,精艺股份,4011100000001c64
002296.SZ,辉煌科技,4011100000001c63
002297.SZ,博云新材,4011100000001cbf
002298.SZ,中电鑫龙,4011100000002309
002299.SZ,圣农发展,401110000000231f
002300.SZ,太阳电缆,4011100000001c86
002301.SZ,齐心集团,4011100000002322
002302.SZ,西部建设,401110000000234d
002303.SZ,美盈森,401110000000237a
002304.SZ,洋河股份,4011100000002349
002305.SZ,南国置业,4011100000002379
002306.SZ,*ST云网,401110000000234a
002307.SZ,北新路桥,401110000000234f
002308.SZ,威创股份,4011100000002385
002309.SZ,中利科技,40111000000023b6
002310.SZ,东方园林,4011100000002398
002311.SZ,海大集团,40111000000023c7
002312.SZ,三泰控股,40111000000023d5
002313.SZ,日海通讯,40111000000023e1
002314.SZ,南山控股,4011100000002400
002315.SZ,焦点科技,4011100000002378
002316.SZ,键桥通讯,4011100000002409
002317.SZ,众生药业,4011100000002438
002318.SZ,久立特材,401110000000242a
002319.SZ,乐通股份,4011100000002439
002320.SZ,海峡股份,4011100000002496
002321.SZ,华英农业,4011100000002451
002322.SZ,理工监测,40111000000024b2
002323.SZ,雅百特,40111000000024b7
002324.SZ,普利特,40111000000024b1
002325.SZ,洪涛股份,401110000000245d
002326.SZ,永太科技,40111000000024b8
002327.SZ,富安娜,401110000000242b
002328.SZ,新朋股份,4011100000002481
002329.SZ,皇氏集团,40111000000024d2
002330.SZ,得利斯,40111000000024d1
002331.SZ,皖通科技,401110000000245e
002332.SZ,仙琚制药,40111000000024f3
002333.SZ,罗普斯金,40111000000024f2
002334.SZ,英威腾,401110000000250f
002335.SZ,科华恒盛,401110000000251b
002336.SZ,人人乐,4011100000002510
002337.SZ,赛象科技,4011100000002519
002338.SZ,奥普光电,4011100000002520
002339.SZ,积成电子,4011100000002544
002340.SZ,格林美,401110000000253e
002341.SZ,新纶科技,4011100000002545
002342.SZ,巨力索具,4011100000002566
002343.SZ,慈文传媒,4011100000002572
002344.SZ,海宁皮城,401110000000254d
002345.SZ,潮宏基,4011100000002573
002346.SZ,柘中股份,4011100000002579
002347.SZ,泰尔重工,401110000000257a
002348.SZ,高乐股份,401110000000259a
002349.SZ,精华制药,40111000000025a5
002350.SZ,北京科锐,4011100000002373
002351.SZ,漫步者,40111000000025aa
002352.SZ,鼎泰新材,40111000000025ab
002353.SZ,杰瑞股份,40111000000025d0
002354.SZ,天神娱乐,40111000000025db
002355.SZ,兴民钢圈,40111000000025cf
002356.SZ,浩宁达,401110000000240a
002357.SZ,富临运业,4011100000002638
002358.SZ,森源电气,401110000000262b
002359.SZ,齐星铁塔,40111000000025e9
002360.SZ,同德化工,4011100000002680
002361.SZ,神剑股份,401110000000268b
002362.SZ,汉王科技,4011100000001bd1
002363.SZ,隆基机械,40111000000026d1
002364.SZ,中恒电气,4011100000002681
002365.SZ,永安药业,401110000000234c
002366.SZ,台海核电,4011100000002689
002367.SZ,康力电梯,4011100000002688
002368.SZ,太极股份,401110000000269a
002369.SZ,卓翼科技,4011100000002674
002370.SZ,亚太药业,4011100000002643
002371.SZ,七星电子,40111000000026a4
002372.SZ,伟星新材,40111000000026ad
002373.SZ,千方科技,40111000000026aa
002374.SZ,丽鹏股份,401110000000269b
002375.SZ,亚厦股份,4011100000002644
002376.SZ,新北洋,40111000000026bc
002377.SZ,国创高新,401110000000270d
002378.SZ,章源钨业,40111000000026c5
002379.SZ,鲁丰环保,40111000000026d3
002380.SZ,科远股份,40111000000026ab
002381.SZ,双箭股份,401110000000259b
002382.SZ,蓝帆医疗,40111000000026f3
002383.SZ,合众思壮,40111000000026d0
002384.SZ,东山精密,401110000000270b
002385.SZ,大北农,401110000000270a
002386.SZ,天原集团,401110000000270c
002387.SZ,黑牛食品,4011100000002757
002388.SZ,新亚制程,4011100000002732
002389.SZ,南洋科技,4011100000002759
002390.SZ,信邦制药,401110000000276e
002391.SZ,长青股份,4011100000002772
002392.SZ,北京利尔,40111000000026ff
002393.SZ,力生制药,4011100000002722
002394.SZ,联发股份,4011100000002721
002395.SZ,双象股份,4011100000002758
002396.SZ,星网锐捷,4011100000001bb7
002397.SZ,梦洁家纺,40111000000026bd
002398.SZ,建研集团,401110000000276d
002399.SZ,海普瑞,4011100000002778
002400.SZ,省广股份,4011100000002825
002401.SZ,中海科技,4011100000002823
002402.SZ,和而泰,401110000000283c
002403.SZ,爱仕达,401110000000283b
002404.SZ,嘉欣丝绸,4011100000002833
002405.SZ,四维图新,401110000000283a
002406.SZ,远东传动,4011100000002834
002407.SZ,多氟多,4011100000002755
002408.SZ,齐翔腾达,401110000000277a
002409.SZ,雅克科技,401110000000283d
002410.SZ,广联达,4011100000002779
002411.SZ,必康股份,4011100000002856
002412.SZ,汉森制药,4011100000002854
002413.SZ,雷科防务,401110000000286b
002414.SZ,高德红外,401110000000286a
002415.SZ,海康威视,4011100000002869
002416.SZ,爱施德,4011100000002868
002417.SZ,三元达,4011100000002888
002418.SZ,康盛股份,401110000000289f
002419.SZ,天虹商场,4011100000001ceb
002420.SZ,毅昌股份,40111000000028a0
002421.SZ,达实智能,40111000000026f4
002422.SZ,科伦药业,40111000000028b3
002423.SZ,中原特钢,40111000000028da
002424.SZ,贵州百灵,40111000000028dd
002425.SZ,凯撒股份,4011100000002889
002426.SZ,胜利精密,40111000000028ec
002427.SZ,尤夫股份,40111000000028ee
002428.SZ,云南锗业,40111000000028db
002429.SZ,兆驰股份,401110000000291b
002430.SZ,杭氧股份,40111000000028fc
002431.SZ,棕榈园林,40111000000028f3
002432.SZ,九安医疗,401110000000291a
002433.SZ,太安堂,4011100000002887
002434.SZ,万里扬,4011100000002924
002435.SZ,长江润发,4011100000002936
002436.SZ,兴森科技,4011100000002925
002437.SZ,誉衡药业,4011100000002953
002438.SZ,江苏神通,4011100000001ce5
002439.SZ,启明星辰,4011100000002985
002440.SZ,闰土股份,4011100000002937
002441.SZ,众业达,401110000000299e
002442.SZ,龙星化工,40111000000028dc
002443.SZ,金洲管道,4011100000002954
002444.SZ,巨星科技,40111000000029c5
002445.SZ,中南重工,40111000000029c9
002446.SZ,盛路通信,4011100000001ce2
002447.SZ,壹桥海参,40111000000028fd
002448.SZ,中原内配,4011100000001ce3
002449.SZ,国星光电,40111000000029d0
002450.SZ,康得新,40111000000029f0
002451.SZ,摩恩电气,4011100000002a14
002452.SZ,长高集团,4011100000002a3a
002453.SZ,天马精化,4011100000002a3e
002454.SZ,松芝股份,4011100000002a3d
002455.SZ,百川股份,4011100000002639
002456.SZ,欧菲光,40111000000028f4
002457.SZ,青龙管业,4011100000002a1e
002458.SZ,益生股份,4011100000002a0e
002459.SZ,天业通联,40111000000028fe
002460.SZ,赣锋锂业,4011100000002a3f
002461.SZ,珠江啤酒,4011100000001c10
002462.SZ,嘉事堂,4011100000002a6d
002463.SZ,沪电股份,4011100000002a6c
002464.SZ,金利科技,4011100000002a74
002465.SZ,海格通信,4011100000002b58
002466.SZ,天齐锂业,40111000000029c7
002467.SZ,二六三,4011100000001cdf
002468.SZ,艾迪西,4011100000002b7f
002469.SZ,三维工程,401110000000299c
002470.SZ,金正大,4011100000002ba2
002471.SZ,中超控股,4011100000002bef
002472.SZ,双环传动,4011100000002c26
002473.SZ,圣莱达,4011100000002bf5
002474.SZ,榕基软件,4011100000002450
002475.SZ,立讯精密,4011100000002c2c
002476.SZ,宝莫股份,4011100000002ba1
002477.SZ,雏鹰农牧,4011100000002c4f
002478.SZ,常宝股份,4011100000002bee
002479.SZ,富春环保,4011100000002c4e
002480.SZ,新筑股份,4011100000002c58
002481.SZ,双塔食品,4011100000002c5f
002482.SZ,广田股份,4011100000002c86
002483.SZ,润邦股份,4011100000002d1f
002484.SZ,江海股份,4011100000002b60
002485.SZ,希努尔,4011100000002c85
002486.SZ,嘉麟杰,4011100000002c81
002487.SZ,大金重工,4011100000002cd0
002488.SZ,金固股份,4011100000002cb3
002489.SZ,浙江永强,4011100000002323
002490.SZ,山东墨龙,4011100000001ce8
002491.SZ,通鼎互联,4011100000002d04
002492.SZ,恒基达鑫,40111000000029c6
002493.SZ,荣盛石化,4011100000002d03
002494.SZ,华斯股份,4011100000002d56
002495.SZ,佳隆股份,4011100000002cd6
002496.SZ,辉丰股份,4011100000002b3f
002497.SZ,雅化集团,4011100000002d39
002498.SZ,汉缆股份,4011100000002d67
002499.SZ,科林环保,4011100000002dbc
002500.SZ,山西证券,4011100000002c87
002501.SZ,利源精制,4011100000002dbd
002502.SZ,骅威股份,4011100000002de7
002503.SZ,搜于特,4011100000002e23
002504.SZ,弘高创意,4011100000002e01
002505.SZ,大康牧业,4011100000002e00
002506.SZ,协鑫集成,401110000000230a
002507.SZ,涪陵榨菜,4011100000002e3e
002508.SZ,老板电器,4011100000002e04
002509.SZ,天广消防,4011100000002e22
002510.SZ,天汽模,4011100000002dff
002511.SZ,中顺洁柔,4011100000002dfe
002512.SZ,达华智能,4011100000002e77
002513.SZ,蓝丰生化,4011100000002e3f
002514.SZ,宝馨科技,4011100000002e3d
002515.SZ,金字火腿,4011100000002e6b
002516.SZ,旷达科技,4011100000002e84
002517.SZ,恺英网络,4011100000002e85
002518.SZ,科士达,4011100000002cfc
002519.SZ,银河电子,4011100000002ea4
002520.SZ,日发精机,4011100000002e76
002521.SZ,齐峰新材,4011100000002ca4
002522.SZ,浙江众成,4011100000002eb5
002523.SZ,天桥起重,40111000000023d6
002524.SZ,光正集团,4011100000002ef5
002526.SZ,山东矿机,4011100000002f0d
002527.SZ,新时达,4011100000002bf6
002528.SZ,英飞拓,4011100000002ef6
002529.SZ,海源机械,4011100000002a1f
002530.SZ,丰东股份,4011100000002bf7
002531.SZ,天顺风能,4011100000002f20
002532.SZ,新界泵业,4011100000002f0e
002533.SZ,金杯电工,4011100000002f8e
002534.SZ,杭锅股份,4011100000002f1e
002535.SZ,林州重机,4011100000002f62
002536.SZ,西泵股份,4011100000002f6f
002537.SZ,海立美达,4011100000002f96
002538.SZ,司尔特,4011100000002567
002539.SZ,新都化工,4011100000002f8c
002540.SZ,亚太科技,4011100000002f36
002541.SZ,鸿路钢构,4011100000002fd1
002542.SZ,中化岩土,4011100000002fe7
002543.SZ,万和电气,4011100000003004
002544.SZ,杰赛科技,4011100000002fbf
002545.SZ,东方铁塔,4011100000002fb6
002546.SZ,新联电子,401110000000300e
002547.SZ,春兴精工,4011100000002ee5
002548.SZ,金新农,4011100000003049
002549.SZ,凯美特气,401110000000262c
002550.SZ,千红制药,4011100000002fbe
002551.SZ,尚荣医疗,4011100000002fd8
002552.SZ,宝鼎科技,4011100000003006
002553.SZ,南方轴承,4011100000003073
002554.SZ,惠博普,4011100000002e03
002555.SZ,三七互娱,4011100000003048
002556.SZ,辉隆股份,4011100000003086
002557.SZ,洽洽食品,4011100000002f70
002558.SZ,世纪游轮,4011100000003046
002559.SZ,亚威股份,4011100000003056
002560.SZ,通达股份,40111000000030f4
002561.SZ,徐家汇,401110000000253f
002562.SZ,兄弟科技,4011100000003150
002563.SZ,森马服饰,4011100000003143
002564.SZ,天沃科技,4011100000003151
002565.SZ,上海绿新,401110000000311c
002566.SZ,益盛药业,40111000000026ac
002567.SZ,唐人神,4011100000002f59
002568.SZ,百润股份,40111000000031d1
002569.SZ,步森股份,4011100000002c28
002570.SZ,贝因美,4011100000002fd3
002571.SZ,德力股份,4011100000003152
002572.SZ,索菲亚,4011100000003225
002573.SZ,清新环境,4011100000003251
002574.SZ,明牌珠宝,4011100000003252
002575.SZ,群兴玩具,401110000000325c
002576.SZ,通达动力,4011100000003253
002577.SZ,雷柏科技,401110000000311d
002578.SZ,闽发铝业,40111000000032a9
002579.SZ,中京电子,401110000000320d
002580.SZ,圣阳股份,4011100000003295
002581.SZ,未名医药,4011100000003223
002582.SZ,好想你,4011100000003389
002583.SZ,海能达,40111000000033cb
002584.SZ,西陇科学,4011100000003388
002585.SZ,双星新材,40111000000033f0
002586.SZ,围海股份,40111000000033f2
002587.SZ,奥拓电子,4011100000003433
002588.SZ,史丹利,401110000000343e
002589.SZ,瑞康医药,4011100000003430
002590.SZ,万安科技,40111000000033ce
002591.SZ,恒大高新,40111000000025ae
002592.SZ,八菱科技,40111000000033e3
002593.SZ,日上集团,40111000000034e6
002594.SZ,比亚迪,40111000000034d7
002595.SZ,豪迈科技,4011100000002c29
002596.SZ,海南瑞泽,401110000000350e
002597.SZ,金禾实业,4011100000003551
002598.SZ,山东章鼓,4011100000003554
002599.SZ,盛通股份,4011100000001cdb
002600.SZ,江粉磁材,4011100000003524
002601.SZ,佰利联,4011100000003526
002602.SZ,世纪华通,401110000000359e
002603.SZ,以岭药业,4011100000003603
002604.SZ,龙力生物,40111000000034e0
002605.SZ,姚记扑克,40111000000034b9
002606.SZ,大连电瓷,4011100000002ef4
002607.SZ,亚夏汽车,401110000000357d
002608.SZ,*ST舜船,4011100000003671
002609.SZ,捷顺科技,4011100000002f63
002610.SZ,爱康科技,401110000000370e
002611.SZ,东方精工,4011100000003743
002612.SZ,朗姿股份,401110000000375e
002613.SZ,北玻股份,4011100000002969
002614.SZ,蒙发利,4011100000002c25
002615.SZ,哈尔斯,4011100000002ce3
002616.SZ,长青集团,4011100000003752
002617.SZ,露笑科技,401110000000378f
002618.SZ,丹邦科技,40111000000036d5
002619.SZ,巨龙管业,4011100000003784
002620.SZ,瑞和股份,401110000000362b
002621.SZ,三垒股份,4011100000003783
002622.SZ,永大集团,401110000000295c
002623.SZ,亚玛顿,401110000000393e
002624.SZ,完美环球,401110000000377e
002625.SZ,龙生股份,4011100000003910
002626.SZ,金达威,4011100000003510
002627.SZ,宜昌交运,401110000000366e
002628.SZ,成都路桥,401110000000390f
002629.SZ,仁智油服,401110000000370d
002630.SZ,华西能源,4011100000002700
002631.SZ,德尔未来,40111000000039bb
002632.SZ,道明光学,4011100000003a17
002633.SZ,申科股份,40111000000039bc
002634.SZ,棒杰股份,401110000000399a
002635.SZ,安洁科技,40111000000039e9
002636.SZ,金安国纪,4011100000003969
002637.SZ,赞宇科技,4011100000003941
002638.SZ,勤上光电,4011100000003a95
002639.SZ,雪人股份,4011100000003a61
002640.SZ,跨境通,401110000000399b
002641.SZ,永高股份,401110000000378e
002642.SZ,荣之联,4011100000003aca
002643.SZ,万润股份,4011100000002d85
002644.SZ,佛慈制药,40111000000028fb
002645.SZ,华宏科技,4011100000003a62
002646.SZ,青青稞酒,4011100000003a5f
002647.SZ,宏磊股份,4011100000003a98
002648.SZ,卫星石化,4011100000003a18
002649.SZ,博彦科技,4011100000003b14
002650.SZ,加加食品,4011100000003db0
002651.SZ,利君股份,4011100000003ad7
002652.SZ,扬子新材,4011100000003d76
002653.SZ,海思科,4011100000003e30
002654.SZ,万润科技,4011100000003e2d
002655.SZ,共达电声,4011100000003ba9
002656.SZ,摩登大道,4011100000003baa
002657.SZ,中科金财,4011100000003e8e
002658.SZ,雪迪龙,4011100000003eb4
002659.SZ,中泰桥梁,4011100000003eb8
002660.SZ,茂硕电源,4011100000003eb1
002661.SZ,克明面业,4011100000003eb7
002662.SZ,京威股份,4011100000003d4e
002663.SZ,普邦园林,4011100000003e86
002664.SZ,信质电机,4011100000003b15
002665.SZ,首航节能,4011100000003f7e
002666.SZ,德联集团,4011100000003df8
002667.SZ,鞍重股份,4011100000003d0c
002668.SZ,奥马电器,4011100000003ac7
002669.SZ,康达新材,4011100000003eb3
002670.SZ,华声股份,4011100000003eeb
002671.SZ,龙泉股份,4011100000003f51
002672.SZ,东江环保,4011100000003e85
002673.SZ,西部证券,4011100000003a8e
002674.SZ,兴业科技,4011100000003eb6
002675.SZ,东诚药业,4011100000003ef8
002676.SZ,顺威股份,4011100000003f1d
002677.SZ,浙江美大,4011100000003f1b
002678.SZ,珠江钢琴,4011100000004045
002679.SZ,福建金森,401110000000407d
002680.SZ,长生生物,40111000000040c9
002681.SZ,奋达科技,401110000000411c
002682.SZ,龙洲股份,4011100000003fa9
002683.SZ,宏大爆破,4011100000004133
002684.SZ,猛狮科技,4011100000004179
002685.SZ,华东重机,4011100000003f94
002686.SZ,亿利达,401110000000411d
002687.SZ,乔治白,40111000000040c5
002688.SZ,金河生物,4011100000003d58
002689.SZ,远大智能,401110000000407e
002690.SZ,美亚光电,401110000000402f
002691.SZ,冀凯股份,4011100000004046
002692.SZ,远程电缆,4011100000003fc7
002693.SZ,双成药业,401110000000417a
002694.SZ,顾地科技,40111000000040c6
002695.SZ,煌上煌,401110000000424f
002696.SZ,百洋股份,4011100000003f7f
002697.SZ,红旗连锁,4011100000004493
002698.SZ,博实股份,40111000000040f0
002699.SZ,美盛文化,4011100000003f93
002700.SZ,新疆浩源,4011100000004408
002701.SZ,奥瑞金,40111000000040ba
002702.SZ,海欣食品,4011100000002f58
002703.SZ,浙江世宝,4011100000004289
002705.SZ,新宝股份,401110000000452a
002706.SZ,良信电器,4011100000003055
002707.SZ,众信旅游,40111000000044ec
002708.SZ,光洋股份,401110000000424e
002709.SZ,天赐材料,4011100000004247
002711.SZ,欧浦智网,40111000000040c4
002712.SZ,思美传媒,40111000000048ea
002713.SZ,东易日盛,40111000000041fc
002714.SZ,牧原股份,4011100000004285
002715.SZ,登云股份,40111000000041fa
002716.SZ,金贵银业,40111000000041fb
002717.SZ,岭南园林,40111000000036d4
002718.SZ,友邦吊顶,40111000000041f9
002719.SZ,麦趣尔,4011100000004406
002721.SZ,金一文化,4011100000004449
002722.SZ,金轮股份,401110000000428a
002723.SZ,金莱特,40111000000041fd
002724.SZ,海洋王,4011100000004795
002725.SZ,跃岭股份,4011100000004249
002726.SZ,龙大肉食,4011100000004796
002727.SZ,一心堂,4011100000004200
002728.SZ,台城制药,4011100000004794
002729.SZ,好利来,401110000000881a
002730.SZ,电光科技,401110000000877b
002731.SZ,萃华珠宝,4011100000008bac
002732.SZ,燕塘乳业,401110000000877e
002733.SZ,雄韬股份,401110000000881c
002734.SZ,利民股份,401110000000350f
002735.SZ,王子新材,40111000000087f2
002736.SZ,国信证券,4011100000008e41
002737.SZ,葵花药业,4011100000008846
002738.SZ,中矿资源,4011100000002e05
002739.SZ,万达院线,4011100000008662
002740.SZ,爱迪尔,4011100000008729
002741.SZ,光华科技,401110000000880d
002742.SZ,三圣特材,401110000000878a
002743.SZ,富煌钢构,4011100000002ee4
002745.SZ,木林森,4011100000003785
002746.SZ,仙坛股份,401110000000424b
002747.SZ,埃斯顿,401110000000881d
002748.SZ,世龙实业,401110000000451d
002749.SZ,国光股份,4011100000008843
002750.SZ,龙津药业,4011100000008845
002751.SZ,易尚展示,4011100000008a96
002752.SZ,N兴股份,401110000000410e
002753.SZ,永东股份,401110000000897c
002755.SZ,东方新星,4011100000008839
002756.SZ,永兴特钢,4011100000002390
002757.SZ,南兴装备,4011100000008667
002758.SZ,华通医药,40111000000089bb
002759.SZ,天际股份,40111000000089bc
002760.SZ,凤形股份,40111000000088c1
002761.SZ,多喜爱,401110000000877c
002762.SZ,金发拉比,4011100000008883
002763.SZ,汇洁股份,401110000000887c
002765.SZ,蓝黛传动,4011100000008e7b
002766.SZ,索菱股份,401110000000887b
002767.SZ,先锋电子,40111000000087ec
002768.SZ,国恩股份,4011100000008775
002769.SZ,普路通,4011100000003036
002770.SZ,科迪乳业,40111000000086ac
002771.SZ,真视通,40111000000087be
002772.SZ,众兴菌业,4011100000008c0e
002773.SZ,康弘药业,4011100000004944
002775.SZ,文科园林,401110000000887a
002776.SZ,柏堡龙,40111000000087b3
002777.SZ,久远银海,4011100000008bad
002778.SZ,高科石化,401110000000343d
002779.SZ,中坚科技,40111000000086a8
002780.SZ,三夫户外,401110000000880c
002781.SZ,奇信股份,40111000000086e5
002782.SZ,可立克,4011100000004443
002783.SZ,凯龙股份,40111000000034b8
002785.SZ,万里石,4011100000008df3
002786.SZ,银宝山新,40111000000087af
002787.SZ,华源包装,40111000000088f1
002788.SZ,鹭燕医药,40111000000088bd
002789.SZ,建艺集团,40111000000088f3
002790.SZ,瑞尔特,401110000000897b
002791.SZ,坚朗五金,401110000000877d
002792.SZ,通宇通讯,40111000000041fe
002793.SZ,东音股份,40111000000088ef
002795.SZ,永和智控,401110000000894a
002796.SZ,N世嘉,4011100000008627
002797.SZ,第一创业,4011100000008a6c
002798.SZ,帝王洁具,4011100000008615
002799.SZ,环球印务,4011100000003f00
002800.SZ,天顺股份,4011100000008660
002801.SZ,微光股份,401110000000860d
002802.SZ,洪汇新材,4011100000008616
002805.SZ,丰元股份,4011100000002d86
300001.SZ,特锐德,401110000000245c
300002.SZ,神州泰岳,4011100000001cda
300003.SZ,乐普医疗,4011100000002461
300004.SZ,南风股份,401110000000245f
300005.SZ,探路者,401110000000246b
300006.SZ,莱美药业,4011100000002462
300007.SZ,汉威电子,4011100000002467
300008.SZ,上海佳豪,4011100000002460
300009.SZ,安科生物,4011100000002469
300010.SZ,立思辰,401110000000245b
300011.SZ,鼎汉技术,401110000000246a
300012.SZ,华测检测,4011100000002485
300013.SZ,新宁物流,401110000000246c
300014.SZ,亿纬锂能,4011100000002468
300015.SZ,爱尔眼科,401110000000248e
300016.SZ,北陆药业,40111000000011df
300017.SZ,网宿科技,401110000000248d
300018.SZ,中元华电,4011100000002487
300019.SZ,硅宝科技,401110000000248f
300020.SZ,银江股份,4011100000002490
300021.SZ,大禹节水,4011100000002494
300022.SZ,吉峰农机,4011100000002492
300023.SZ,宝德股份,4011100000002483
300024.SZ,机器人,4011100000002493
300025.SZ,华星创业,40111000000024ad
300026.SZ,红日药业,40111000000024ac
300027.SZ,华谊兄弟,40111000000024ab
300028.SZ,金亚科技,4011100000002491
300029.SZ,天龙光电,40111000000025d8
300030.SZ,阳普医疗,40111000000025e7
300031.SZ,宝通科技,4011100000002563
300032.SZ,金龙机电,40111000000025a3
300033.SZ,同花顺,4011100000002495
300034.SZ,钢研高纳,40111000000025a2
300035.SZ,中科电气,40111000000025e4
300036.SZ,超图软件,40111000000025e6
300037.SZ,新宙邦,4011100000002637
300038.SZ,梅泰诺,4011100000002635
300039.SZ,上海凯宝,4011100000002687
300040.SZ,九洲电气,401110000000267c
300041.SZ,回天新材,4011100000002634
300042.SZ,朗科科技,40111000000026a0
300043.SZ,互动娱乐,40111000000026c9
300044.SZ,赛为智能,40111000000026c7
300045.SZ,华力创通,40111000000026a1
300046.SZ,台基股份,40111000000026c8
300047.SZ,天源迪科,40111000000026a3
300048.SZ,合康变频,40111000000026a9
300049.SZ,福瑞股份,40111000000026a2
300050.SZ,世纪鼎利,40111000000026c6
300051.SZ,三五互联,40111000000026fe
300052.SZ,中青宝,401110000000270e
300053.SZ,欧比特,4011100000002734
300054.SZ,鼎龙股份,401110000000270f
300055.SZ,万邦达,4011100000002736
300056.SZ,三维丝,4011100000002737
300057.SZ,万顺股份,4011100000002735
300058.SZ,蓝色光标,4011100000002738
300059.SZ,东方财富,4011100000002838
300061.SZ,康耐特,4011100000002861
300062.SZ,中能电气,401110000000286d
300063.SZ,天龙集团,401110000000289b
300064.SZ,豫金刚石,401110000000289d
300065.SZ,海兰信,401110000000289c
300066.SZ,三川智慧,401110000000286f
300067.SZ,安诺其,401110000000292a
300068.SZ,南都电源,401110000000289e
300069.SZ,金利华电,4011100000002929
300070.SZ,碧水源,4011100000002900
300071.SZ,华谊嘉信,401110000000248c
300072.SZ,三聚环保,4011100000002927
300073.SZ,当升科技,40111000000028ff
300074.SZ,华平股份,401110000000296b
300075.SZ,数字政通,401110000000295f
300076.SZ,GQY视讯,4011100000002926
300077.SZ,国民技术,401110000000299a
300078.SZ,思创医惠,401110000000296a
300079.SZ,数码视讯,401110000000296c
300080.SZ,易成新能,401110000000295e
300081.SZ,恒信移动,40111000000029ee
300082.SZ,奥克股份,401110000000299b
300083.SZ,劲胜精密,401110000000296d
300084.SZ,海默科技,40111000000029c4
300085.SZ,银之杰,4011100000002a41
300086.SZ,康芝药业,40111000000029cc
300087.SZ,荃银高科,401110000000286e
300088.SZ,长信科技,4011100000002a1b
300089.SZ,文化长城,4011100000002a80
300090.SZ,盛运环保,4011100000002a1c
300091.SZ,金通灵,40111000000029ed
300092.SZ,科新机电,4011100000002b23
300093.SZ,金刚玻璃,4011100000002a70
300094.SZ,国联水产,4011100000002a7f
300095.SZ,华伍股份,4011100000002af9
300096.SZ,易联众,4011100000002a1d
300097.SZ,智云股份,4011100000002a53
300098.SZ,高新兴,401110000000286c
300099.SZ,尤洛卡,4011100000002a6f
300100.SZ,双林股份,4011100000002b24
300101.SZ,振芯科技,40111000000029cd
300102.SZ,乾照光电,4011100000002b41
300103.SZ,达刚路机,4011100000002b40
300104.SZ,乐视网,4011100000002b80
300105.SZ,龙源技术,4011100000002928
300106.SZ,西部牧业,4011100000002bcf
300107.SZ,建新股份,4011100000002bba
300108.SZ,双龙股份,4011100000002bf2
300109.SZ,新开源,4011100000002be7
300110.SZ,华仁药业,4011100000002b81
300111.SZ,向日葵,4011100000002be8
300112.SZ,万讯自控,4011100000002bd4
300113.SZ,顺网科技,4011100000002bd2
300114.SZ,中航电测,4011100000002bd3
300115.SZ,长盈精密,4011100000002bf1
300116.SZ,坚瑞消防,4011100000002be6
300117.SZ,嘉寓股份,4011100000002bea
300118.SZ,东方日升,4011100000002bdf
300119.SZ,瑞普生物,4011100000002c71
300120.SZ,经纬电材,4011100000002c33
300121.SZ,阳谷华泰,4011100000002c70
300122.SZ,智飞生物,4011100000002cab
300123.SZ,太阳鸟,4011100000002caa
300124.SZ,汇川技术,4011100000002a82
300125.SZ,易世达,4011100000002c80
300126.SZ,锐奇股份,4011100000002b65
300127.SZ,银河磁体,4011100000002cee
300128.SZ,锦富新材,4011100000002c34
300129.SZ,泰胜风能,4011100000002bde
300130.SZ,新国都,4011100000002d34
300131.SZ,英唐智控,4011100000002d5e
300132.SZ,青松股份,4011100000002d69
300133.SZ,华策影视,4011100000002bdd
300134.SZ,大富科技,4011100000002d33
300135.SZ,宝利国际,4011100000002d35
300136.SZ,信维通信,4011100000002d98
300137.SZ,先河环保,4011100000002d68
300138.SZ,晨光生物,4011100000002d97
300139.SZ,晓程科技,4011100000002564
300140.SZ,启源装备,4011100000002dee
300141.SZ,和顺电气,4011100000002ded
300142.SZ,沃森生物,4011100000002db1
300143.SZ,星河生物,4011100000002e2d
300144.SZ,宋城演艺,4011100000002e2c
300145.SZ,南方泵业,4011100000002e74
300146.SZ,汤臣倍健,4011100000002ebc
300147.SZ,香雪制药,4011100000002f04
300148.SZ,天舟文化,4011100000002e75
300149.SZ,量子高科,4011100000002ebd
300150.SZ,世纪瑞尔,4011100000000fbf
300151.SZ,昌红科技,4011100000002eee
300152.SZ,科融环境,4011100000002ab5
300153.SZ,科泰电源,4011100000002f05
300154.SZ,瑞凌股份,4011100000002e06
300155.SZ,安居宝,4011100000002eed
300156.SZ,神雾环保,4011100000002bf0
300157.SZ,恒泰艾普,4011100000002ead
300158.SZ,振东制药,4011100000002e83
300159.SZ,新研股份,4011100000002f5f
300160.SZ,秀强股份,4011100000002f6e
300161.SZ,华中数控,4011100000002f2d
300162.SZ,雷曼股份,4011100000002f2c
300163.SZ,先锋新材,4011100000002f6d
300164.SZ,通源石油,4011100000002f6c
300165.SZ,天瑞仪器,4011100000002f60
300166.SZ,东方国信,4011100000002f94
300167.SZ,迪威视讯,4011100000002f95
300168.SZ,万达信息,4011100000002e82
300169.SZ,天晟新材,4011100000002f2b
300170.SZ,汉得信息,4011100000002f91
300171.SZ,东富龙,4011100000002fa5
300172.SZ,中电环保,4011100000002fa4
300173.SZ,智慧松德,4011100000002b82
300174.SZ,元力股份,4011100000002f93
300175.SZ,朗源股份,4011100000002fa7
300176.SZ,鸿特精密,4011100000002fdb
300177.SZ,中海达,4011100000002fd9
300178.SZ,腾邦国际,4011100000002fda
300179.SZ,四方达,4011100000002a52
300180.SZ,华峰超纤,4011100000002fa8
300181.SZ,佐力药业,4011100000002fe8
300182.SZ,捷成股份,4011100000003012
300183.SZ,东软载波,4011100000003001
300184.SZ,力源信息,4011100000003011
300185.SZ,通裕重工,4011100000003085
300187.SZ,永清环保,4011100000003083
300188.SZ,美亚柏科,4011100000003077
300189.SZ,神农基因,4011100000003128
300190.SZ,维尔利,40111000000030b6
300191.SZ,潜能恒信,4011100000002f5e
300192.SZ,科斯伍德,4011100000003127
300193.SZ,佳士科技,4011100000003000
300194.SZ,福安药业,4011100000002fa6
300195.SZ,长荣股份,4011100000003078
300196.SZ,长海股份,4011100000003082
300197.SZ,铁汉生态,4011100000003002
300198.SZ,纳川股份,4011100000003076
300199.SZ,翰宇药业,401110000000314a
300200.SZ,高盟新材,401110000000314b
300201.SZ,海伦哲,40111000000031f1
300202.SZ,聚龙股份,401110000000325e
300203.SZ,聚光科技,4011100000003045
300204.SZ,舒泰神,4011100000003145
300205.SZ,天喻信息,4011100000003074
300206.SZ,理邦仪器,401110000000325f
300207.SZ,欣旺达,40111000000032ac
300208.SZ,恒顺众N,401110000000326f
300209.SZ,天泽信息,4011100000003270
300210.SZ,森远股份,401110000000326e
300211.SZ,亿通科技,4011100000003126
300212.SZ,易华录,40111000000032b5
300213.SZ,佳讯飞鸿,40111000000018c2
300214.SZ,日科化学,4011100000003146
300215.SZ,电科院,4011100000003397
300216.SZ,千山药机,4011100000002fff
300217.SZ,东方电热,40111000000033aa
300218.SZ,安利股份,40111000000032fb
300219.SZ,鸿利光电,4011100000003399
300220.SZ,金运激光,4011100000003075
300221.SZ,银禧科技,40111000000033ae
300222.SZ,科大智能,40111000000033a9
300223.SZ,北京君正,4011100000002f61
300224.SZ,正海磁材,40111000000033e5
300225.SZ,金力泰,4011100000003396
300226.SZ,上海钢联,40111000000033ec
300227.SZ,光韵达,40111000000033e4
300228.SZ,富瑞特装,40111000000033e6
300229.SZ,拓尔思,4011100000003053
300230.SZ,永利股份,4011100000003418
300231.SZ,银信科技,40111000000033e2
300232.SZ,洲明科技,4011100000003419
300233.SZ,金城医药,4011100000003437
300234.SZ,开尔新材,401110000000341a
300235.SZ,方直科技,40111000000029c3
300236.SZ,上海新阳,4011100000003439
300237.SZ,美晨科技,401110000000343a
300238.SZ,冠昊生物,40111000000029cb
300239.SZ,东宝生物,40111000000034e5
300240.SZ,飞力达,40111000000033ed
300241.SZ,瑞丰光电,401110000000355d
300242.SZ,明家联合,401110000000355b
300243.SZ,瑞丰高材,40111000000035a4
300244.SZ,迪安诊断,40111000000035ae
300245.SZ,天玑科技,4011100000002afc
300246.SZ,宝莱特,4011100000003609
300247.SZ,乐金健康,40111000000025e5
300248.SZ,新开普,4011100000003605
300249.SZ,依米康,40111000000033eb
300250.SZ,初灵信息,4011100000003608
300251.SZ,光线传媒,401110000000363c
300252.SZ,金信诺,40111000000036a6
300253.SZ,卫宁健康,4011100000002a7e
300254.SZ,仟源医药,4011100000003677
300255.SZ,常山药业,4011100000003682
300256.SZ,星星科技,4011100000003678
300257.SZ,开山股份,4011100000003398
300258.SZ,精锻科技,401110000000355c
300259.SZ,新天科技,40111000000036e0
300260.SZ,新莱应材,40111000000036a5
300261.SZ,雅本化学,4011100000003732
300262.SZ,巴安水务,401110000000375b
300263.SZ,隆华节能,4011100000003750
300264.SZ,佳创视讯,4011100000002710
300265.SZ,通光线缆,40111000000036d8
300266.SZ,兴源环境,4011100000003790
300267.SZ,尔康制药,40111000000036df
300268.SZ,万福生科,401110000000374f
300269.SZ,联建光电,4011100000003730
300270.SZ,中威电子,401110000000375c
300271.SZ,华宇软件,40111000000011e5
300272.SZ,开能环保,4011100000002a1a
300273.SZ,和佳股份,4011100000003731
300274.SZ,阳光电源,40111000000038a4
300275.SZ,梅安森,40111000000038dd
300276.SZ,三丰智能,40111000000039be
300277.SZ,海联讯,40111000000026fd
300278.SZ,华昌达,4011100000003999
300279.SZ,和晶科技,4011100000003a46
300280.SZ,南通锻压,40111000000039bf
300281.SZ,金明精机,4011100000003a6a
300282.SZ,汇冠股份,401110000000325d
300283.SZ,温州宏丰,40111000000038dc
300284.SZ,苏交科,4011100000003719
300285.SZ,国瓷材料,4011100000003a69
300286.SZ,安科瑞,4011100000003a99
300287.SZ,飞利信,4011100000003b10
300288.SZ,朗玛信息,4011100000003aa5
300289.SZ,利德曼,4011100000003d4b
300290.SZ,荣科科技,4011100000003b11
300291.SZ,华录百纳,4011100000003d75
300292.SZ,吴通控股,4011100000003db7
300293.SZ,蓝英装备,40111000000039eb
300294.SZ,博雅生物,4011100000003751
300295.SZ,三六五网,4011100000003a9a
300296.SZ,利亚德,4011100000003e41
300297.SZ,蓝盾股份,4011100000003da8
300298.SZ,三诺生物,4011100000003ba8
300299.SZ,富春通信,4011100000003f37
300300.SZ,汉鼎股份,4011100000003eaf
300301.SZ,长方集团,4011100000003e40
300302.SZ,同有科技,4011100000003f20
300303.SZ,聚飞光电,40111000000036ec
300304.SZ,云意电气,4011100000003e70
300305.SZ,裕兴股份,4011100000002bbb
300306.SZ,远方光电,4011100000003e72
300307.SZ,慈星股份,4011100000003e23
300308.SZ,中际装备,4011100000003f21
300309.SZ,吉艾科技,4011100000003e3f
300310.SZ,宜通世纪,4011100000003e22
300311.SZ,任子行,4011100000003ef9
300312.SZ,邦讯技术,4011100000003f2d
300313.SZ,天山生物,4011100000003ee4
300314.SZ,戴维医疗,4011100000003ee5
300315.SZ,掌趣科技,4011100000003f2f
300316.SZ,晶盛机电,4011100000003ff7
300317.SZ,珈伟股份,4011100000003f2c
300318.SZ,博晖创新,401110000000144e
300319.SZ,麦捷科技,4011100000003ff8
300320.SZ,海达股份,4011100000003ee3
300321.SZ,同大股份,4011100000002ada
300322.SZ,硕贝德,4011100000004074
300323.SZ,华灿光电,4011100000004107
300324.SZ,旋极信息,4011100000003adb
300325.SZ,德威新材,4011100000002e2e
300326.SZ,凯利泰,4011100000003e8b
300327.SZ,中颖电子,4011100000003ef5
300328.SZ,宜安科技,40111000000040d4
300329.SZ,海伦钢琴,4011100000002d38
300330.SZ,华虹计通,4011100000003f23
300331.SZ,苏大维格,4011100000002e07
300332.SZ,天壕环境,40111000000040d3
300333.SZ,兆日科技,4011100000004078
300334.SZ,津膜科技,401110000000408f
300335.SZ,迪森股份,401110000000410b
300336.SZ,新文化,401110000000407f
300337.SZ,银邦股份,40111000000040c3
300338.SZ,开元仪器,40111000000040b9
300339.SZ,润和软件,4011100000004076
300340.SZ,科恒股份,4011100000003044
300341.SZ,麦迪电气,4011100000004119
300342.SZ,天银机电,4011100000004068
300343.SZ,联创股份,4011100000004169
300344.SZ,太空板业,40111000000040e8
300345.SZ,红宇新材,4011100000003084
300346.SZ,南大光电,401110000000414c
300347.SZ,泰格医药,4011100000004112
300348.SZ,长亮科技,40111000000040b7
300349.SZ,金卡股份,40111000000040d5
300350.SZ,华鹏飞,4011100000003ae4
300351.SZ,永贵电器,4011100000004445
300352.SZ,北信源,401110000000423e
300353.SZ,东土科技,4011100000001ee1
300354.SZ,东华测试,4011100000004357
300355.SZ,蒙草抗旱,4011100000004447
300356.SZ,光一科技,40111000000042a7
300357.SZ,我武生物,40111000000044bb
300358.SZ,楚天科技,4011100000003e21
300359.SZ,全通教育,4011100000004878
300360.SZ,炬华科技,40111000000044ba
300362.SZ,天翔环境,401110000000414d
300363.SZ,博腾股份,40111000000044f7
300364.SZ,中文在线,4011100000008b3b
300365.SZ,恒华科技,401110000000481a
300366.SZ,创意信息,40111000000031f2
300367.SZ,东方网力,4011100000004358
300368.SZ,汇金股份,4011100000004462
300369.SZ,绿盟科技,40111000000042c4
300370.SZ,安控科技,4011100000001c4d
300371.SZ,汇中股份,40111000000041f7
300372.SZ,欣泰电气,40111000000032b4
300373.SZ,扬杰科技,40111000000044f8
300374.SZ,恒通科技,4011100000008812
300375.SZ,鹏翎股份,4011100000003125
300376.SZ,易事特,401110000000476d
300377.SZ,赢时胜,4011100000004556
300378.SZ,鼎捷软件,4011100000004942
300379.SZ,东方通,4011100000004877
300380.SZ,安硕信息,40111000000047fa
300381.SZ,溢多利,40111000000033ee
300382.SZ,斯莱克,4011100000004250
300383.SZ,光环新网,401110000000417c
300384.SZ,三联虹普,40111000000087b4
300385.SZ,雪浪环境,401110000000459d
300386.SZ,飞天诚信,40111000000048f5
300387.SZ,富邦股份,4011100000004941
300388.SZ,国祯环保,4011100000004400
300389.SZ,艾比森,40111000000041f8
300390.SZ,天华超净,401110000000497f
300391.SZ,康跃科技,4011100000004557
300392.SZ,腾信股份,4011100000008921
300393.SZ,中来股份,4011100000008661
300394.SZ,天孚通信,4011100000008f29
300395.SZ,菲利华,4011100000008ab7
300396.SZ,迪瑞医疗,4011100000004463
300397.SZ,天和防务,40111000000040b6
300398.SZ,飞凯材料,401110000000878f
300399.SZ,京天利,4011100000004879
300400.SZ,劲拓股份,4011100000004077
300401.SZ,花园生物,4011100000002d5d
300402.SZ,宝色股份,40111000000032fa
300403.SZ,地尔汉宇,4011100000004464
300404.SZ,博济医药,4011100000008ba5
300405.SZ,科隆精化,4011100000004921
300406.SZ,九强生物,40111000000087bb
300407.SZ,凯发电气,4011100000008818
300408.SZ,三环集团,4011100000008f69
300409.SZ,道氏技术,4011100000008722
300410.SZ,正业科技,4011100000008a94
300411.SZ,金盾股份,40111000000086a2
300412.SZ,迦南科技,4011100000008d53
300413.SZ,快乐购,4011100000008f66
300414.SZ,中光防雷,4011100000008a2a
300415.SZ,伊之密,4011100000008724
300416.SZ,苏试试验,4011100000008c01
300417.SZ,南华仪器,4011100000008726
300418.SZ,昆仑万维,4011100000008813
300419.SZ,浩丰科技,401110000000476f
300420.SZ,五洋科技,4011100000008b1f
300421.SZ,力星股份,4011100000008663
300422.SZ,博世科,4011100000008ccf
300423.SZ,鲁亿通,4011100000008c04
300424.SZ,航新科技,401110000000884c
300425.SZ,环能科技,4011100000008a2b
300426.SZ,唐德影视,4011100000008e7a
300427.SZ,红相电力,4011100000008ef2
300428.SZ,四通新材,4011100000008e38
300429.SZ,强力新材,4011100000008815
300430.SZ,诚益通,4011100000008665
300431.SZ,暴风科技,4011100000008c06
300432.SZ,富临精工,40111000000088cb
300433.SZ,蓝思科技,4011100000008922
300434.SZ,金石东方,4011100000008e82
300435.SZ,中泰股份,4011100000008618
300436.SZ,广生堂,40111000000086a5
300437.SZ,清水源,4011100000008721
300438.SZ,鹏辉能源,4011100000008664
300439.SZ,美康生物,4011100000008eac
300440.SZ,运达科技,4011100000008816
300441.SZ,鲍斯股份,40111000000087c8
300442.SZ,普丽盛,4011100000008baa
300443.SZ,金雷风电,401110000000878e
300444.SZ,双杰电气,4011100000001ef0
300445.SZ,康斯特,4011100000001e56
300446.SZ,乐凯新材,4011100000008ed6
300447.SZ,全信股份,4011100000008b1e
300448.SZ,浩云科技,40111000000087cc
300449.SZ,汉邦高科,401110000000878d
300450.SZ,先导智能,4011100000008ed0
300451.SZ,创业软件,4011100000008f21
300452.SZ,山河药辅,4011100000008727
300453.SZ,三鑫医疗,4011100000008a6b
300455.SZ,康拓红外,401110000000878b
300456.SZ,耐威科技,4011100000008bcf
300457.SZ,赢合科技,4011100000008f1e
300458.SZ,全志科技,4011100000008f65
300459.SZ,浙江金科,4011100000008f1b
300460.SZ,惠伦晶体,4011100000008a2c
300461.SZ,田中精机,4011100000008c00
300462.SZ,华铭智能,4011100000008923
300463.SZ,迈克生物,4011100000008788
300464.SZ,星徽精密,401110000000884b
300465.SZ,高伟达,401110000000884d
300466.SZ,赛摩电气,401110000000883a
300467.SZ,迅游科技,4011100000008723
300468.SZ,四方精创,4011100000008c02
300469.SZ,信息发展,401110000000883b
300470.SZ,日机密封,40111000000089e9
300471.SZ,厚普股份,4011100000008890
300472.SZ,新元科技,4011100000008891
300473.SZ,德尔股份,4011100000008c2b
300474.SZ,景嘉微,4011100000008c2d
300475.SZ,聚隆科技,4011100000008666
300476.SZ,胜宏科技,4011100000008610
300477.SZ,合纵科技,4011100000001831
300478.SZ,杭州高新,401110000000888f
300479.SZ,神思电子,4011100000008849
300480.SZ,光力科技,4011100000008888
300481.SZ,濮阳惠成,4011100000008f67
300482.SZ,万孚生物,4011100000008c51
300483.SZ,沃施股份,4011100000003d4d
300484.SZ,蓝海华腾,40111000000088ca
300485.SZ,赛升药业,4011100000008ba3
300486.SZ,东杰智能,401110000000888b
300487.SZ,蓝晓科技,4011100000008f1c
300488.SZ,恒锋工具,4011100000008e84
300489.SZ,中飞股份,401110000000888e
300490.SZ,华自科技,401110000000888c
300491.SZ,通合科技,4011100000008620
300492.SZ,山鼎设计,4011100000008848
300493.SZ,润欣科技,4011100000008ef4
300494.SZ,盛天网络,401110000000888d
300495.SZ,美尚生态,401110000000884a
300496.SZ,中科创达,40111000000088c4
300497.SZ,富祥股份,4011100000008c52
300498.SZ,温氏股份,401110000000e9b2
300499.SZ,高澜股份,4011100000008cd4
300500.SZ,苏州设计,401110000000897a
300501.SZ,海顺新材,401110000000871f
300502.SZ,新易盛,4011100000008ed3
300503.SZ,昊志机电,4011100000008cff
300505.SZ,川金诺,40111000000086a4
300506.SZ,名家汇,4011100000008a68
300507.SZ,苏奥传感,40111000000042b5
300508.SZ,维宏股份,4011100000008d52
300509.SZ,新美星,4011100000008cd3
300510.SZ,金冠电气,4011100000008b1c
300511.SZ,雪榕生物,40111000000087ca
300512.SZ,中亚股份,4011100000008924
300513.SZ,恒泰实达,40111000000087cb
300515.SZ,三德科技,4011100000008f31
300516.SZ,久之洋,4011100000008b20
300518.SZ,盛讯达,4011100000008a67
300519.SZ,新光药业,40111000000089e8
300520.SZ,科大国创,4011100000008b70
300521.SZ,爱司凯,4011100000008625
300522.SZ,世名科技,40111000000088c8
