股份代号,股份名称,买卖单位,UK
1,长和,500,40a1100000000001
2,中电控股,500,40a1100000000002
3,香港中华煤气,"“1,000”",40a1100000000003
4,九龙仓集团,"“1,000”",40a1100000000004
5,汇丰控股,400,40a1100000000005
6,电能实业,500,40a1100000000006
7,凯富能源,"“2,000”",40a1100000000007
8,电讯盈科,"“1,000”",40a1100000000008
9,九号运通,"“6,000”",40a1100000000009
10,恒隆集团,"“1,000”",40a110000000000a
11,恒生银行,100,40a110000000000b
12,恒基地产,"“1,000”",40a110000000000c
14,希慎兴业,"“1,000”",40a110000000000d
15,盈信控股,"“2,000”",40a110000000000e
16,新鸿基地产,"“1,000”",40a110000000000f
17,新世界发展,"“1,000”",40a1100000000010
18,东方报业集团,"“2,000”",40a1100000000011
19,太古股份公司Ａ,500,40a1100000000012
20,会德丰,"“1,000”",40a1100000000013
21,大中华地产控股,"“5,000”",40a1100000000014
22,茂盛控股,"“40,000”",40a1100000000015
23,东亚银行,200,40a1100000000016
24,宝威控股,"“2,000”",40a1100000000017
25,HEVALIER INT'L,"“2,000”",40a1100000000018
26,中华汽车,200,40a1100000000019
27,银河娱乐,"“1,000”",40a110000000001a
28,天安,"“1,000”",40a110000000001b
29,达力集团,"“2,000”",40a110000000001c
30,万隆控股集团,"“2,000”",40a110000000001d
31,航天控股,"“2,000”",40a110000000001e
32,港通控股,"“1,000”",40a110000000001f
33,亚投金融集团,"“2,000”",40a1100000000020
34,九龙建业,"“1,000”",40a1100000000021
35,远东发展,"“1,000”",40a1100000000022
36,远东控股国际,"“3,000”",40a1100000000023
37,远东酒店实业,"“2,000”",40a1100000000024
38,第一拖拉机股份,"“2,000”",40a1100000000025
39,中国北大荒,"“8,000”",40a1100000000026
40,金山工业,"“1,000”",40a1100000000027
41,鹰君,"“1,000”",40a1100000000028
42,东北电气,"“2,000”",40a1100000000029
43,卜蜂国际,"“2,000”",40a110000000002a
44,香港飞机工程,400,40a110000000002b
45,大酒店,500,40a110000000002c
46,科联系统,"“2,000”",40a110000000002d
47,合兴集团,"“4,000”",40a110000000002e
48,中国汽车内饰,"“10,000”",40a110000000002f
50,香港小轮（集团）,"“1,000”",40a1100000000030
51,海港企业,"“1,000”",40a1100000000031
52,FAIRWOOD HOLD,500,40a1100000000032
53,国浩集团,"“1,000”",40a1100000000033
54,合和实业,500,40a1100000000034
55,中星集团控股,"“10,000”",40a1100000000035
56,联合地产（香港）,"“2,000”",40a1100000000036
57,震雄集团,"“2,000”",40a1100000000037
58,新威国际,"“20,000”",40a1100000000038
59,天誉置业,"“2,000”",40a1100000000039
60,香港食品投资,"“2,000”",40a110000000003a
61,北亚资源,"“5,000”",40a110000000003b
62,载通,400,40a110000000003c
63,荣丰国际,"“1,000”",40a110000000003d
64,结好控股,"“2,000”",40a110000000003e
65,弘海高新资源,"“4,000”",40a110000000003f
66,港铁公司,500,40a1100000000040
67,旭光高新材料,"“2,000”",40a1100000000041
68,利兴发展,"“1,000”",40a1100000000042
69,香格里拉（亚洲）,"“2,000”",40a1100000000043
70,海王集团,"“10,000”",40a1100000000044
71,美丽华酒店,"“1,000”",40a1100000000045
72,现代传播,"“2,000”",40a1100000000046
73,亚洲果业,"“1,000”",40a1100000000047
75,渝太地产,"“2,000”",40a1100000000048
76,南海石油,"“4,000”",40a1100000000049
77,进智公共交通,"“2,000”",40a110000000004a
78,REGAL INT'L,"“2,000”",40a110000000004b
79,世纪建业,"“4,000”",40a110000000004c
81,中国海外宏洋集团,"“1,000”",40a110000000004d
82,第一视频,"“2,000”",40a110000000004e
83,信和置业,"“2,000”",40a110000000004f
84,宝光实业,"“1,000”",40a1100000000050
85,中国电子,"“2,000”",40a1100000000051
86,新鸿基公司,"“1,000”",40a1100000000052
87,太古股份公司Ｂ,"“2,500”",40a1100000000053
88,TAI CHEUNG HOLD,"“1,000”",40a1100000000054
89,大生地产,"“1,000”",40a1100000000055
90,琥珀能源,"“2,000”",40a1100000000056
91,标准资源控股,"“50,000”",40a1100000000057
92,HAMPION TECH,"“2,000”",40a1100000000058
93,TERMBRAY IND,"“2,000”",40a1100000000059
94,绿心集团,"“2,000”",40a110000000005a
95,绿景中国地产,"“4,000”",40a110000000005b
96,ＹＵＳＥＩ,"“2,000”",40a110000000005c
97,恒基发展,"“1,000”",40a110000000005d
98,兴发铝业,"“1,000”",40a110000000005e
99,王氏国际,"“1,000”",40a110000000005f
100,白马户外媒体,"“1,000”",40a1100000000060
101,恒隆地产,"“1,000”",40a1100000000061
102,凯升控股,"“2,000”",40a1100000000062
103,首长宝佳,"“2,000”",40a1100000000063
104,ASIA COMM HOLD,"“5,000”",40a1100000000064
105,凯联国际酒店,"“2,000”",40a1100000000065
106,朗诗绿色地产,"“4,000”",40a1100000000066
107,四川成渝高速公路,"“2,000”",40a1100000000067
108,国锐地产,"“2,000”",40a1100000000068
109,天成国际,"“10,000”",40a1100000000069
110,中国长远,"“2,000”",40a110000000006a
111,信达国际控股,"“2,000”",40a110000000006b
112,勒泰商业地产,"“2,000”",40a110000000006c
113,迪生创建,500,40a110000000006d
114,HERALD HOLD,"“5,000”",40a110000000006e
115,钧濠集团,"“10,000”",40a110000000006f
116,周生生,"“1,000”",40a1100000000070
117,宇阳控股,"“2,000”",40a1100000000071
118,大同机械,"“2,000”",40a1100000000072
119,保利置业集团,"“1,000”",40a1100000000073
120,OSMOPOL INT'L,"“20,000”",40a1100000000074
121,卜蜂莲花,"“10,000”",40a1100000000075
122,鳄鱼恤,"“1,000”",40a1100000000076
123,越秀地产,"“2,000”",40a1100000000077
124,粤海置地,"“2,000”",40a1100000000078
125,新兴光学,"“2,000”",40a1100000000079
126,佳宁娜,"“2,000”",40a110000000007a
127,华人置业,500,40a110000000007b
128,安宁控股,"“4,000”",40a110000000007c
129,泛海集团,"“2,000”",40a110000000007d
130,慕诗国际,"“2,000”",40a110000000007e
131,卓能(集团),"“1,000”",40a110000000007f
132,中国兴业控股,"“1,000”",40a1100000000080
135,昆仑能源,"“2,000”",40a1100000000081
136,恒腾网络,"“4,000”",40a1100000000082
137,金辉集团,"“1,000”",40a1100000000083
138,中建富通,"“2,000”",40a1100000000084
139,中国软实力,"“14,000”",40a1100000000085
141,大中华集团,"“2,000”",40a1100000000086
142,第一太平,"“2,000”",40a1100000000087
143,GLOBAL TECH,"“2,000”",40a1100000000088
144,招商局国际,"“2,000”",40a1100000000089
145,香港建屋贷款,"“8,000”",40a110000000008a
146,TAI PING CARPET,"“1,000”",40a110000000008b
147,超越集团,"“5,000”",40a110000000008c
148,建滔化工,500,40a110000000008d
149,中国农产品交易,"“5,000”",40a110000000008e
151,中国旺旺,"“1,000”",40a110000000008f
152,深圳国际,500,40a1100000000090
153,中国赛特,"“2,000”",40a1100000000091
154,北京发展（香港）,"“1,000”",40a1100000000092
155,中国源畅,"“10,000”",40a1100000000093
156,力宝华润,"“10,000”",40a1100000000094
157,自然美,"“10,000”",40a1100000000095
158,万邦投资,500,40a1100000000096
159,布莱克万矿业,"“4,000”",40a1100000000097
160,汉国置业,"“2,000”",40a1100000000098
161,中航国际控股,"“2,000”",40a1100000000099
162,世纪金花,"“2,000”",40a110000000009a
163,英皇国际,"“2,000”",40a110000000009b
164,中国宝力科技,"“25,000”",40a110000000009c
165,中国光大控股,"“2,000”",40a110000000009d
166,新时代能源,"“2,000”",40a110000000009e
167,IDT INT'L,"“2,000”",40a110000000009f
168,青岛啤酒股份,"“2,000”",40a11000000000a0
169,万达酒店发展,"“1,000”",40a11000000000a1
171,银建国际,"“2,000”",40a11000000000a2
172,金榜集团,"“10,000”",40a11000000000a3
173,嘉华国际,"“1,000”",40a11000000000a4
174,盛洋投资,"“2,000”",40a11000000000a5
175,吉利汽车,"“5,000”",40a11000000000a6
176,联太工业,"“2,000”",40a11000000000a7
177,江苏宁沪高速公路,"“2,000”",40a11000000000a8
178,莎莎国际,"“2,000”",40a11000000000a9
179,德昌电机控股,500,40a11000000000aa
180,开达集团,"“2,000”",40a11000000000ab
181,闽港控股,"“20,000”",40a11000000000ac
182,协合新能源,"“10,000”",40a11000000000ad
183,宏辉集团,"“8,000”",40a11000000000ae
184,激成投资,"“2,000”",40a11000000000af
185,正恒国际控股,"“10,000”",40a11000000000b0
186,GRANDE HOLDINGS,"“30,000”",40a11000000000b1
187,京城机电股份,"“2,000”",40a11000000000b2
188,新华汇富金融,"“10,000”",40a11000000000b3
189,东岳集团,"“1,000”",40a11000000000b4
190,香港建设(控股),"“1,000”",40a11000000000b5
191,丽新国际,"“5,000”",40a11000000000b6
193,冠中地产,"“15,000”",40a11000000000b7
194,廖创兴企业,"“2,000”",40a11000000000b8
195,利海资源,"“10,000”",40a11000000000b9
196,宏华集团,"“1,000”",40a11000000000ba
197,亨泰,"“5,000”",40a11000000000bb
198,星美控股,"“4,000”",40a11000000000bc
199,德祥地产,"“1,000”",40a11000000000bd
200,新濠国际发展,"“1,000”",40a11000000000be
201,华大酒店,"“2,000”",40a11000000000bf
202,润中国际控股,"“5,000”",40a11000000000c0
205,财讯传媒,"“20,000”",40a11000000000c1
206,TSC集团,"“1,000”",40a11000000000c2
207,大悦城地产,"“2,000”",40a11000000000c3
208,保利达资产,"“5,000”",40a11000000000c4
209,瀛晟科学,"“4,000”",40a11000000000c5
210,达芙妮国际,"“2,000”",40a11000000000c6
211,STYLAND HOLD,"“10,000”",40a11000000000c7
212,NANYANG HOLD,500,40a11000000000c8
213,NATIONAL ELEC H,"“2,000”",40a11000000000c9
214,汇汉控股,"“2,000”",40a11000000000ca
215,和记电讯香港,"“2,000”",40a11000000000cb
216,建业实业,"“4,000”",40a11000000000cc
217,中国诚通发展集团,"“2,000”",40a11000000000cd
218,申万宏源,"“5,000”",40a11000000000ce
219,顺豪科技,"“2,000”",40a11000000000cf
220,统一企业中国,"“1,000”",40a11000000000d0
221,易易壹金融,"“20,000”",40a11000000000d1
222,闽信集团,"“2,000”",40a11000000000d2
223,神州资源,"“2,000”",40a11000000000d3
224,建生国际,"“4,000”",40a11000000000d4
225,博富临置业,"“2,000”",40a11000000000d5
226,力宝,"“1,000”",40a11000000000d6
227,第一上海,"“8,000”",40a11000000000d7
228,中能控股,"“2,000”",40a11000000000d8
229,利民实业,"“1,000”",40a11000000000d9
230,五矿地产,"“2,000”",40a11000000000da
231,平安证券集团控股,"“20,000”",40a11000000000db
232,中国航空工业国际,"“2,000”",40a11000000000dc
233,铭源医疗,"“10,000”",40a11000000000dd
234,新世纪集团,"“8,000”",40a11000000000de
235,中策集团,"“5,000”",40a11000000000df
236,香港生力啤,"“2,000”",40a11000000000e0
237,安全货仓,"“2,000”",40a11000000000e1
238,长兴国际,"“1,000”",40a11000000000e2
239,白花油,"“2,500”",40a11000000000e3
240,利基控股,"“10,000”",40a11000000000e4
241,阿里健康,"“2,000”",40a11000000000e5
242,信德集团,"“2,000”",40a11000000000e6
243,QPL INT'L,"“9,000”",40a11000000000e7
244,先施,"“1,000”",40a11000000000e8
245,中国民生金融,"“10,000”",40a11000000000e9
246,瑞金矿业,500,40a11000000000ea
247,TST PROPERTIES,"“2,000”",40a11000000000eb
248,香港通讯国际控股,"“4,000”",40a11000000000ec
250,中国数码信息,"“10,000”",40a11000000000ed
251,爪哇控股,"“2,000”",40a11000000000ee
252,华信地产财务,"“2,000”",40a11000000000ef
253,顺豪资源集团,"“2,000”",40a11000000000f0
254,国家联合资源,"“10,000”",40a11000000000f1
255,龙记集团,"“2,000”",40a11000000000f2
256,冠城钟表珠宝,"“2,000”",40a11000000000f3
257,中国光大国际,"“1,000”",40a11000000000f4
258,汤臣集团,"“2,000”",40a11000000000f5
259,亿都（国际控股）,"“2,000”",40a11000000000f6
260,幸福控股,"“10,000”",40a11000000000f7
261,中建置地,"“80,000”",40a11000000000f8
262,迪臣发展国际,"“5,000”",40a11000000000f9
263,高富集团控股,"“4,000”",40a11000000000fa
264,中玺国际,"“4,000”",40a11000000000fb
265,东胜中国,"“10,000”",40a11000000000fc
266,天德地产,"“2,000”",40a11000000000fd
267,中信股份,"“1,000”",40a11000000000fe
268,金蝶国际,"“2,000”",40a11000000000ff
269,中国资源交通,"“5,000”",40a1100000000100
270,粤海投资,"“2,000”",40a1100000000101
271,丹枫控股,"“1,000”",40a1100000000102
272,瑞安房地产,500,40a1100000000103
273,民信金控,"“20,000”",40a1100000000104
274,中富资源,"“40,000”",40a1100000000105
275,锦兴集团,"“10,000”",40a1100000000106
276,蒙古能源,"“3,000”",40a1100000000107
277,太兴置业,"“2,000”",40a1100000000108
278,华厦置业,"“2,000”",40a1100000000109
279,民众金服,"“20,000”",40a110000000010a
280,景福集团,"“2,000”",40a110000000010b
281,川河集团,"“2,000”",40a110000000010c
282,壹传媒,"“2,000”",40a110000000010d
283,高银地产,"“2,000”",40a110000000010e
285,比亚迪电子,500,40a110000000010f
286,同佳健康,"“2,000”",40a1100000000110
287,永发置业,"“2,000”",40a1100000000111
288,万洲国际,500,40a1100000000112
289,WING ON CO,"“1,000”",40a1100000000113
290,中国富强金融,"“2,000”",40a1100000000114
291,华润啤酒,"“2,000”",40a1100000000115
292,泛海酒店,"“10,000”",40a1100000000116
293,国泰航空,"“1,000”",40a1100000000117
294,长江制衣,"“1,000”",40a1100000000118
295,江山控股,"“25,000”",40a1100000000119
296,英皇娱乐酒店,"“5,000”",40a110000000011a
297,中化化肥,"“2,000”",40a110000000011b
298,庄士中国,"“10,000”",40a110000000011c
299,新体育,"“10,000”",40a110000000011d
300,昆明机床,"“2,000”",40a110000000011e
303,VTECH HOLDINGS,100,40a110000000011f
305,五菱汽车,"“10,000”",40a1100000000120
306,冠忠巴士集团,"“2,000”",40a1100000000121
307,优派能源发展,"“2,000”",40a1100000000122
308,香港中旅,"“2,000”",40a1100000000123
309,新华通讯频媒,"“1,000”",40a1100000000124
311,联泰控股,"“1,000”",40a1100000000125
312,岁宝百货,"“2,000”",40a1100000000126
313,裕田中国,"“50,000”",40a1100000000127
315,数码通电讯,500,40a1100000000128
316,东方海外国际,500,40a1100000000129
317,中船防务,"“2,000”",40a110000000012a
318,黄河实业,"“5,000”",40a110000000012b
319,勤美达国际,"“2,000”",40a110000000012c
320,金宝通,"“2,000”",40a110000000012d
321,德永佳集团,"“2,000”",40a110000000012e
322,康师傅控股,"“2,000”",40a110000000012f
323,马鞍山钢铁股份,"“2,000”",40a1100000000130
326,中国星集团,"“10,000”",40a1100000000131
327,百富环球,"“1,000”",40a1100000000132
328,ALCO HOLDINGS,"“2,000”",40a1100000000133
329,叁龙国际,"“4,000”",40a1100000000134
330,思捷环球,100,40a1100000000135
331,丰盛机电,"“1,000”",40a1100000000136
332,元亨燃气,"“4,000”",40a1100000000137
333,黛丽斯国际,"“2,000”",40a1100000000138
334,TCL显示科技,"“8,000”",40a1100000000139
335,美建集团,"“2,000”",40a110000000013a
336,华宝国际,"“1,000”",40a110000000013b
337,绿地香港,"“1,000”",40a110000000013c
338,上海石油化工股份,"“2,000”",40a110000000013d
340,中国矿业,"“2,000”",40a110000000013e
341,大家乐集团,"“2,000”",40a110000000013f
342,新海能源,"“2,000”",40a1100000000140
343,文化传信,"“5,000”",40a1100000000141
345,VITASOY INT'L,"“2,000”",40a1100000000142
346,延长石油国际,"“10,000”",40a1100000000143
347,鞍钢股份,"“2,000”",40a1100000000144
348,海尔智能健康,"“2,000”",40a1100000000145
351,亚洲能源物流,"“10,000”",40a1100000000146
352,富阳,"“2,000”",40a1100000000147
353,能源国际投资,"“20,000”",40a1100000000148
354,中国软件国际,"“2,000”",40a1100000000149
355,世纪城市国际,"“4,000”",40a110000000014a
357,航基股份,"“1,000”",40a110000000014b
358,江西铜业股份,"“1,000”",40a110000000014c
359,海升果汁,"“4,000”",40a110000000014d
360,新焦点,"“4,000”",40a110000000014e
361,顺龙控股,"“20,000”",40a110000000014f
362,中国天化工,"“10,000”",40a1100000000150
363,上海实业控股,"“1,000”",40a1100000000151
364,坪山茶业,"“4,000”",40a1100000000152
365,日东科技,"“2,000”",40a1100000000153
366,陆氏集团(越南),"“2,000”",40a1100000000154
367,庄士机构国际,"“4,000”",40a1100000000155
368,中外运航运,500,40a1100000000156
369,永泰地产,"“2,000”",40a1100000000157
370,国华,"“20,000”",40a1100000000158
371,北控水务集团,"“2,000”",40a1100000000159
372,德祥企业,"“2,000”",40a110000000015a
373,联合集团,"“2,000”",40a110000000015b
374,四洲集团,"“2,000”",40a110000000015c
375,YGM TRADING,"“1,000”",40a110000000015d
376,瑞东集团,"“2,000”",40a110000000015e
377,华君控股,"“4,000”",40a110000000015f
378,五龙动力,"“2,000”",40a1100000000160
379,恒嘉融资租赁,"“10,000”",40a1100000000161
380,冠力国际,"“4,000”",40a1100000000162
381,侨雄国际,"“10,000”",40a1100000000163
382,威灵控股,"“2,000”",40a1100000000164
383,中国医疗网络,"“10,000”",40a1100000000165
384,中国燃气,"“2,000”",40a1100000000166
385,建联集团,"“10,000”",40a1100000000167
386,中国石油化工股份,"“2,000”",40a1100000000168
387,力丰（集团）,"“4,000”",40a1100000000169
388,香港交易所,100,40a110000000016a
389,通天酒业,"“2,000”",40a110000000016b
390,中国中铁,"“1,000”",40a110000000016c
391,美亚娱乐资讯,"“20,000”",40a110000000016d
392,北京控股,500,40a110000000016e
393,旭日企业,"“4,000”",40a110000000016f
395,中国智能集团,"“8,000”",40a1100000000170
396,兴利(香港)控股,"“2,000”",40a1100000000171
397,君阳金融,"“10,000”",40a1100000000172
398,东方表行集团,"“2,000”",40a1100000000173
399,领航医药生物科技,"“5,000”",40a1100000000174
400,科通芯城,"“1,000”",40a1100000000175
401,万嘉集团,"“5,000”",40a1100000000176
402,天下图控股,"“20,000”",40a1100000000177
403,星光集团,"“2,000”",40a1100000000178
404,新昌集团控股,"“2,000”",40a1100000000179
406,有利集团,"“2,000”",40a110000000017a
408,叶氏化工集团,"“2,000”",40a110000000017b
410,SOHO中国,500,40a110000000017c
411,南顺（香港）,"“1,000”",40a110000000017d
412,中国新金融,"“6,000”",40a110000000017e
413,南华集团控股,"“8,000”",40a110000000017f
416,锦州银行,"“1,000”",40a1100000000180
417,谢瑞麟,"“2,000”",40a1100000000181
418,方正控股,"“2,000”",40a1100000000182
419,华谊腾讯娱乐,"“10,000”",40a1100000000183
420,福田实业,"“2,000”",40a1100000000184
422,越南制造加工出口,"“1,000”",40a1100000000185
423,经济日报集团,"“2,000”",40a1100000000186
425,敏实集团,"“2,000”",40a1100000000187
426,万华媒体,"“2,000”",40a1100000000188
430,东方网库,"“2,000”",40a1100000000189
431,大中华金融,"“4,000”",40a110000000018a
432,盈大地产,"“1,000”",40a110000000018b
433,北方矿业,"“10,000”",40a110000000018c
434,博雅互动,"“1,000”",40a110000000018d
438,彩虹新能源,"“2,000”",40a110000000018e
439,光启科学,"“1,000”",40a110000000018f
440,大新金融,400,40a1100000000190
442,KTL INT'L,"“1,000”",40a1100000000191
444,SINCEREWATCH HK,"“10,000”",40a1100000000192
445,中国消防,"“5,000”",40a1100000000193
449,志高控股,"“2,000”",40a1100000000194
450,鸿兴印刷集团,"“2,000”",40a1100000000195
451,协鑫新能源,"“2,000”",40a1100000000196
455,天大药业,"“2,000”",40a1100000000197
456,新城市建设发展,"“20,000”",40a1100000000198
458,联亚集团,"“1,000”",40a1100000000199
459,美联工商铺,"“10,000”",40a110000000019a
460,四环医药,"“1,000”",40a110000000019b
462,天然乳品,"“4,000”",40a110000000019c
464,建福集团,"“4,000”",40a110000000019d
465,富通科技,"“2,000”",40a110000000019e
467,联合能源集团,"“2,000”",40a110000000019f
468,纷美包装,"“1,000”",40a11000000001a0
469,凯普松国际,"“4,000”",40a11000000001a1
471,中播控股,"“4,000”",40a11000000001a2
472,新丝路文旅,"“10,000”",40a11000000001a3
474,昊天发展集团,"“6,000”",40a11000000001a4
475,中发展控股,"“2,000”",40a11000000001a5
476,中国动力控股,"“10,000”",40a11000000001a6
477,奥普集团控股,"“4,000”",40a11000000001a7
479,华建控股,"“20,000”",40a11000000001a8
480,香港兴业国际,800,40a11000000001a9
482,圣马丁国际,"“2,000”",40a11000000001aa
483,包浩斯国际,"“2,000”",40a11000000001ab
484,云游控股,100,40a11000000001ac
485,实华发展,"“20,000”",40a11000000001ad
486,RUSAL,"“1,000”",40a11000000001ae
487,实德环球,"“4,000”",40a11000000001af
488,丽新发展,"“15,000”",40a11000000001b0
489,东风集团股份,"“2,000”",40a11000000001b1
491,汉传媒,"“20,000”",40a11000000001b2
493,国美电器,"“1,000”",40a11000000001b3
494,利丰,"“2,000”",40a11000000001b4
495,PALADIN,"“5,000”",40a11000000001b5
496,卡森国际,"“1,000”",40a11000000001b6
497,资本策略地产,"“10,000”",40a11000000001b7
498,保华集团,"“2,000”",40a11000000001b8
499,青岛控股,"“2,000”",40a11000000001b9
500,先丰服务集团,"“1,000”",40a11000000001ba
503,朗生医药,"“1,000”",40a11000000001bb
505,兴业铜业,"“1,000”",40a11000000001bc
506,中国食品,"“2,000”",40a11000000001bd
508,鼎亿集团投资,"“5,000”",40a11000000001be
509,世纪阳光,"“5,000”",40a11000000001bf
510,时富金融服务集团,"“6,000”",40a11000000001c0
511,电视广播,100,40a11000000001c1
512,远大医药,"“4,000”",40a11000000001c2
513,恒和集团,"“10,000”",40a11000000001c3
515,达进东方照明,"“2,000”",40a11000000001c4
517,中远国际控股,"“2,000”",40a11000000001c5
518,同得仕（集团）,"“2,000”",40a11000000001c6
519,实力建业,"“5,000”",40a11000000001c7
520,呷哺呷哺,500,40a11000000001c8
521,海航实业股份,"“10,000”",40a11000000001c9
522,ASM PACIFI,100,40a11000000001ca
524,E-KONG GROUP,"“10,000”",40a11000000001cb
525,广深铁路股份,"“2,000”",40a11000000001cc
526,利时集团控股,"“2,000”",40a11000000001cd
527,瑞风新能源,"“4,000”",40a11000000001ce
528,金达控股,"“2,000”",40a11000000001cf
529,SIS INT'L,"“2,000”",40a11000000001d0
530,高银金融,"“2,000”",40a11000000001d1
531,顺诚,"“1,000”",40a11000000001d2
532,WKK INTL (HOLD),"“2,000”",40a11000000001d3
533,金利来集团,"“1,000”",40a11000000001d4
535,金地商置,"“2,000”",40a11000000001d5
536,贸易通,"“2,000”",40a11000000001d6
538,味千(中国),"“1,000”",40a11000000001d7
539,冠华国际控股,"“2,000”",40a11000000001d8
540,迅捷环球控股,"“4,000”",40a11000000001d9
542,新岭域集团,"“8,000”",40a11000000001da
543,太平洋网络,"“1,000”",40a11000000001db
544,大同集团,"“20,000”",40a11000000001dc
546,阜丰集团,"“1,000”",40a11000000001dd
547,数字王国,"“10,000”",40a11000000001de
548,深圳高速公路股份,"“2,000”",40a11000000001df
549,奇峰化纤,"“2,000”",40a11000000001e0
550,先传媒,"“2,000”",40a11000000001e1
551,裕元集团,500,40a11000000001e2
552,中国通信服务,"“2,000”",40a11000000001e3
553,南京熊猫电子股份,"“2,000”",40a11000000001e4
554,汉思能源,"“2,000”",40a11000000001e5
555,御泰中彩控股,"“25,000”",40a11000000001e6
556,泛亚环保,"“2,000”",40a11000000001e7
557,ITY E-SOLUTION,"“2,000”",40a11000000001e8
558,力劲科技,"“2,500”",40a11000000001e9
559,德泰新能源集团,"“10,000”",40a11000000001ea
560,珠江船务,"“2,000”",40a11000000001eb
563,上实城市开发,"“2,000”",40a11000000001ec
564,郑煤机,200,40a11000000001ed
565,锦艺纺织,"“5,000”",40a11000000001ee
566,汉能薄膜发电,"“2,000”",40a11000000001ef
567,大昌微线集团,"“2,000”",40a11000000001f0
568,山东墨龙,400,40a11000000001f1
569,中国自动化,"“1,000”",40a11000000001f2
570,中国中药,"“2,000”",40a11000000001f3
571,丰德丽控股,"“2,000”",40a11000000001f4
572,中达金融集团,"“4,000”",40a11000000001f5
573,稻香控股,"“1,000”",40a11000000001f6
574,百信药业,"“2,000”",40a11000000001f7
575,励晶太平洋,"“10,000”",40a11000000001f8
576,浙江沪杭甬,"“2,000”",40a11000000001f9
577,十三集团,500,40a11000000001fa
578,融信资源,"“10,000”",40a11000000001fb
579,京能清洁能源,"“2,000”",40a11000000001fc
580,赛晶电力电子,"“2,000”",40a11000000001fd
581,中国东方集团,"“2,000”",40a11000000001fe
582,蓝鼎国际,"“5,000”",40a11000000001ff
583,南潮控股,"“2,000”",40a1100000000200
585,意马国际,"“8,000”",40a1100000000201
586,海螺创业,500,40a1100000000202
587,华瀚健康,"“4,000”",40a1100000000203
588,北京北辰实业股份,"“2,000”",40a1100000000204
589,宝国国际,500,40a1100000000205
590,六福集团,"“1,000”",40a1100000000206
591,中国高精密,"“1,000”",40a1100000000207
592,BOSSINI INT'L,"“2,000”",40a1100000000208
593,天洋国际控股,500,40a1100000000209
595,AV CONCEPT HOLD,"“2,000”",40a110000000020a
596,浪潮国际,"“2,000”",40a110000000020b
598,中国外运,"“1,000”",40a110000000020c
599,怡邦行控股,"“4,000”",40a110000000020d
600,中国基建投资,"“2,000”",40a110000000020e
601,权智（国际）,"“10,000”",40a110000000020f
602,佳华百货控股,"“2,500”",40a1100000000210
603,中油燃气,"“20,000”",40a1100000000211
604,深圳控股,"“2,000”",40a1100000000212
605,中国金融投资管理,"“2,000”",40a1100000000213
606,中国粮油控股,"“1,000”",40a1100000000214
607,丰盛控股,"“2,500”",40a1100000000215
608,达利国际,"“2,000”",40a1100000000216
609,天德化工,"“4,000”",40a1100000000217
610,WAI KEE HOLD,"“2,000”",40a1100000000218
611,中国核能科技,"“2,000”",40a1100000000219
613,YUGANG INT'L,"“2,000”",40a110000000021a
616,高山企业,"“5,000”",40a110000000021b
617,百利保控股,"“2,000”",40a110000000021c
618,北大资源,"“2,000”",40a110000000021d
619,南华金融,"“50,000”",40a110000000021e
620,大唐西市,"“2,000”",40a110000000021f
621,坛金矿业,"“10,000”",40a1100000000220
622,威华达控股,"“3,000”",40a1100000000221
623,中视金桥,"“1,000”",40a1100000000222
626,大众金融控股,"“2,000”",40a1100000000223
627,佑威国际,"“20,000”",40a1100000000224
628,华银控股,"“2,000”",40a1100000000225
629,悦达矿业,"“1,000”",40a1100000000226
630,隽泰控股,"“10,000”",40a1100000000227
631,三一国际,"“1,000”",40a1100000000228
632,东方明珠石油,"“1,000”",40a1100000000229
633,中国全通,"“2,000”",40a110000000022a
635,彩星集团,"“2,000”",40a110000000022b
636,嘉里物流,500,40a110000000022c
637,利记,"“2,000”",40a110000000022d
638,建溢集团,"“2,000”",40a110000000022e
639,首钢资源,"“2,000”",40a110000000022f
640,星谦发展,"“4,000”",40a1100000000230
641,恒天立信,"“2,000”",40a1100000000231
642,PALADIN PREF,"“10,000”",40a1100000000232
643,恒富控股,"“10,000”",40a1100000000233
645,安域亚洲,"“2,000”",40a1100000000234
646,中国环保科技,"“8,000”",40a1100000000235
647,JOYCE BOUTIQUE,"“2,000”",40a1100000000236
648,中国华仁医疗,"“2,500”",40a1100000000237
650,顺昌集团,"“10,000”",40a1100000000238
651,中海重工,"“5,000”",40a1100000000239
653,卓悦控股,"“2,000”",40a110000000023a
655,香港华人有限公司,"“2,000”",40a110000000023b
656,复星国际,500,40a110000000023c
657,环科国际,"“2,000”",40a110000000023d
658,中国高速传动,"“1,000”",40a110000000023e
659,新创建集团,"“1,000”",40a110000000023f
660,伟俊矿业集团,"“10,000”",40a1100000000240
661,中国大冶有色金属,"“2,000”",40a1100000000241
662,亚洲金融,"“2,000”",40a1100000000242
663,金山能源,"“1,000”",40a1100000000243
665,海通国际,"“2,000”",40a1100000000244
668,东银国际控股,"“2,000”",40a1100000000245
669,创科实业,500,40a1100000000246
670,中国东方航空股份,"“2,000”",40a1100000000247
672,众安房产,"“1,000”",40a1100000000248
673,中国卫生控股,"“3,000”",40a1100000000249
674,文化地标投资,"“4,000”",40a110000000024a
675,坚宝国际,"“2,000”",40a110000000024b
676,创信国际,"“2,000”",40a110000000024c
677,金源米业,"“2,000”",40a110000000024d
678,云顶香港,"“1,000”",40a110000000024e
679,亚洲联网科技,"“10,000”",40a110000000024f
680,南海控股,"“50,000”",40a1100000000250
681,中民控股,"“2,000”",40a1100000000251
682,超大现代,"“2,000”",40a1100000000252
683,嘉里建设,500,40a1100000000253
684,亚伦国际,"“2,000”",40a1100000000254
685,世界华文媒体,"“1,000”",40a1100000000255
686,联合光伏,"“2,000”",40a1100000000256
687,泰升集团,"“2,000”",40a1100000000257
688,中国海外发展,"“2,000”",40a1100000000258
689,长盈集团(控股),"“15,000”",40a1100000000259
690,联康生物科技集团,"“20,000”",40a110000000025a
691,山水水泥,"“1,000”",40a110000000025b
692,中国家居,"“5,000”",40a110000000025c
693,陈唱国际,"“3,000”",40a110000000025d
694,北京首都机场股份,"“2,000”",40a110000000025e
695,东吴水泥,"“2,000”",40a110000000025f
696,中国民航信息网络,"“1,000”",40a1100000000260
697,SHOUGANG INT'L,"“2,000”",40a1100000000261
698,通达集团,"“10,000”",40a1100000000262
699,神州租车,"“1,000”",40a1100000000263
700,腾讯控股,100,40a1100000000264
701,NT GROUP,"“2,000”",40a1100000000265
702,中国油气控股,"“5,000”",40a1100000000266
703,FUTURE BRIGHT,"“6,000”",40a1100000000267
704,和嘉资源,"“10,000”",40a1100000000268
705,鼎和矿业,"“12,000”",40a1100000000269
706,美丽中国控股,"“10,000”",40a110000000026a
707,协盛协丰,"“2,000”",40a110000000026b
708,恒大健康,"“5,000”",40a110000000026c
709,佐丹奴国际,"“2,000”",40a110000000026d
710,精电,"“1,000”",40a110000000026e
711,中国城建集团股份,"“2,000”",40a110000000026f
712,卡姆丹克太阳能,"“2,000”",40a1100000000270
713,世界（集团）,"“2,000”",40a1100000000271
715,中泛控股,"“2,000”",40a1100000000272
716,胜狮货柜,"“2,000”",40a1100000000273
717,英皇证券,"“6,000”",40a1100000000274
718,百威国际,"“5,000”",40a1100000000275
719,山东新华制药股份,"“2,000”",40a1100000000276
720,意达利控股,"“25,000”",40a1100000000277
722,联合医务,"“2,000”",40a1100000000278
723,永保林业,"“60,000”",40a1100000000279
724,瑞鑫国际集团,"“10,000”",40a110000000027a
725,恒都集团,"“2,000”",40a110000000027b
726,中民筑友科技,"“20,000”",40a110000000027c
727,皇冠环球集团,"“10,000”",40a110000000027d
728,中国电信,"“2,000”",40a110000000027e
729,五龙电动车,"“5,000”",40a110000000027f
730,SHOUGANG GRAND,"“1,000”",40a1100000000280
731,森信纸业集团,"“2,000”",40a1100000000281
732,信利国际,"“2,000”",40a1100000000282
733,合富辉煌,"“2,000”",40a1100000000283
735,中国电力新能源,500,40a1100000000284
736,中国置业投资,"“3,000”",40a1100000000285
737,合和公路基建,500,40a1100000000286
738,莱尔斯丹,"“2,000”",40a1100000000287
743,亚洲水泥(中国),500,40a1100000000288
745,中国国家文化产业,"“10,000”",40a1100000000289
746,理文化工,"“2,000”",40a110000000028a
747,沈阳公用发展股份,"“2,000”",40a110000000028b
750,兴业太阳能,"“1,000”",40a110000000028c
751,创维数码,"“2,000”",40a110000000028d
752,PICO FAR EAST,"“2,000”",40a110000000028e
753,中国国航,"“2,000”",40a110000000028f
754,合生创展集团,"“2,000”",40a1100000000290
755,上海证大,"“5,000”",40a1100000000291
756,天溢森美,"“4,000”",40a1100000000292
757,阳光能源,"“1,000”",40a1100000000293
758,JUNEFIELD GROUP,"“2,000”",40a1100000000294
759,EC INT'L HOLD,"“2,000”",40a1100000000295
760,新天地产集团,"“15,000”",40a1100000000296
761,百营环球资源,"“2,000”",40a1100000000297
762,中国联通,"“2,000”",40a1100000000298
763,中兴通讯,200,40a1100000000299
764,永恒策略,"“10,000”",40a110000000029a
765,PERFECTECH INTL,"“2,000”",40a110000000029b
766,中盈集团控股,"“5,000”",40a110000000029c
767,PACIFIC PLYWOOD,"“40,000”",40a110000000029d
769,中国稀土,"“2,000”",40a110000000029e
771,自动系统,"“2,000”",40a110000000029f
775,长江生命科技,"“2,000”",40a11000000002a0
776,捷丰家居,"“1,000”",40a11000000002a1
777,网龙,500,40a11000000002a2
787,利标品牌,"“2,000”",40a11000000002a3
789,雅天妮,"“20,000”",40a11000000002a4
794,锦胜集团(控股),"“2,000”",40a11000000002a5
798,光谷联合,"“4,000”",40a11000000002a6
799,IGG,"“1,000”",40a11000000002a7
800,A8新媒体,"“2,000”",40a11000000002a8
801,金卫医疗,"“4,000”",40a11000000002a9
802,宏霸数码,"“10,000”",40a11000000002aa
803,昌兴国际,"“20,000”",40a11000000002ab
805,GLENCORE-S,100,40a11000000002ac
806,惠理集团,"“1,000”",40a11000000002ad
809,大成生化科技,"“2,000”",40a11000000002ae
811,新华文轩,"“1,000”",40a11000000002af
812,西证国际证券,"“2,000”",40a11000000002b0
813,世茂房地产,500,40a11000000002b1
814,北京京客隆,"“1,000”",40a11000000002b2
815,中国白银集团,"“2,000”",40a11000000002b3
816,华电福新,"“2,000”",40a11000000002b4
817,中国金茂,"“2,000”",40a11000000002b5
818,高阳科技,"“3,000”",40a11000000002b6
819,天能动力,"“2,000”",40a11000000002b7
821,汇盈控股,"“4,000”",40a11000000002b8
822,嘉瑞国际,"“2,000”",40a11000000002b9
825,新世界百货中国,"“1,000”",40a11000000002ba
826,天工国际,"“2,000”",40a11000000002bb
827,玖源集团,"“4,000”",40a11000000002bc
828,王朝酒业,"“2,000”",40a11000000002bd
829,神冠控股,"“2,000”",40a11000000002be
830,远东环球,"“2,000”",40a11000000002bf
831,利亚零售,"“2,000”",40a11000000002c0
832,建业地产,"“1,000”",40a11000000002c1
833,华讯,"“1,000”",40a11000000002c2
834,康大食品,"“4,000”",40a11000000002c3
835,亚洲煤业,"“10,000”",40a11000000002c4
836,华润电力,"“2,000”",40a11000000002c5
837,谭木匠,"“2,000”",40a11000000002c6
838,亿和控股,"“2,000”",40a11000000002c7
839,天大石油管材,"“1,000”",40a11000000002c8
840,天业节水,"“2,000”",40a11000000002c9
841,木薯资源,"“2,000”",40a11000000002ca
842,理士国际,"“1,000”",40a11000000002cb
844,广豪国际,"“4,000”",40a11000000002cc
845,恒盛地产,"“1,000”",40a11000000002cd
846,明发集团,"“1,000”",40a11000000002ce
847,哈萨克矿业-S,30,40a11000000002cf
848,茂业国际,"“1,000”",40a11000000002d0
850,中亚能源,"“4,000”",40a11000000002d1
851,盛源控股,"“10,000”",40a11000000002d2
852,海峡石油化工,"“2,000”",40a11000000002d3
853,微创医疗,"“1,000”",40a11000000002d4
854,威雅利,"“1,000”",40a11000000002d5
855,中国水务,"“2,000”",40a11000000002d6
856,伟仕控股,"“2,000”",40a11000000002d7
857,中国石油股份,"“2,000”",40a11000000002d8
858,精优药业,"“10,000”",40a11000000002d9
859,镇科集团,"“2,000”",40a11000000002da
860,奥立仕控股,"“12,000”",40a11000000002db
861,神州控股,"“1,000”",40a11000000002dc
862,远见控股,"“20,000”",40a11000000002dd
863,品牌中国,"“2,000”",40a11000000002de
864,永利地产发展,"“4,000”",40a11000000002df
865,第一电讯,"“4,000”",40a11000000002e0
866,中国秦发,"“2,000”",40a11000000002e1
867,康哲药业,"“1,000”",40a11000000002e2
868,信义玻璃,"“2,000”",40a11000000002e3
869,彩星玩具,"“4,000”",40a11000000002e4
871,中国疏浚环保,"“1,000”",40a11000000002e5
872,启迪国际,"“2,000”",40a11000000002e6
873,中国泰丰床品,"“2,000”",40a11000000002e7
874,白云山,"“2,000”",40a11000000002e8
875,中国金控,"“20,000”",40a11000000002e9
876,美加医学,"“10,000”",40a11000000002ea
877,昂纳科技集团,"“1,000”",40a11000000002eb
878,金朝阳集团,500,40a11000000002ec
880,澳博控股,"“1,000”",40a11000000002ed
881,中升控股,500,40a11000000002ee
882,天津发展,"“2,000”",40a11000000002ef
883,中国海洋石油,"“1,000”",40a11000000002f0
884,旭辉控股集团,"“2,000”",40a11000000002f1
885,仁天科技控股,"“10,000”",40a11000000002f2
886,银基集团,"“1,000”",40a11000000002f3
887,英皇钟表珠宝,"“10,000”",40a11000000002f4
888,路讯通,"“2,000”",40a11000000002f5
889,连达科技控股,"“2,000”",40a11000000002f6
891,利邦,"“2,000”",40a11000000002f7
893,中国铁钛,"“1,000”",40a11000000002f8
894,万裕科技,"“2,000”",40a11000000002f9
895,东江环保,200,40a11000000002fa
896,兴胜创建,"“2,000”",40a11000000002fb
897,位元堂,"“5,000”",40a11000000002fc
898,万事昌国际,"“2,000”",40a11000000002fd
899,亚洲资源,"“10,000”",40a11000000002fe
900,AEON CREDIT,"“2,000”",40a11000000002ff
902,华能国际电力股份,"“2,000”",40a1100000000300
903,冠捷科技,"“2,000”",40a1100000000301
904,中绿,"“4,000”",40a1100000000302
906,中粮包装,"“1,000”",40a1100000000303
907,高雅光学,"“2,000”",40a1100000000304
908,珠海控股投资,"“2,000”",40a1100000000305
909,中大国际,"“2,000”",40a1100000000306
910,中国三迪,"“12,000”",40a1100000000307
911,恒发洋参,"“10,000”",40a1100000000308
912,信佳国际,"“2,000”",40a1100000000309
914,安徽海螺水泥股份,500,40a110000000030a
915,道和环球,"“10,000”",40a110000000030b
916,龙源电力,"“1,000”",40a110000000030c
917,新世界中国,"“2,000”",40a110000000030d
918,第一德胜控股,"“2,000”",40a110000000030e
919,现代美容,"“4,000”",40a110000000030f
921,海信科龙,"“1,000”",40a1100000000310
922,安贤园中国,"“20,000”",40a1100000000311
923,综合环保集团,"“2,000”",40a1100000000312
925,北京建设,"“2,000”",40a1100000000313
926,碧生源,"“1,000”",40a1100000000314
927,富士高实业,"“2,000”",40a1100000000315
928,野马国际,"“4,000”",40a1100000000316
929,国际精密,"“5,000”",40a1100000000317
930,中国森林,"“2,000”",40a1100000000318
931,中国天然气,"“20,000”",40a1100000000319
932,御药堂,"“4,000”",40a110000000031a
933,光汇石油,"“1,000”",40a110000000031b
934,中石化冠德,"“2,000”",40a110000000031c
935,龙翔集团,"“2,000”",40a110000000031d
936,鹏程亚洲,"“10,000”",40a110000000031e
938,民生国际,"“2,000”",40a110000000031f
939,建设银行,"“1,000”",40a1100000000320
940,中国动物保健品,"“1,000”",40a1100000000321
941,中国移动,500,40a1100000000322
943,意科控股,"“8,000”",40a1100000000323
945,宏利金融-S,100,40a1100000000324
947,摩比发展,"“1,000”",40a1100000000325
948,融达控股,"“2,000”",40a1100000000326
950,李氏大药厂,500,40a1100000000327
951,超威动力,"“1,000”",40a1100000000328
952,华富国际,"“10,000”",40a1100000000329
953,邵氏兄弟控股,"“2,000”",40a110000000032a
954,常茂生物,"“4,000”",40a110000000032b
956,新天绿色能源,"“1,000”",40a110000000032c
958,华能新能源,"“2,000”",40a110000000032d
959,奥玛仕国际,"“2,000”",40a110000000032e
960,龙湖地产,500,40a110000000032f
963,华熙生物科技,"“2,500”",40a1100000000330
966,中国太平,200,40a1100000000331
967,桑德国际,"“1,000”",40a1100000000332
968,信义光能,"“2,000”",40a1100000000333
969,华联国际,"“2,000”",40a1100000000334
970,耀莱集团,"“8,000”",40a1100000000335
973,L'OCCITANE,250,40a1100000000336
974,中国顺客隆,"“1,000”",40a1100000000337
975,MONGOL MINING,500,40a1100000000338
976,齐合天地,"“2,000”",40a1100000000339
978,招商局置地,"“2,000”",40a110000000033a
979,绿色能源科技集团,"“2,000”",40a110000000033b
980,联华超市,"“1,000”",40a110000000033c
981,中芯国际,"“1,000”",40a110000000033d
982,卓智控股,"“20,000”",40a110000000033e
983,瑞安建业,"“2,000”",40a110000000033f
984,永旺,500,40a1100000000340
985,网智金控,"“8,000”",40a1100000000341
986,中国环保能源,"“20,000”",40a1100000000342
987,中国再生能源投资,"“2,000”",40a1100000000343
988,楼东俊安资源,"“3,000”",40a1100000000344
989,广泽地产,"“5,000”",40a1100000000345
990,荣晖国际,"“10,000”",40a1100000000346
991,大唐发电,"“2,000”",40a1100000000347
992,联想集团,"“2,000”",40a1100000000348
993,华融金控,"“1,000”",40a1100000000349
995,安徽皖通高速公路,"“2,000”",40a110000000034a
996,嘉年华国际,"“10,000”",40a110000000034b
997,普汇中金国际,"“10,000”",40a110000000034c
998,中信银行,"“1,000”",40a110000000034d
999,I.T,"“2,000”",40a110000000034e
1000,北青传媒,500,40a110000000034f
1001,沪港联合,"“2,000”",40a1100000000350
1002,威铖国际,"“4,000”",40a1100000000351
1003,欢喜传媒,"“10,000”",40a1100000000352
1004,中国智慧能源,"“2,000”",40a1100000000353
1005,MATRIX HOLDINGS,"“2,000”",40a1100000000354
1006,长寿花食品,"“1,000”",40a1100000000355
1007,大庆乳业,"“1,000”",40a1100000000356
1008,贵联控股,"“2,000”",40a1100000000357
1009,国际娱乐,"“2,000”",40a1100000000358
1010,太睿国际控股,"“2,000”",40a1100000000359
1011,泰凌医药,500,40a110000000035a
1013,伟俊集团控股,"“2,000”",40a110000000035b
1019,康宏金融,"“6,000”",40a110000000035c
1020,华耐控股,"“4,000”",40a110000000035d
1021,麦达斯控股─Ｓ,"“1,000”",40a110000000035e
1022,飞鱼科技,"“1,500”",40a110000000035f
1023,时代集团控股,"“1,000”",40a1100000000360
1026,环球实业科技,"“10,000”",40a1100000000361
1027,中国集成控股,"“10,000”",40a1100000000362
1028,千百度,"“1,000”",40a1100000000363
1029,铁货,"“2,000”",40a1100000000364
1030,新城发展控股,"“2,000”",40a1100000000365
1031,金利丰金融,"“2,000”",40a1100000000366
1033,中石化油服,"“2,000”",40a1100000000367
1035,ＢＢＩ生命科学,"“1,500”",40a1100000000368
1036,万科置业海外,"“1,000”",40a1100000000369
1037,云智汇科技,"“2,000”",40a110000000036a
1038,长江基建集团,"“1,000”",40a110000000036b
1039,鑫网易商,"“1,000”",40a110000000036c
1041,中国新能源动力,"“10,000”",40a110000000036d
1043,光宇国际集团科技,"“2,000”",40a110000000036e
1044,恒安国际,500,40a110000000036f
1045,亚太卫星,500,40a1100000000370
1046,寰宇国际,"“5,000”",40a1100000000371
1047,毅兴行,"“2,000”",40a1100000000372
1048,新源控股,"“1,000”",40a1100000000373
1049,时富投资,"“6,000”",40a1100000000374
1050,嘉利国际,"“2,000”",40a1100000000375
1051,国际资源,"“3,000”",40a1100000000376
1052,越秀交通基建,"“2,000”",40a1100000000377
1053,重庆钢铁股份,"“2,000”",40a1100000000378
1055,中国南方航空股份,"“2,000”",40a1100000000379
1057,浙江世宝,"“2,000”",40a110000000037a
1058,粤海制革,"“2,000”",40a110000000037b
1059,看通集团,"“3,000”",40a110000000037c
1060,阿里影业,"“10,000”",40a110000000037d
1061,亿胜生物科技,"“1,000”",40a110000000037e
1063,新确科技,"“10,000”",40a110000000037f
1064,中华国际,"“5,000”",40a1100000000380
1065,天津创业环保股份,"“2,000”",40a1100000000381
1066,威高股份,"“4,000”",40a1100000000382
1068,雨润食品,"“1,000”",40a1100000000383
1069,中国农林低碳,"“20,000”",40a1100000000384
1070,ＴＣＬ多媒体,"“2,000”",40a1100000000385
1071,华电国际电力股份,"“2,000”",40a1100000000386
1072,东方电气,200,40a1100000000387
1073,浩伦农科,"“2,000”",40a1100000000388
1075,首都信息,"“6,000”",40a1100000000389
1076,博华太平洋,"“20,000”",40a110000000038a
1079,松景科技,"“2,000”",40a110000000038b
1080,胜利管道,"“1,500”",40a110000000038c
1082,香港教育国际,"“8,000”",40a110000000038d
1083,港华燃气,"“1,000”",40a110000000038e
1085,亨鑫科技,"“2,000”",40a110000000038f
1086,好孩子国际,"“1,000”",40a1100000000390
1087,威讯控股,"“1,000”",40a1100000000391
1088,中国神华,500,40a1100000000392
1089,乐游科技控股,"“5,000”",40a1100000000393
1090,大明国际,"“2,000”",40a1100000000394
1091,中信大锰,"“1,000”",40a1100000000395
1093,石药集团,"“2,000”",40a1100000000396
1094,中国公共采购,"“4,000”",40a1100000000397
1096,中能国际控股,"“2,000”",40a1100000000398
1097,有线宽频,"“1,000”",40a1100000000399
1098,ROAD KING INFRA,"“1,000”",40a110000000039a
1099,国药控股,400,40a110000000039b
1100,飞达控股,"“2,000”",40a110000000039c
1101,华荣能源,"“2,000”",40a110000000039d
1102,环能国际,"“2,000”",40a110000000039e
1103,大生农业金融,"“8,000”",40a110000000039f
1104,亚太资源,"“20,000”",40a11000000003a0
1105,星岛,"“2,000”",40a11000000003a1
1106,中国海景,"“20,000”",40a11000000003a2
1107,当代置业,"“2,000”",40a11000000003a3
1108,洛阳玻璃股份,"“2,000”",40a11000000003a4
1109,华润置地,"“2,000”",40a11000000003a5
1110,金活医药集团,"“4,000”",40a11000000003a6
1111,创兴银行,"“1,000”",40a11000000003a7
1112,合生元,500,40a11000000003a8
1113,长实地产,500,40a11000000003a9
1114,BRILLIANCE CHI,"“2,000”",40a11000000003aa
1115,西藏水资源,"“1,000”",40a11000000003ab
1116,MAYER HOLDINGS,"“4,000”",40a11000000003ac
1117,现代牧业,"“1,000”",40a11000000003ad
1118,高力集团,"“10,000”",40a11000000003ae
1120,雅视光学,"“2,000”",40a11000000003af
1121,宝峰时尚,"“2,000”",40a11000000003b0
1122,庆铃汽车股份,"“2,000”",40a11000000003b1
1123,中港照相,"“2,000”",40a11000000003b2
1124,沿海家园,"“2,000”",40a11000000003b3
1125,丽丰控股,"“20,000”",40a11000000003b4
1126,德林国际,"“2,000”",40a11000000003b5
1127,汇星印刷,"“4,000”",40a11000000003b6
1128,永利澳门,400,40a11000000003b7
1129,中国水业集团,"“4,000”",40a11000000003b8
1130,中国环境资源,"“4,000”",40a11000000003b9
1131,鸿宝资源,"“5,000”",40a11000000003ba
1132,橙天嘉禾,"“5,000”",40a11000000003bb
1133,哈尔滨电气,"“2,000”",40a11000000003bc
1135,ASIA SATELLITE,500,40a11000000003bd
1136,台泥国际集团,"“2,000”",40a11000000003be
1137,香港电视,"“1,000”",40a11000000003bf
1138,中海发展股份,"“2,000”",40a11000000003c0
1139,华多利集团,"“16,000”",40a11000000003c1
1141,天顺证券,"“10,000”",40a11000000003c2
1142,西伯利亚矿业,"“10,000”",40a11000000003c3
1143,华夏健康产业,"“4,000”",40a11000000003c4
1145,勇利航业,"“1,000”",40a11000000003c5
1146,中国服饰控股,"“2,000”",40a11000000003c6
1148,新晨动力,"“1,000”",40a11000000003c7
1149,中国安芯,"“4,000”",40a11000000003c8
1150,米兰站,"“2,000”",40a11000000003c9
1151,依利安达,500,40a11000000003ca
1152,新融宇集团,"“2,000”",40a11000000003cb
1155,星辰通信,"“1,000”",40a11000000003cc
1157,中联重科,200,40a11000000003cd
1159,集美国际娱乐,500,40a11000000003ce
1161,奥思集团,"“2,000”",40a11000000003cf
1163,德金资源,"“10,000”",40a11000000003d0
1164,中广核矿业,"“5,000”",40a11000000003d1
1165,顺风清洁能源,"“2,000”",40a11000000003d2
1166,星凯控股,"“20,000”",40a11000000003d3
1168,百仕达控股,"“2,000”",40a11000000003d4
1169,海尔电器,"“1,000”",40a11000000003d5
1170,信星集团,"“2,000”",40a11000000003d6
1171,兖州煤业股份,"“2,000”",40a11000000003d7
1172,勤达集团国际,"“20,000”",40a11000000003d8
1173,威高国际,"“20,000”",40a11000000003d9
1174,太平洋恩利,"“2,000”",40a11000000003da
1175,鲜驰达控股,"“10,000”",40a11000000003db
1176,珠光控股,"“2,000”",40a11000000003dc
1177,中国生物制药,"“1,000”",40a11000000003dd
1178,天年集团,"“10,000”",40a11000000003de
1180,汇彩控股,"“4,000”",40a11000000003df
1181,唐宫中国,"“2,000”",40a11000000003e0
1182,胜龙国际,"“10,000”",40a11000000003e1
1184,S.A.S. DRAGON,"“2,000”",40a11000000003e2
1185,中国航天万源,"“2,000”",40a11000000003e3
1186,中国铁建,500,40a11000000003e4
1187,汉唐国际控股,"“2,000”",40a11000000003e5
1188,正道集团,"“2,000”",40a11000000003e6
1189,珀丽酒店,"“10,000”",40a11000000003e7
1190,航标控股,"“2,000”",40a11000000003e8
1191,粤首环保,"“20,000”",40a11000000003e9
1192,泰山石化,"“20,000”",40a11000000003ea
1193,华润燃气,"“2,000”",40a11000000003eb
1194,中国贵金属,"“2,000”",40a11000000003ec
1195,京维集团,"“4,000”",40a11000000003ed
1196,伟禄集团,"“2,000”",40a11000000003ee
1197,中国恒石,"“2,000”",40a11000000003ef
1198,皇朝家h,"“2,000”",40a11000000003f0
1199,中远太平洋,"“2,000”",40a11000000003f1
1200,美联集团,"“2,000”",40a11000000003f2
1201,天臣控股,"“3,000”",40a11000000003f3
1202,成都普天电缆股份,"“2,000”",40a11000000003f4
1203,广南（集团）,"“2,000”",40a11000000003f5
1205,中信资源,"“2,000”",40a11000000003f6
1206,同方泰德,"“2,000”",40a11000000003f7
1207,上置集团,"“2,000”",40a11000000003f8
1208,五矿资源,"“4,000”",40a11000000003f9
1210,克莉丝汀,"“2,000”",40a11000000003fa
1211,比亚迪股份,500,40a11000000003fb
1212,利福国际,500,40a11000000003fc
1213,万保刚集团,"“2,000”",40a11000000003fd
1215,开源控股,"“20,000”",40a11000000003fe
1218,永义国际,"“1,000”",40a11000000003ff
1219,天喔国际,"“1,000”",40a1100000000400
1220,志道国际,"“30,000”",40a1100000000401
1221,SINO HOTELS,"“2,000”",40a1100000000402
1222,WANG ON GROUP,"“20,000”",40a1100000000403
1223,新沣集团,"“10,000”",40a1100000000404
1224,中渝置地,"“1,000”",40a1100000000405
1225,隆成金融,"“20,000”",40a1100000000406
1228,奇峰国际,"“5,000”",40a1100000000407
1229,南南资源,"“2,000”",40a1100000000408
1230,雅士利国际,"“1,000”",40a1100000000409
1231,新矿资源,"“2,000”",40a110000000040a
1232,金轮天地控股,"“2,000”",40a110000000040b
1233,时代地产,"“1,000”",40a110000000040c
1234,中国利郎,"“1,000”",40a110000000040d
1235,专业旅运,"“5,000”",40a110000000040e
1236,国农控股,"“2,000”",40a110000000040f
1237,美丽家园,"“10,000”",40a1100000000410
1238,宝龙地产,"“1,000”",40a1100000000411
1239,金宝宝控股,"“20,000”",40a1100000000412
1240,青建国际,"“2,500”",40a1100000000413
1241,双桦控股,"“2,000”",40a1100000000414
1243,宏安地产,"“4,000”",40a1100000000415
1245,NIRAKU,"“2,000”",40a1100000000416
1246,毅信控股,"“20,000”",40a1100000000417
1247,米格国际控股,"“2,000”",40a1100000000418
1249,通力电子,"“1,000”",40a1100000000419
1250,北控清洁能源集团,"“20,000”",40a110000000041a
1251,华油能源,"“2,000”",40a110000000041b
1252,中国天瑞水泥,"“1,000”",40a110000000041c
1253,博大绿泽,"“4,000”",40a110000000041d
1255,港大零售,"“2,000”",40a110000000041e
1258,中国有色矿业,"“1,000”",40a110000000041f
1259,中国儿童护理,"“1,000”",40a1100000000420
1260,皓天财经集团,"“2,000”",40a1100000000421
1262,蜡笔小新食品,"“1,000”",40a1100000000422
1263,嗄芗团,"“2,000”",40a1100000000423
1265,天津津燃公用,"“10,000”",40a1100000000424
1266,西王特钢,"“1,000”",40a1100000000425
1268,美东汽车,"“2,000”",40a1100000000426
1269,首控集团,"“2,000”",40a1100000000427
1270,朗廷-SS,500,40a1100000000428
1271,佳明集团控股,"“1,000”",40a1100000000429
1273,香港信贷,"“4,000”",40a110000000042a
1277,力量能源,"“2,000”",40a110000000042b
1278,中国新城镇,"“2,500”",40a110000000042c
1280,汇银智慧社区,"“2,000”",40a110000000042d
1281,隆基泰和,"“1,000”",40a110000000042e
1282,中国金洋,"“4,000”",40a110000000042f
1285,嘉士利集团,"“1,000”",40a1100000000430
1288,农业银行,"“1,000”",40a1100000000431
1289,盛力达科技,500,40a1100000000432
1290,中国汇融,"“2,000”",40a1100000000433
1292,长安民生物流,"“1,000”",40a1100000000434
1293,宝信汽车,500,40a1100000000435
1296,国电科环,"“1,000”",40a1100000000436
1297,中国擎天软件,"“2,000”",40a1100000000437
1298,天美(控股),"“1,000”",40a1100000000438
1299,友邦保险,200,40a1100000000439
1300,俊知集团,"“2,000”",40a110000000043a
1301,德基科技控股,"“2,000”",40a110000000043b
1302,先健科技,"“2,000”",40a110000000043c
1303,罅ψ试,"“2,000”",40a110000000043d
1305,伟志控股,"“1,000”",40a110000000043e
1308,海丰国际,"“1,000”",40a110000000043f
1310,香港宽频,500,40a1100000000440
1312,联合水泥,"“6,000”",40a1100000000441
1313,华润水泥控股,"“2,000”",40a1100000000442
1314,翠华控股,"“2,000”",40a1100000000443
1315,允升国际,"“2,000”",40a1100000000444
1316,耐世特,"“1,000”",40a1100000000445
1317,枫叶教育,"“2,000”",40a1100000000446
1318,格菱控股,"“2,000”",40a1100000000447
1319,霭华押业信贷,"“8,000”",40a1100000000448
1321,中国新城市,"“2,000”",40a1100000000449
1322,创达科技控股,500,40a110000000044a
1323,NEWTREE GROUP,"“2,000”",40a110000000044b
1326,天马影视,"“8,000”",40a110000000044c
1327,时间由你,"“2,000”",40a110000000044d
1328,精英国际,"“10,000”",40a110000000044e
1329,首创钜大,"“2,000”",40a110000000044f
1330,绿色动力环保,"“1,000”",40a1100000000450
1332,中国新进,"“10,000”",40a1100000000451
1333,中国忠旺,400,40a1100000000452
1335,顺泰控股,"“2,000”",40a1100000000453
1336,新华保险,100,40a1100000000454
1338,霸王集团,"“2,000”",40a1100000000455
1339,中国人民保险集团,"“1,000”",40a1100000000456
1340,惠生国际,"“2,000”",40a1100000000457
1341,焯升企业,"“8,000”",40a1100000000458
1345,中国先锋医药,"“1,000”",40a1100000000459
1347,华虹半导体,"“1,000”",40a110000000045a
1348,甏锔豢毓,"“2,000”",40a110000000045b
1349,复旦张江,"“1,000”",40a110000000045c
1353,诺奇,"“1,000”",40a110000000045d
1355,^浚国际,"“2,000”",40a110000000045e
1358,普华和顺,"“1,000”",40a110000000045f
1359,中国信达,"“1,000”",40a1100000000460
1360,MEGAEXPO HLDG,"“5,000”",40a1100000000461
1361,361度,"“1,000”",40a1100000000462
1362,新龙移动,"“4,000”",40a1100000000463
1363,中滔环保,"“2,000”",40a1100000000464
1365,绿地润东,"“1,000”",40a1100000000465
1366,江南集团,"“2,000”",40a1100000000466
1367,恒宝企业控股,"“4,000”",40a1100000000467
1368,特步国际,500,40a1100000000468
1369,五洲国际,"“2,000”",40a1100000000469
1370,恒实矿业,"“1,000”",40a110000000046a
1371,华彩控股,"“20,000”",40a110000000046b
1372,怡益控股,"“2,000”",40a110000000046c
1373,国际家居零售,"“1,000”",40a110000000046d
1375,中州证券,"“1,000”",40a110000000046e
1378,中国宏桥,500,40a110000000046f
1380,中国金石,"“10,000”",40a1100000000470
1381,粤丰环保,"“1,000”",40a1100000000471
1382,互太纺织,"“1,000”",40a1100000000472
1383,太阳世纪集团,"“10,000”",40a1100000000473
1385,上海复旦,"“2,000”",40a1100000000474
1386,盈进集团,"“1,000”",40a1100000000475
1387,人和商业,"“2,000”",40a1100000000476
1388,安莉芳控股,"“1,000”",40a1100000000477
1389,美捷】毓,"“4,000”",40a1100000000478
1393,恒鼎实业,"“1,000”",40a1100000000479
1395,强泰环保,"“5,000”",40a110000000047a
1396,毅德国际,"“2,000”",40a110000000047b
1397,碧瑶绿色集团,"“4,000”",40a110000000047c
1398,工商银行,"“1,000”",40a110000000047d
1399,飞毛腿,"“2,000”",40a110000000047e
1400,宏太控股,"“5,000”",40a110000000047f
1415,高伟电子,"“1,000”",40a1100000000480
1418,盛诺集团,"“2,000”",40a1100000000481
1419,盈健医疗,"“2,000”",40a1100000000482
1420,川控股,"“4,000”",40a1100000000483
1421,工盖有限公司,"“5,000”",40a1100000000484
1428,耀才证券金融,"“2,000”",40a1100000000485
1430,苏创燃气,"“2,000”",40a1100000000486
1431,原生态牧业,"“1,000”",40a1100000000487
1432,中国圣牧,"“1,000”",40a1100000000488
1438,富贵生命,"“1,000”",40a1100000000489
1439,中华包装控股,"“5,000”",40a110000000048a
1443,富临集团控股,"“2,000”",40a110000000048b
1446,鸿福堂,"“2,000”",40a110000000048c
1447,新福港,"“2,000”",40a110000000048d
1448,福寿园,"“1,000”",40a110000000048e
1450,世纪睿科,"“2,000”",40a110000000048f
1452,迪诺斯环保,"“1,000”",40a1100000000490
1456,国联证券,500,40a1100000000491
1459,巨匠建设,"“2,000”",40a1100000000492
1461,鲁证期货,"“1,000”",40a1100000000493
1462,金诚控股,"“4,000”",40a1100000000494
1466,民生珠宝,"“2,000”",40a1100000000495
1468,英裘控股,"“10,000”",40a1100000000496
1469,结好金融,"“4,000”",40a1100000000497
1470,滴达国际,"“4,000”",40a1100000000498
1476,恒投证券,"“1,000”",40a1100000000499
1478,丘钛科技,"“1,000”",40a110000000049a
1480,恩达集团控股,"“2,000”",40a110000000049b
1483,誉宴集团,"“2,000”",40a110000000049c
1486,思城控股,"“2,000”",40a110000000049d
1488,理文手袋,"“2,000”",40a110000000049e
1492,中地乳业,"“2,000”",40a110000000049f
1495,集一家居,"“2,000”",40a11000000004a0
1496,亚积邦租赁,"“4,000”",40a11000000004a1
1498,培力控股,500,40a11000000004a2
1499,前进控股集团,"“10,000”",40a11000000004a3
1500,现恒建筑,"“5,000”",40a11000000004a4
1508,中国再保险,"“1,000”",40a11000000004a5
1509,和美医疗,"“1,000”",40a11000000004a6
1513,丽珠医药,100,40a11000000004a7
1515,凤凰医疗,500,40a11000000004a8
1520,时尚环球,"“6,000”",40a11000000004a9
1522,中国城市轨道科技,"“4,000”",40a11000000004aa
1523,珩湾科技,"“8,000”",40a11000000004ab
1527,天洁环境,200,40a11000000004ac
1528,红星美凯龙,200,40a11000000004ad
1530,三生制药,500,40a11000000004ae
1532,中国派对文化,"“3,000”",40a11000000004af
1533,庄园牧场,500,40a11000000004b0
1538,中奥到家,"“2,000”",40a11000000004b1
1543,中盈盛达融资担保,"“2,000”",40a11000000004b2
1548,金斯瑞生物科技,"“2,000”",40a11000000004b3
1549,永丰集团控股,"“8,000”",40a11000000004b4
1555,ＭＩ能源,"“2,000”",40a11000000004b5
1556,建业建荣,"“5,000”",40a11000000004b6
1557,剑虹集团控股,"“4,000”",40a11000000004b7
1558,东阳光药,200,40a11000000004b8
1560,星星地产,"“2,000”",40a11000000004b9
1561,万辉化工,"“4,000”",40a11000000004ba
1565,成实外教育,"“1,000”",40a11000000004bb
1566,华夏动漫,"“1,000”",40a11000000004bc
1568,承达集团,"“2,000”",40a11000000004bd
1570,伟业控股,"“1,000”",40a11000000004be
1573,中国优质能源,"“2,000”",40a11000000004bf
1578,天津银行,500,40a11000000004c0
1579,颐海国际,"“1,000”",40a11000000004c1
1583,亲亲食品,"“1,000”",40a11000000004c2
1585,雅迪控股,"“2,000”",40a11000000004c3
1586,中国力鸿,"“4,000”",40a11000000004c4
1588,畅捷通,200,40a11000000004c5
1589,中国物流资产,"“1,000”",40a11000000004c6
1599,城建设计,"“1,000”",40a11000000004c7
1600,天伦燃气,"“1,500”",40a11000000004c8
1606,国银租赁,"“2,000”",40a11000000004c9
1612,永胜医疗,"“2,000”",40a11000000004ca
1613,协同通信,"“8,000”",40a11000000004cb
1616,银仕来控股,"“2,000”",40a11000000004cc
1618,中国中冶,"“1,000”",40a11000000004cd
1619,天合化工,"“2,000”",40a11000000004ce
1622,力高地产,"“2,000”",40a11000000004cf
1623,海隆控股,"“1,000”",40a11000000004d0
1626,嘉耀控股,"“2,000”",40a11000000004d1
1628,禹洲地产,"“1,000”",40a11000000004d2
1636,中国金属利用,"“4,000”",40a11000000004d3
1638,佳兆业集团,"“1,000”",40a11000000004d4
1639,安捷利实业,"“10,000”",40a11000000004d5
1661,智美体育,"“1,000”",40a11000000004d6
1662,义合控股,"“4,000”",40a11000000004d7
1663,汉港控股,"“2,000”",40a11000000004d8
1666,同仁堂科技,"“1,000”",40a11000000004d9
1668,华南城,"“2,000”",40a11000000004da
1669,环球信贷集团,"“2,000”",40a11000000004db
1673,华章科技,"“2,000”",40a11000000004dc
1678,中创环球,"“2,000”",40a11000000004dd
1680,澳门励骏,"“1,000”",40a11000000004de
1681,康臣药业,"“1,000”",40a11000000004df
1682,高锐中国物联,"“4,000”",40a11000000004e0
1683,良斯集团,"“4,000”",40a11000000004e1
1685,博耳电力,"“1,000”",40a11000000004e2
1689,华禧控股,"“2,000”",40a11000000004e3
1698,博士蛙国际,"“1,000”",40a11000000004e4
1699,普甜食品,"“4,000”",40a11000000004e5
1700,华地国际控股,"“1,000”",40a11000000004e6
1708,三宝科技,"“1,000”",40a11000000004e7
1717,澳优,"“1,000”",40a11000000004e8
1718,宏基集团控股,"“5,000”",40a11000000004e9
1728,正通汽车,500,40a11000000004ea
1733,永晖控股,"“1,000”",40a11000000004eb
1738,飞尚无烟煤,"“2,500”",40a11000000004ec
1766,中国中车,"“1,000”",40a11000000004ed
1768,BRACELL,500,40a11000000004ee
1771,新丰泰集团,"“1,000”",40a11000000004ef
1776,广发证券,200,40a11000000004f0
1777,花样年控股,"“1,500”",40a11000000004f1
1778,彩生活,"“1,000”",40a11000000004f2
1786,铁建装备,500,40a11000000004f3
1788,国泰君安国际,"“1,000”",40a11000000004f4
1798,大唐新能源,"“1,000”",40a11000000004f5
1799,新特能源,400,40a11000000004f6
1800,中国交通建设,"“1,000”",40a11000000004f7
1803,北京体育文化,"“2,500”",40a11000000004f8
1808,企展控股,"“2,000”",40a11000000004f9
1811,中广核新能源,"“2,000”",40a11000000004fa
1812,晨鸣纸业,500,40a11000000004fb
1813,合景泰富,500,40a11000000004fc
1816,中广核电力,"“1,000”",40a11000000004fd
1818,招金矿业,500,40a11000000004fe
1819,富贵鸟,600,40a11000000004ff
1822,弘达金融控股,"“30,000”",40a1100000000500
1823,华昱高速,"“2,000”",40a1100000000501
1828,大昌行集团,"“1,000”",40a1100000000502
1829,中国机械工程,"“1,000”",40a1100000000503
1830,必瘦站,"“4,000”",40a1100000000504
1831,十方控股,"“1,000”",40a1100000000505
1833,银泰商业,500,40a1100000000506
1836,九兴控股,500,40a1100000000507
1838,HINAPROPERTIES,"“1,000”",40a1100000000508
1848,中国飞机租赁,500,40a1100000000509
1856,依波路,"“1,000”",40a110000000050a
1858,春立医疗,200,40a110000000050b
1862,景瑞控股,"“1,000”",40a110000000050c
1863,中国龙天集团,"“1,000”",40a110000000050d
1866,中国心连心化肥,"“1,000”",40a110000000050e
1868,同方友友,"“2,000”",40a110000000050f
1878,南戈壁-S,50,40a1100000000510
1880,百丽国际,"“1,000”",40a1100000000511
1882,海天国际,"“1,000”",40a1100000000512
1883,中信国际电讯,"“1,000”",40a1100000000513
1884,ＥＰＲＩＮＴ集团,"“4,000”",40a1100000000514
1886,汇源果汁,500,40a1100000000515
1888,建滔积层板,500,40a1100000000516
1889,武夷药业,"“2,500”",40a1100000000517
1893,中材股份,"“1,000”",40a1100000000518
1898,中煤能源,"“1,000”",40a1100000000519
1899,兴达国际,"“1,000”",40a110000000051a
1900,中国智能交通,"“1,000”",40a110000000051b
1908,建发国际集团,"“4,000”",40a110000000051c
1910,新秀丽,300,40a110000000051d
1913,普拉达,100,40a110000000051e
1918,融创中国,"“1,000”",40a110000000051f
1919,中国远洋,500,40a1100000000520
1928,金沙中国有限公司,400,40a1100000000521
1929,周大福,200,40a1100000000522
1938,珠江钢管,"“1,000”",40a1100000000523
1958,北京汽车,500,40a1100000000524
1963,重庆银行,500,40a1100000000525
1966,中骏置业,"“1,000”",40a1100000000526
1968,匹克体育,"“1,000”",40a1100000000527
1970,IMAX CHINA,100,40a1100000000528
1972,太古地产,200,40a1100000000529
1979,天宝集团,"“4,000”",40a110000000052a
1980,天鸽互动,"“1,000”",40a110000000052b
1982,南旋控股,"“2,000”",40a110000000052c
1986,彩客化学,500,40a110000000052d
1988,民生银行,500,40a110000000052e
1991,大洋集团,"“2,000”",40a110000000052f
1993,雅仕维,500,40a1100000000530
1998,飞克国际,"“2,000”",40a1100000000531
1999,敏华控股,400,40a1100000000532
2000,晨讯科技,"“2,000”",40a1100000000533
2002,阳光纸业,500,40a1100000000534
2005,石四药集团,"“2,000”",40a1100000000535
2006,锦江酒店,"“2,000”",40a1100000000536
2007,碧桂园,"“1,000”",40a1100000000537
2008,凤凰卫视,"“2,000”",40a1100000000538
2009,金隅股份,"“1,000”",40a1100000000539
2010,瑞年国际,"“1,000”",40a110000000053a
2011,KEE,"“2,000”",40a110000000053b
2012,阳光油砂,500,40a110000000053c
2014,浩泽净水,"“1,000”",40a110000000053d
2016,浙商银行,"“1,000”",40a110000000053e
2018,瑞声科技,500,40a110000000053f
2020,安踏体育,"“1,000”",40a1100000000540
2023,中国绿岛科技,"“4,000”",40a1100000000541
2028,映美控股,"“2,000”",40a1100000000542
2030,卡宾,"“1,000”",40a1100000000543
2033,时计宝,"“2,000”",40a1100000000544
2038,富智康集团,"“1,000”",40a1100000000545
2039,中集集团,100,40a1100000000546
2066,盛京银行,500,40a1100000000547
2068,中铝国际,"“1,000”",40a1100000000548
2078,荣阳实业,"“1,000”",40a1100000000549
2080,奥克斯国际,"“2,000”",40a110000000054a
2083,大自然家居,"“1,000”",40a110000000054b
2086,龙杰智能卡,"“8,000”",40a110000000054c
2088,西王置业,"“2,000”",40a110000000054d
2098,卓尔集团,"“3,000”",40a110000000054e
2099,中国黄金国际,100,40a110000000054f
2100,百奥家庭互动,"“2,000”",40a1100000000550
2111,超盈国际控股,"“2,000”",40a1100000000551
2112,优库资源,"“2,000”",40a1100000000552
2118,天山发展控股,"“2,000”",40a1100000000553
2120,康宁医院,100,40a1100000000554
2121,一化控股,"“1,000”",40a1100000000555
2123,金盾控股,"“4,000”",40a1100000000556
2128,中国联塑,"“1,000”",40a1100000000557
2133,中国多金属,"“1,000”",40a1100000000558
2136,利福中国,500,40a1100000000559
2138,香港医思医疗集团,"“1,000”",40a110000000055a
2168,盈德气体,500,40a110000000055b
2178,百勤油服,"“1,000”",40a110000000055c
2183,利福地产,"“2,000”",40a110000000055d
2186,绿叶制药,500,40a110000000055e
2188,泰坦能源技术,"“2,000”",40a110000000055f
2193,万景控股,"“4,000”",40a1100000000560
2196,复星医药,500,40a1100000000561
2198,中国三江化工,"“1,000”",40a1100000000562
2199,维珍妮,"“1,000”",40a1100000000563
2200,浩沙国际,"“2,000”",40a1100000000564
2202,万科企业,100,40a1100000000565
2208,金风科技,200,40a1100000000566
2211,大健康国际,"“1,000”",40a1100000000567
2212,高鹏矿业,"“20,000”",40a1100000000568
2213,益华控股,"“2,000”",40a1100000000569
2218,安德利果汁,500,40a110000000056a
2221,创业集团控股,"“4,000”",40a110000000056b
2222,雷士照明,"“1,000”",40a110000000056c
2223,卡撒天娇,"“2,000”",40a110000000056d
2226,老恒和酿造,500,40a110000000056e
2228,中国节能海东青,"“3,000”",40a110000000056f
2229,长港敦信,"“2,000”",40a1100000000570
2233,西部水泥,"“2,000”",40a1100000000571
2236,惠生工程,"“1,000”",40a1100000000572
2238,广汽集团,"“2,000”",40a1100000000573
2239,国微技术,"“1,000”",40a1100000000574
2255,海昌海洋公园,"“1,000”",40a1100000000575
2268,优源控股,"“1,000”",40a1100000000576
2277,震升工程,"“5,000”",40a1100000000577
2278,海蓝控股,"“1,000”",40a1100000000578
2280,慧聪网,"“2,000”",40a1100000000579
2282,美高梅中国,400,40a110000000057a
2283,东江集团控股,"“2,000”",40a110000000057b
2286,辰兴发展,"“1,000”",40a110000000057c
2288,宏基资本,"“1,000”",40a110000000057d
2289,创美药业,500,40a110000000057e
2298,都市丽人,"“1,000”",40a110000000057f
2299,百宏实业,"“2,000”",40a1100000000580
2300,澳科控股,"“2,000”",40a1100000000581
2302,中核国际,"“1,000”",40a1100000000582
2303,恒兴黄金,"“2,000”",40a1100000000583
2307,锦兴国际控股,"“2,000”",40a1100000000584
2308,研祥智能,"“4,000”",40a1100000000585
2309,伯明翰环球,"“2,000”",40a1100000000586
2310,申基国际,"“2,000”",40a1100000000587
2313,申洲国际,"“1,000”",40a1100000000588
2314,理文造纸,"“1,000”",40a1100000000589
2317,味丹国际,"“4,000”",40a110000000058a
2318,中国平安,500,40a110000000058b
2319,蒙牛乳业,"“1,000”",40a110000000058c
2320,合丰集团,"“2,000”",40a110000000058d
2322,仁瑞投资,"“8,000”",40a110000000058e
2323,至卓国际,"“2,000”",40a110000000058f
2326,百灵达国际控股,"“10,000”",40a1100000000590
2327,宇业控股,"“6,000”",40a1100000000591
2328,中国财险,"“2,000”",40a1100000000592
2329,国瑞置业,"“1,000”",40a1100000000593
2330,中国上城,"“4,000”",40a1100000000594
2331,李宁,500,40a1100000000595
2333,长城汽车,500,40a1100000000596
2336,海亮国际,"“10,000”",40a1100000000597
2338,潍柴动力,"“1,000”",40a1100000000598
2339,京西国际,"“4,000”",40a1100000000599
2340,新昌管理集团,"“4,000”",40a110000000059a
2341,中怡国际,"“2,000”",40a110000000059b
2342,京信通信,"“2,000”",40a110000000059c
2343,太平洋航运,"“1,000”",40a110000000059d
2345,上海集优,"“2,000”",40a110000000059e
2348,东瑞制药,"“4,000”",40a110000000059f
2349,中国城市基础设施,"“4,000”",40a11000000005a0
2355,宝业集团,"“2,000”",40a11000000005a1
2356,大新银行集团,400,40a11000000005a2
2357,中航科工,"“1,000”",40a11000000005a3
2358,久融控股,"“10,000”",40a11000000005a4
2362,金川国际,"“1,000”",40a11000000005a5
2366,星美文化,"“5,000”",40a11000000005a6
2368,鹰美,"“2,000”",40a11000000005a7
2369,酷派集团,"“4,000”",40a11000000005a8
2371,中国创联教育,"“4,000”",40a11000000005a9
2378,保诚,500,40a11000000005aa
2379,中天国际,"“5,000”",40a11000000005ab
2380,中国电力,"“1,000”",40a11000000005ac
2382,舜宇光学科技,"“1,000”",40a11000000005ad
2383,TOM集团,"“2,000”",40a11000000005ae
2386,中石化炼化工程,500,40a11000000005af
2388,中银香港,500,40a11000000005b0
2389,北控医疗健康,"“6,000”",40a11000000005b1
2393,巨星国际控股,"“2,500”",40a11000000005b2
2398,友佳国际,"“2,000”",40a11000000005b3
2399,虎都,"“1,000”",40a11000000005b4
2468,创益太阳能,"“1,000”",40a11000000005b5
2488,元征科技,500,40a11000000005b6
2588,中银航空租赁,100,40a11000000005b7
2600,中国铝业,"“2,000”",40a11000000005b8
2601,中国太保,200,40a11000000005b9
2607,上海医药,100,40a11000000005ba
2608,阳光１００中国,"“1,000”",40a11000000005bb
2618,ＴＣＬ 通讯,"“1,000”",40a11000000005bc
2623,中国中盛资源,"“2,000”",40a11000000005bd
2628,中国人寿,"“1,000”",40a11000000005be
2638,港灯－ＳＳ,500,40a11000000005bf
2662,奕达,"“2,000”",40a11000000005c0
2666,环球医疗,500,40a11000000005c1
2668,百德国际,"“10,000”",40a11000000005c2
2669,中海物业,"“5,000”",40a11000000005c3
2678,天虹纺织,500,40a11000000005c4
2686,亚美能源,"“1,000”",40a11000000005c5
2688,新奥能源,"“2,000”",40a11000000005c6
2689,玖龙纸业,"“1,000”",40a11000000005c7
2698,魏桥纺织,500,40a11000000005c8
2699,新明中国,"“2,000”",40a11000000005c9
2700,格林国际控股,"“20,000”",40a11000000005ca
2722,重庆机电,"“2,000”",40a11000000005cb
2727,上海电气,"“2,000”",40a11000000005cc
2728,裕华能源,"“4,000”",40a11000000005cd
2738,华津国际控股,"“2,000”",40a11000000005ce
2768,佳源国际控股,"“2,000”",40a11000000005cf
2777,富力地产,400,40a11000000005d0
2788,精熙国际,"“2,000”",40a11000000005d1
2789,远大中国,"“2,000”",40a11000000005d2
2799,中国华融,"“1,000”",40a11000000005d3
2866,中海集运,"“1,000”",40a11000000005d4
2868,首创置业,"“2,000”",40a11000000005d5
2869,绿城服务,"“2,000”",40a11000000005d6
2877,神威药业,"“1,000”",40a11000000005d7
2878,SOLOMON SYSTECH,"“2,000”",40a11000000005d8
2880,大连港,"“2,000”",40a11000000005d9
2882,香港资源控股,"“4,000”",40a11000000005da
2883,中海油田服务,"“2,000”",40a11000000005db
2886,滨海投资,"“2,000”",40a11000000005dc
2888,渣打集团,50,40a11000000005dd
2889,镍资源国际,"“2,000”",40a11000000005de
2898,龙润茶,"“10,000”",40a11000000005df
2899,紫金矿业,"“2,000”",40a11000000005e0
2980,中播控股,"“4,000”",40a11000000005e1
2986,企展控股,200,40a11000000005e2
2988,恒发洋参,"“2,500”",40a11000000005e3
2989,中国置业投资股权,"“3,000”",40a11000000005e4
2991,南华金融股权,"“50,000”",40a11000000005e5
3300,中国玻璃,"“2,000”",40a11000000005e6
3301,融信中国,500,40a11000000005e7
3303,巨涛海洋石油服务,"“2,000”",40a11000000005e8
3308,金鹰商贸集团,"“1,000”",40a11000000005e9
3311,中国建筑国际,"“2,000”",40a11000000005ea
3313,雅高控股,"“1,000”",40a11000000005eb
3315,金邦达宝嘉,"“1,000”",40a11000000005ec
3318,中国香精香料,"“2,000”",40a11000000005ed
3322,永嘉集团,"“2,000”",40a11000000005ee
3323,中国建材,"“2,000”",40a11000000005ef
3326,保发集团,"“3,000”",40a11000000005f0
3328,交通银行,"“1,000”",40a11000000005f1
3330,灵宝黄金,"“2,000”",40a11000000005f2
3331,维达国际,"“1,000”",40a11000000005f3
3332,中生联合,"“2,000”",40a11000000005f4
3333,中国恒大,"“1,000”",40a11000000005f5
3335,ＤＢＡ电讯,"“4,000”",40a11000000005f6
3336,巨腾国际,"“2,000”",40a11000000005f7
3337,安东油田服务,"“2,000”",40a11000000005f8
3339,中国龙工,"“1,000”",40a11000000005f9
3344,互益集团,"“2,000”",40a11000000005fa
3355,先进半导体,"“2,000”",40a11000000005fb
3360,远东宏信,"“1,000”",40a11000000005fc
3363,正业国际,"“2,000”",40a11000000005fd
3366,华侨城(亚洲),"“2,000”",40a11000000005fe
3368,百盛集团,500,40a11000000005ff
3369,秦港股份,500,40a1100000000600
3377,远洋集团,500,40a1100000000601
3378,厦门港务,"“2,000”",40a1100000000602
3380,龙光地产,"“2,000”",40a1100000000603
3382,天津港发展,"“2,000”",40a1100000000604
3383,雅居乐集团,"“2,000”",40a1100000000605
3389,亨得利,"“4,000”",40a1100000000606
3393,威胜集团,"“2,000”",40a1100000000607
3396,联想控股,100,40a1100000000608
3398,华鼎控股,"“2,000”",40a1100000000609
3399,粤运交通,"“1,000”",40a110000000060a
3600,现代牙科,"“1,000”",40a110000000060b
3606,福耀玻璃,400,40a110000000060c
3608,永盛新材料,"“2,500”",40a110000000060d
3618,重庆农村商业银行,"“1,000”",40a110000000060e
3623,集成金融,"“2,000”",40a110000000060f
3626,HSSP INTL,"“2,000”",40a1100000000610
3628,仁恒实业控股,"“4,000”",40a1100000000611
3633,中裕燃气,"“2,000”",40a1100000000612
3636,保利文化,100,40a1100000000613
3638,晶芯科技控股,"“12,000”",40a1100000000614
3639,亿达中国,"“2,000”",40a1100000000615
3663,协众国际控股,"“4,000”",40a1100000000616
3666,小南国,"“2,000”",40a1100000000617
3668,中铝矿业国际,"“2,000”",40a1100000000618
3669,永达汽车,500,40a1100000000619
3678,弘业期货,"“1,000”",40a110000000061a
3683,荣丰联合控股,"“2,500”",40a110000000061b
3688,莱蒙国际,500,40a110000000061c
3698,徽商银行,"“1,000”",40a110000000061d
3699,万达商业,100,40a110000000061e
3708,日成控股,"“5,000”",40a110000000061f
3709,珂莱蒂尔,"“1,000”",40a1100000000620
3737,中智药业,"“1,000”",40a1100000000621
3773,年年卡,"“2,000”",40a1100000000622
3777,中国光纤,"“2,000”",40a1100000000623
3778,中国织材控股,"“4,000”",40a1100000000624
3788,中国罕王,"“1,000”",40a1100000000625
3799,达利食品,500,40a1100000000626
3800,保利协鑫能源,"“1,000”",40a1100000000627
3808,中国重汽,500,40a1100000000628
3813,宝胜国际,"“1,000”",40a1100000000629
3816,ＫＦＭ金德,"“4,000”",40a110000000062a
3818,中国动向,"“1,000”",40a110000000062b
3822,三和建筑集团,"“4,000”",40a110000000062c
3823,德普科技,"“2,000”",40a110000000062d
3828,明辉国际,"“1,000”",40a110000000062e
3833,新疆新鑫矿业,"“1,000”",40a110000000062f
3836,和谐汽车,500,40a1100000000630
3838,中国淀粉,"“5,000”",40a1100000000631
3839,正大企业国际,500,40a1100000000632
3866,青岛银行,500,40a1100000000633
3868,群星纸业,"“1,000”",40a1100000000634
3882,天彩控股,"“1,000”",40a1100000000635
3883,中国奥园,"“1,000”",40a1100000000636
3886,康健国际医疗,"“2,000”",40a1100000000637
3888,金山软件,"“1,000”",40a1100000000638
3889,大成糖业,"“2,000”",40a1100000000639
3898,中车时代电气,500,40a110000000063a
3899,中集安瑞科,"“2,000”",40a110000000063b
3900,绿城中国,500,40a110000000063c
3903,瀚华金控,"“2,000”",40a110000000063d
3908,中金公司,400,40a110000000063e
3918,金界控股,"“2,000”",40a110000000063f
3933,联邦制药,"“2,000”",40a1100000000640
3939,万国国际矿业,"“2,000”",40a1100000000641
3948,伊泰煤炭,100,40a1100000000642
3958,东方证券,400,40a1100000000643
3963,融众金融,"“1,000”",40a1100000000644
3966,中国宝丰国际,"“6,000”",40a1100000000645
3968,招商银行,500,40a1100000000646
3969,中国通号,"“1,000”",40a1100000000647
3983,中海石油化学,"“2,000”",40a1100000000648
3988,中国银行,"“1,000”",40a1100000000649
3989,首创环境,"“2,000”",40a110000000064a
3993,洛阳钼业,"“3,000”",40a110000000064b
3996,中国能源建设,"“2,000”",40a110000000064c
3998,波司登,"“2,000”",40a110000000064d
3999,大成食品,"“1,000”",40a110000000064e
4601,BOC 2014 PREF,"“20,000”",40a110000000064f
4603,ICBC USDPREF1,"“10,000”",40a1100000000650
4604,ICBC EURPREF1,"“10,000”",40a1100000000651
4605,BOCOM 15USDPREF,"“10,000”",40a1100000000652
4606,CB 15USDPREF,"“10,000”",40a1100000000653
6030,中信证券,500,40a1100000000654
6108,新锐医药,"“8,000”",40a1100000000655
6116,拉夏贝尔,200,40a1100000000656
6118,奥星生命科技,"“1,000”",40a1100000000657
6123,先达国际物流,"“2,000”",40a1100000000658
6128,泛亚国际,"“2,000”",40a1100000000659
6133,维太移动,"“1,000”",40a110000000065a
6136,康达环保,"“1,000”",40a110000000065b
6138,哈尔滨银行,"“1,000”",40a110000000065c
6139,金茂酒店-ＳＳ,500,40a110000000065d
6161,泰加保险,"“2,000”",40a110000000065e
6166,中国宏泰发展,"“1,000”",40a110000000065f
6168,中国优通,"“5,000”",40a1100000000660
6183,中国绿宝,"“1,000”",40a1100000000661
6188,迪信通,500,40a1100000000662
6196,郑州银行,"“1,000”",40a1100000000663
6198,青岛港,"“1,000”",40a1100000000664
6808,高鑫零售,500,40a1100000000665
6816,PROSPER CONS,"“2,000”",40a1100000000666
6818,中国光大银行,"“1,000”",40a1100000000667
6822,科劲国际,"“4,000”",40a1100000000668
6823,香港电讯-SS,"“1,000”",40a1100000000669
6826,昊海生物科技,100,40a110000000066a
6828,蓝天威力,"“8,000”",40a110000000066b
6830,华众车载,"“2,000”",40a110000000066c
6833,兴科蓉医药,"“4,000”",40a110000000066d
6836,天韵国际控股,"“2,000”",40a110000000066e
6837,海通证券,400,40a110000000066f
6838,盈利时,"“2,000”",40a1100000000670
6839,云南水务,"“1,000”",40a1100000000671
6863,辉山乳业,"“1,000”",40a1100000000672
6865,福莱特玻璃,"“1,000”",40a1100000000673
6866,佐力小贷,"“2,000”",40a1100000000674
6868,天福,"“1,000”",40a1100000000675
6869,长飞光纤光缆,500,40a1100000000676
6878,鼎丰集团控股,"“2,000”",40a1100000000677
6880,腾邦控股,"“2,000”",40a1100000000678
6881,中国银河,500,40a1100000000679
6882,东瀛游,"“2,000”",40a110000000067a
6886,HTS,200,40a110000000067b
6888,英达公路再生科技,"“1,000”",40a110000000067c
6889,DYNAM JAPAN,200,40a110000000067d
6893,衍生集团,"“2,000”",40a110000000067e
6896,金嗓子,500,40a110000000067f
6898,中国铝罐,"“2,000”",40a1100000000680
6899,联众,"“1,000”",40a1100000000681
80737,合和公路基建－Ｒ,500,40a1100000000682
84602,ICBC CNHPREF1-R,"“10,000”",40a1100000000683
8001,东方汇财证券,4000,40a1100000000684
8003,世大控股,2000,40a1100000000685
8005,裕兴科技,2000,40a1100000000686
8006,华泰瑞银,10000,40a1100000000687
8007,环球战略集团,10000,40a1100000000688
8008,新意网集团,1000,40a1100000000689
8009,华夏能源控股,20000,40a110000000068a
8011,百田石油,20000,40a110000000068b
8012,环宇物流（亚洲）,8000,40a110000000068c
8016,长虹佳华,2000,40a110000000068d
8017,百龄国际,10000,40a110000000068e
8018,汇财金融投资,10000,40a110000000068f
8019,皓文控股,20000,40a1100000000690
8020,川盟金融,10000,40a1100000000691
8021,汇隆控股,10000,40a1100000000692
8022,永耀集团控股,3000,40a1100000000693
8025,亚洲资产,2000,40a1100000000694
8026,长达科技,1000,40a1100000000695
8027,吉辉控股,5000,40a1100000000696
8028,天时软件,20000,40a1100000000697
8029,太阳国际,5000,40a1100000000698
8030,汇联金融服务,5000,40a1100000000699
8031,易通讯集团,2000,40a110000000069a
8032,非凡中国,8000,40a110000000069b
8033,爱达利网络,2000,40a110000000069c
8037,锐康药业,20000,40a110000000069d
8038,金力集团,2000,40a110000000069e
8041,荟萃国际(控股),20000,40a110000000069f
8045,南大苏富特,6000,40a11000000006a0
8046,恒芯中国,4000,40a11000000006a1
8047,宇恒供应链,4000,40a11000000006a2
8048,香港珠宝,2000,40a11000000006a3
8049,吉林长龙药业,4000,40a11000000006a4
8050,云博产业,2000,40a11000000006a5
8051,千里眼控股,10000,40a11000000006a6
8053,比优集团,20000,40a11000000006a7
8055,中国网络教育,8000,40a11000000006a8
8057,麦迪森酒业,4000,40a11000000006a9
8058,罗欣药业,2000,40a11000000006aa
8059,朝威控股,5000,40a11000000006ab
8060,国联通信,10000,40a11000000006ac
8061,光亚,20000,40a11000000006ad
8063,环球大通集团,50000,40a11000000006ae
8066,品创控股,5000,40a11000000006af
8067,东方大学城控股,1000,40a11000000006b0
8068,新宇环保,20000,40a11000000006b1
8070,侨洋国际控股,5000,40a11000000006b2
8071,中彩网通控股,5000,40a11000000006b3
8072,罗马集团,20000,40a11000000006b4
8075,寰亚传媒,4000,40a11000000006b5
8076,新利软件,5000,40a11000000006b6
8077,昆仑国际金融,5000,40a11000000006b7
8078,中国３Ｄ数码,20000,40a11000000006b8
8079,易还财务投资,5000,40a11000000006b9
8080,北亚策略,8000,40a11000000006ba
8081,互娱中国,10000,40a11000000006bb
8082,仁智国际集团,5000,40a11000000006bc
8083,中国创新支付,4000,40a11000000006bd
8085,香港生命科学,4000,40a11000000006be
8086,DX.COM控股,8000,40a11000000006bf
8087,中国三三传媒,20000,40a11000000006c0
8088,笥炎时,8000,40a11000000006c1
8089,华人策略控股,2000,40a11000000006c2
8090,中国融保金融集团,2000,40a11000000006c3
8092,ITE HOLDINGS,4000,40a11000000006c4
8093,爱特丽皮革,5000,40a11000000006c5
8095,北大青鸟环宇,1000,40a11000000006c6
8096,瑞丰石化,8000,40a11000000006c7
8097,鼎石资本,5000,40a11000000006c8
8098,昌利控股,10000,40a11000000006c9
8099,中国优材,4000,40a11000000006ca
8100,智易控股,6000,40a11000000006cb
8101,家梦控股,4000,40a11000000006cc
8102,利宝阁集团,10000,40a11000000006cd
8103,万泰企业股份,20000,40a11000000006ce
8105,竽芗团,2000,40a11000000006cf
8106,浙大兰德,5000,40a11000000006d0
8108,福泽集团,8000,40a11000000006d1
8109,科瑞控股,15000,40a11000000006d2
8111,中科光电,5000,40a11000000006d3
8112,FOCUS MEDIA,24000,40a11000000006d4
8113,扬宇科技,10000,40a11000000006d5
8115,上海青浦消防,4000,40a11000000006d6
8116,中国幸福投资,20000,40a11000000006d7
8117,中国基础能源,10000,40a11000000006d8
8119,即时科研,10000,40a11000000006d9
8120,中国神农投资,20000,40a11000000006da
8121,超凡网络,10000,40a11000000006db
8122,德莱建业,8000,40a11000000006dc
8123,首华财经网络,6000,40a11000000006dd
8125,中持基业,4000,40a11000000006de
8126,Ｇ?Ａ?控股,4000,40a11000000006df
8127,云裳衣,20000,40a11000000006e0
8128,中国地能,8000,40a11000000006e1
8129,中国生物资源,20000,40a11000000006e2
8130,智城控股,20000,40a11000000006e3
8131,辰罡科技,2000,40a11000000006e4
8132,中油港燃,20000,40a11000000006e5
8133,铸能控股,20000,40a11000000006e6
8135,正美丰业,5000,40a11000000006e7
8137,洪桥集团,2000,40a11000000006e8
8138,同仁堂国药,1000,40a11000000006e9
8139,长安仁恒,500,40a11000000006ea
8140,扬科集团,4000,40a11000000006eb
8141,应力控股,10000,40a11000000006ec
8143,华夏医疗,4000,40a11000000006ed
8145,电讯首科,2000,40a11000000006ee
8147,汇思太平洋,4000,40a11000000006ef
8148,奥嘀泄,20000,40a11000000006f0
8150,无缝绿色,10000,40a11000000006f1
8153,科地农业,5000,40a11000000006f2
8155,南华资产控股,8000,40a11000000006f3
8156,众彩股份,5000,40a11000000006f4
8158,中国再生医学,5000,40a11000000006f5
8159,辉煌科技,5000,40a11000000006f6
8161,医汇集团,10000,40a11000000006f7
8162,港银控股,10000,40a11000000006f8
8163,万德金融,20000,40a11000000006f9
8165,华普智通,10000,40a11000000006fa
8166,中国农业生态,20000,40a11000000006fb
8167,中国新电信,4000,40a11000000006fc
8169,环康集团,10000,40a11000000006fd
8170,KSL HOLDINGS,4000,40a11000000006fe
8171,中国趋势,160000,40a11000000006ff
8172,拉近网娱,20000,40a1100000000700
8173,万亚企业控股,40000,40a1100000000701
8175,中国数码文化,10000,40a1100000000702
8176,航空互联,5000,40a1100000000703
8177,REF HOLDINGS,5000,40a1100000000704
8178,中国信息科技,24000,40a1100000000705
8179,新煮意控股,12000,40a1100000000706
8181,港深联合,8000,40a1100000000707
8182,中国糖果,10000,40a1100000000708
8186,同仁资源,20000,40a1100000000709
8187,永骏国际控股,5000,40a110000000070a
8189,泰达生物,5000,40a110000000070b
8190,康佰控股,10000,40a110000000070c
8191,鸿伟亚洲,6000,40a110000000070d
8192,环球能源资源,32000,40a110000000070e
8193,汉华专业服务,5000,40a110000000070f
8195,L&A INTL HOLD,8000,40a1100000000710
8196,建禹集团,4000,40a1100000000711
8197,东北虎药业,10000,40a1100000000712
8198,新濠环彩,4000,40a1100000000713
8200,修身堂,40000,40a1100000000714
8201,宝联控股,20000,40a1100000000715
8202,汇创控股,10000,40a1100000000716
8203,凯顺能源,10000,40a1100000000717
8205,交大慧谷,4000,40a1100000000718
8206,神通电信服务,1000,40a1100000000719
8207,中国信贷,4000,40a110000000071a
8211,浙江永隆实业,10000,40a110000000071b
8212,誉满国际控股,8000,40a110000000071c
8213,惟膳,10000,40a110000000071d
8215,FIRST CREDIT,20000,40a110000000071e
8216,百本医护,8000,40a110000000071f
8217,联旺集团,10000,40a1100000000720
8218,毅高国际控股,4000,40a1100000000721
8220,比高集团,20000,40a1100000000722
8222,壹照明,4000,40a1100000000723
8225,中国医疗集团,20000,40a1100000000724
8226,中昱科技,4000,40a1100000000725
8227,海天天线控股,4000,40a1100000000726
8228,国艺娱乐,20000,40a1100000000727
8229,FUTURE DATA,5000,40a1100000000728
8230,中国宇天,5000,40a1100000000729
8232,LASSIFIED GP,5000,40a110000000072a
8233,中国基建港口,4000,40a110000000072b
8235,赛迪顾问,10000,40a110000000072c
8236,宝德科技集团,1000,40a110000000072d
8237,华星控股,2000,40a110000000072e
8238,惠陶集团,8000,40a110000000072f
8239,首都金融控股,2000,40a1100000000730
8242,宏创高科,10000,40a1100000000731
8243,大贺传媒,5000,40a1100000000732
8245,安悦国际控股,5000,40a1100000000733
8246,北方新能源,8000,40a1100000000734
8247,中生北控生物科技,2000,40a1100000000735
8248,丰展控股,10000,40a1100000000736
8249,宁波万豪,5000,40a1100000000737
8250,丝路能源,20000,40a1100000000738
8251,优越集团控股,10000,40a1100000000739
8255,神州数字,6000,40a110000000073a
8256,金利通,4000,40a110000000073b
8258,西北实业,10000,40a110000000073c
8260,银合控股,10000,40a110000000073d
8261,海天能源,8000,40a110000000073e
8262,宏强控股,10000,40a110000000073f
8265,宏峰太平洋,4000,40a1100000000740
8266,金达集团国际,16000,40a1100000000741
8267,蓝港互动,500,40a1100000000742
8268,迪臣建设,8000,40a1100000000743
8269,富誉控股,30000,40a1100000000744
8270,中国煤层气,40000,40a1100000000745
8271,环球数码创意,2000,40a1100000000746
8272,华人饮食集团,20000,40a1100000000747
8273,浙江展望,2000,40a1100000000748
8277,骏东控股,2000,40a1100000000749
8279,亚博科技控股,4000,40a110000000074a
8280,中国数字视频,2000,40a110000000074b
8281,中国金典集团,8000,40a110000000074c
8282,智傲控股,4000,40a110000000074d
8286,长城微光,5000,40a110000000074e
8290,亚势备份,10000,40a110000000074f
8292,盛良物流,10000,40a1100000000750
8293,星亚控股,5000,40a1100000000751
8295,卓亚资本,20000,40a1100000000752
8296,中国生命集团,4000,40a1100000000753
8299,大唐潼金,12000,40a1100000000754
8301,明华科技,8000,40a1100000000755
8305,均安控股,10000,40a1100000000756
8306,中国有色金属,10000,40a1100000000757
8307,密迪斯肌,4000,40a1100000000758
8310,大丰港,10000,40a1100000000759
8311,圆美光电,10000,40a110000000075a
8312,中国瀚亚,10000,40a110000000075b
8315,冠辉集团控股,10000,40a110000000075c
8316,柏荣集团控股,10000,40a110000000075d
8317,财华社集团,2000,40a110000000075e
8318,正利控股,20000,40a110000000075f
8319,思博系统,10000,40a1100000000760
8325,中国支付通,10000,40a1100000000761
8326,同景新能源,1000,40a1100000000762
8327,泰邦集团,10000,40a1100000000763
8328,信义香港,4000,40a1100000000764
8329,海王英特龙,10000,40a1100000000765
8331,飞尚非金属,10000,40a1100000000766
8333,阿仕特朗金融,5000,40a1100000000767
8336,电讯数码控股,1000,40a1100000000768
8337,直通电讯,10000,40a1100000000769
8340,域高金融,10000,40a110000000076a
8345,火岩控股,2000,40a110000000076b
8346,创新电子控股,10000,40a110000000076c
8348,滨海泰达物流,2000,40a110000000076d
8351,俊文宝石,20000,40a110000000076e
8355,超智能控股,10000,40a110000000076f
8356,中国新华电视,10000,40a1100000000770
8359,HYPEBEAST,20000,40a1100000000771
8360,利骏集团香港,4000,40a1100000000772
8361,中国育儿网络,2000,40a1100000000773
8363,SDM GROUP,2000,40a1100000000774
8366,FRASER HLDGS,10000,40a1100000000775
8368,中国创意控股,1000,40a1100000000776
8369,立基工程控股,10000,40a1100000000777
8385,同仁资源,1000,40a1100000000778
8386,L&A INTL HOLD,40000,40a1100000000779
8387,新煮意控股,2400,40a110000000077a
8388,铸能控股,100000,40a110000000077b
8390,俊文宝石,1000,40a110000000077c
