期货名称,合约编码,uk编码
伦敦铝期货,LRA1608,410a257800000001
伦敦锌期货,LRZ1608,410a257800000002
伦敦铜期货,LRC1608,410a257800000003
伦敦镍期货,LRN1608,410a257800000004
伦敦锡期货,LRS1608,410a257800000005
伦敦铅期货,LRP1608,410a257800000006
伦敦铝期货,LRA1609,410a257900000001
伦敦锌期货,LRZ1609,410a257900000002
伦敦铜期货,LRC1609,410a257900000003
伦敦镍期货,LRN1609,410a257900000004
伦敦锡期货,LRS1609,410a257900000005
伦敦铅期货,LRP1609,410a257900000006
伦敦铝期货,LRA1610,410a257100000001
伦敦锌期货,LRZ1610,410a257100000002
伦敦铜期货,LRC1610,410a257100000003
伦敦镍期货,LRN1610,410a257100000004
伦敦锡期货,LRS1610,410a257100000005
伦敦铅期货,LRP1610,410a257100000006
伦敦铝期货,LRA1611,410a257b00000001
伦敦锌期货,LRZ1611,410a257b00000002
伦敦铜期货,LRC1611,410a257b00000003
伦敦镍期货,LRN1611,410a257b00000004
伦敦锡期货,LRS1611,410a257b00000005
伦敦铅期货,LRP1611,410a257b00000006
伦敦铝期货,LRA1612,410a257c00000001
伦敦锌期货,LRZ1612,410a257c00000002
伦敦铜期货,LRC1612,410a257c00000003
伦敦镍期货,LRN1612,410a257c00000004
伦敦锡期货,LRS1612,410a257c00000005
伦敦铅期货,LRP1612,410a257c00000006
伦敦铝期货,LRA1701,410a257d00000001
伦敦锌期货,LRZ1701,410a257d00000002
伦敦铜期货,LRC1701,410a257d00000003
伦敦镍期货,LRN1701,410a257d00000004
伦敦锡期货,LRS1701,410a257d00000005
伦敦铅期货,LRP1701,410a257d00000006
伦敦铝期货,LRA1702,410a257e00000001
伦敦锌期货,LRZ1702,410a257e00000002
伦敦铜期货,LRC1702,410a257e00000003
伦敦镍期货,LRN1702,410a257e00000004
伦敦锡期货,LRS1702,410a257e00000005
伦敦铅期货,LRP1702,410a257e00000006
伦敦铝期货,LRA1703,410a257f00000001
伦敦锌期货,LRZ1703,410a257f00000002
伦敦铜期货,LRC1703,410a257f00000003
伦敦镍期货,LRN1703,410a257f00000004
伦敦锡期货,LRS1703,410a257f00000005
伦敦铅期货,LRP1703,410a257f00000006
伦敦铝期货,LRA1704,410a258000000001
伦敦锌期货,LRZ1704,410a258000000002
伦敦铜期货,LRC1704,410a258000000003
伦敦镍期货,LRN1704,410a258000000004
伦敦锡期货,LRS1704,410a258000000005
伦敦铅期货,LRP1704,410a258000000006
伦敦铝期货,LRA1705,410a258100000001
伦敦锌期货,LRZ1705,410a258100000002
伦敦铜期货,LRC1705,410a258100000003
伦敦镍期货,LRN1705,410a258100000004
伦敦锡期货,LRS1705,410a258100000005
伦敦铅期货,LRP1705,410a258100000006
伦敦铝期货,LRA1706,410a258200000001
伦敦锌期货,LRZ1706,410a258200000002
伦敦铜期货,LRC1706,410a258200000003
伦敦镍期货,LRN1706,410a258200000004
伦敦锡期货,LRS1706,410a258200000005
伦敦铅期货,LRP1706,410a258200000006
伦敦铝期货,LRA1707,410a258300000001
伦敦锌期货,LRZ1707,410a258300000002
伦敦铜期货,LRC1707,410a258300000003
伦敦镍期货,LRN1707,410a258300000004
伦敦锡期货,LRS1707,410a258300000005
伦敦铅期货,LRP1707,410a258300000006
伦敦铝期货,LRA1708,410a258400000001
伦敦锌期货,LRZ1708,410a258400000002
伦敦铜期货,LRC1708,410a258400000003
伦敦镍期货,LRN1708,410a258400000004
伦敦锡期货,LRS1708,410a258400000005
伦敦铅期货,LRP1708,410a258400000006
伦敦铝期货,LRA1709,410a258500000001
伦敦锌期货,LRZ1709,410a258500000002
伦敦铜期货,LRC1709,410a258500000003
伦敦镍期货,LRN1709,410a258500000004
伦敦锡期货,LRS1709,410a258500000005
伦敦铅期货,LRP1709,410a258500000006
伦敦铝期货,LRA1710,410a258600000001
伦敦锌期货,LRZ1710,410a258600000002
伦敦铜期货,LRC1710,410a258600000003
伦敦镍期货,LRN1710,410a258600000004
伦敦锡期货,LRS1710,410a258600000005
伦敦铅期货,LRP1710,410a258600000006
伦敦铝期货,LRA1711,410a258700000001
伦敦锌期货,LRZ1711,410a258700000002
伦敦铜期货,LRC1711,410a258700000003
伦敦镍期货,LRN1711,410a258700000004
伦敦锡期货,LRS1711,410a258700000005
伦敦铅期货,LRP1711,410a258700000006
伦敦铝期货,LRA1712,410a258800000001
伦敦锌期货,LRZ1712,410a258800000002
伦敦铜期货,LRC1712,410a258800000003
伦敦镍期货,LRN1712,410a258800000004
伦敦锡期货,LRS1712,410a258800000005
伦敦铅期货,LRP1712,410a258800000006
伦敦铝期货,LRA1801,410a258900000001
伦敦锌期货,LRZ1801,410a258900000002
伦敦铜期货,LRC1801,410a258900000003
伦敦镍期货,LRN1801,410a258900000004
伦敦锡期货,LRS1801,410a258900000005
伦敦铅期货,LRP1801,410a258900000006
伦敦铝期货,LRA1802,410a258100000001
伦敦锌期货,LRZ1802,410a258100000002
伦敦铜期货,LRC1802,410a258100000003
伦敦镍期货,LRN1802,410a258100000004
伦敦锡期货,LRS1802,410a258100000005
伦敦铅期货,LRP1802,410a258100000006
伦敦铝期货,LRA1803,410a258b00000001
伦敦锌期货,LRZ1803,410a258b00000002
伦敦铜期货,LRC1803,410a258b00000003
伦敦镍期货,LRN1803,410a258b00000004
伦敦锡期货,LRS1803,410a258b00000005
伦敦铅期货,LRP1803,410a258b00000006
伦敦铝期货,LRA1804,410a258c00000001
伦敦锌期货,LRZ1804,410a258c00000002
伦敦铜期货,LRC1804,410a258c00000003
伦敦镍期货,LRN1804,410a258c00000004
伦敦锡期货,LRS1804,410a258c00000005
伦敦铅期货,LRP1804,410a258c00000006
伦敦铝期货,LRA1805,410a258d00000001
伦敦锌期货,LRZ1805,410a258d00000002
伦敦铜期货,LRC1805,410a258d00000003
伦敦镍期货,LRN1805,410a258d00000004
伦敦锡期货,LRS1805,410a258d00000005
伦敦铅期货,LRP1805,410a258d00000006
伦敦铝期货,LRA1806,410a258e00000001
伦敦锌期货,LRZ1806,410a258e00000002
伦敦铜期货,LRC1806,410a258e00000003
伦敦镍期货,LRN1806,410a258e00000004
伦敦锡期货,LRS1806,410a258e00000005
伦敦铅期货,LRP1806,410a258e00000006
伦敦铝期货,LRA1807,410a258f00000001
伦敦锌期货,LRZ1807,410a258f00000002
伦敦铜期货,LRC1807,410a258f00000003
伦敦镍期货,LRN1807,410a258f00000004
伦敦锡期货,LRS1807,410a258f00000005
伦敦铅期货,LRP1807,410a258f00000006
伦敦铝期货,LRA1808,410a259000000001
伦敦锌期货,LRZ1808,410a259000000002
伦敦铜期货,LRC1808,410a259000000003
伦敦镍期货,LRN1808,410a259000000004
伦敦锡期货,LRS1808,410a259000000005
伦敦铅期货,LRP1808,410a259000000006
伦敦铝期货,LRA1809,410a259100000001
伦敦锌期货,LRZ1809,410a259100000002
伦敦铜期货,LRC1809,410a259100000003
伦敦镍期货,LRN1809,410a259100000004
伦敦锡期货,LRS1809,410a259100000005
伦敦铅期货,LRP1809,410a259100000006
伦敦铝期货,LRA1810,410a259200000001
伦敦锌期货,LRZ1810,410a259200000002
伦敦铜期货,LRC1810,410a259200000003
伦敦镍期货,LRN1810,410a259200000004
伦敦锡期货,LRS1810,410a259200000005
伦敦铅期货,LRP1810,410a259200000006
伦敦铝期货,LRA1811,410a259300000001
伦敦锌期货,LRZ1811,410a259300000002
伦敦铜期货,LRC1811,410a259300000003
伦敦镍期货,LRN1811,410a259300000004
伦敦锡期货,LRS1811,410a259300000005
伦敦铅期货,LRP1811,410a259300000006
伦敦铝期货,LRA1812,410a259400000001
伦敦锌期货,LRZ1812,410a259400000002
伦敦铜期货,LRC1812,410a259400000003
伦敦镍期货,LRN1812,410a259400000004
伦敦锡期货,LRS1812,410a259400000005
伦敦铅期货,LRP1812,410a259400000006
伦敦铝期货,LRA1901,410a259500000001
伦敦锌期货,LRZ1901,410a259500000002
伦敦铜期货,LRC1901,410a259500000003
伦敦镍期货,LRN1901,410a259500000004
伦敦锡期货,LRS1901,410a259500000005
伦敦铅期货,LRP1901,410a259500000006
伦敦铝期货,LRA1902,410a259600000001
伦敦锌期货,LRZ1902,410a259600000002
伦敦铜期货,LRC1902,410a259600000003
伦敦镍期货,LRN1902,410a259600000004
伦敦锡期货,LRS1902,410a259600000005
伦敦铅期货,LRP1902,410a259600000006
伦敦铝期货,LRA1903,410a259700000001
伦敦锌期货,LRZ1903,410a259700000002
伦敦铜期货,LRC1903,410a259700000003
伦敦镍期货,LRN1903,410a259700000004
伦敦锡期货,LRS1903,410a259700000005
伦敦铅期货,LRP1903,410a259700000006
伦敦铝期货,LRA1904,410a259800000001
伦敦锌期货,LRZ1904,410a259800000002
伦敦铜期货,LRC1904,410a259800000003
伦敦镍期货,LRN1904,410a259800000004
伦敦锡期货,LRS1904,410a259800000005
伦敦铅期货,LRP1904,410a259800000006
伦敦铝期货,LRA1905,410a259900000001
伦敦锌期货,LRZ1905,410a259900000002
伦敦铜期货,LRC1905,410a259900000003
伦敦镍期货,LRN1905,410a259900000004
伦敦锡期货,LRS1905,410a259900000005
伦敦铅期货,LRP1905,410a259900000006
伦敦铝期货,LRA1906,410a259100000001
伦敦锌期货,LRZ1906,410a259100000002
伦敦铜期货,LRC1906,410a259100000003
伦敦镍期货,LRN1906,410a259100000004
伦敦锡期货,LRS1906,410a259100000005
伦敦铅期货,LRP1906,410a259100000006
伦敦铝期货,LRA1907,410a259b00000001
伦敦锌期货,LRZ1907,410a259b00000002
伦敦铜期货,LRC1907,410a259b00000003
伦敦镍期货,LRN1907,410a259b00000004
伦敦锡期货,LRS1907,410a259b00000005
伦敦铅期货,LRP1907,410a259b00000006
伦敦铝期货,LRA1908,410a259c00000001
伦敦锌期货,LRZ1908,410a259c00000002
伦敦铜期货,LRC1908,410a259c00000003
伦敦镍期货,LRN1908,410a259c00000004
伦敦锡期货,LRS1908,410a259c00000005
伦敦铅期货,LRP1908,410a259c00000006
伦敦铝期货,LRA1909,410a259d00000001
伦敦锌期货,LRZ1909,410a259d00000002
伦敦铜期货,LRC1909,410a259d00000003
伦敦镍期货,LRN1909,410a259d00000004
伦敦锡期货,LRS1909,410a259d00000005
伦敦铅期货,LRP1909,410a259d00000006
伦敦铝期货,LRA1910,410a259e00000001
伦敦锌期货,LRZ1910,410a259e00000002
伦敦铜期货,LRC1910,410a259e00000003
伦敦镍期货,LRN1910,410a259e00000004
伦敦锡期货,LRS1910,410a259e00000005
伦敦铅期货,LRP1910,410a259e00000006
伦敦铝期货,LRA1911,410a259f00000001
伦敦锌期货,LRZ1911,410a259f00000002
伦敦铜期货,LRC1911,410a259f00000003
伦敦镍期货,LRN1911,410a259f00000004
伦敦锡期货,LRS1911,410a259f00000005
伦敦铅期货,LRP1911,410a259f00000006
伦敦铝期货,LRA1912,410a251000000001
伦敦锌期货,LRZ1912,410a251000000002
伦敦铜期货,LRC1912,410a251000000003
伦敦镍期货,LRN1912,410a251000000004
伦敦锡期货,LRS1912,410a251000000005
伦敦铅期货,LRP1912,410a251000000006
伦敦铝期货,LRA2001,410a25a100000001
伦敦锌期货,LRZ2001,410a25a100000002
伦敦铜期货,LRC2001,410a25a100000003
伦敦镍期货,LRN2001,410a25a100000004
伦敦锡期货,LRS2001,410a25a100000005
伦敦铅期货,LRP2001,410a25a100000006
伦敦铝期货,LRA2002,410a25a200000001
伦敦锌期货,LRZ2002,410a25a200000002
伦敦铜期货,LRC2002,410a25a200000003
伦敦镍期货,LRN2002,410a25a200000004
伦敦锡期货,LRS2002,410a25a200000005
伦敦铅期货,LRP2002,410a25a200000006
伦敦铝期货,LRA2003,410a25a300000001
伦敦锌期货,LRZ2003,410a25a300000002
伦敦铜期货,LRC2003,410a25a300000003
伦敦镍期货,LRN2003,410a25a300000004
伦敦锡期货,LRS2003,410a25a300000005
伦敦铅期货,LRP2003,410a25a300000006
伦敦铝期货,LRA2004,410a25a400000001
伦敦锌期货,LRZ2004,410a25a400000002
伦敦铜期货,LRC2004,410a25a400000003
伦敦镍期货,LRN2004,410a25a400000004
伦敦锡期货,LRS2004,410a25a400000005
伦敦铅期货,LRP2004,410a25a400000006
伦敦铝期货,LRA2005,410a25a500000001
伦敦锌期货,LRZ2005,410a25a500000002
伦敦铜期货,LRC2005,410a25a500000003
伦敦镍期货,LRN2005,410a25a500000004
伦敦锡期货,LRS2005,410a25a500000005
伦敦铅期货,LRP2005,410a25a500000006
伦敦铝期货,LRA2006,410a25a600000001
伦敦锌期货,LRZ2006,410a25a600000002
伦敦铜期货,LRC2006,410a25a600000003
伦敦镍期货,LRN2006,410a25a600000004
伦敦锡期货,LRS2006,410a25a600000005
伦敦铅期货,LRP2006,410a25a600000006
伦敦铝期货,LRA2007,410a25a700000001
伦敦锌期货,LRZ2007,410a25a700000002
伦敦铜期货,LRC2007,410a25a700000003
伦敦镍期货,LRN2007,410a25a700000004
伦敦锡期货,LRS2007,410a25a700000005
伦敦铅期货,LRP2007,410a25a700000006
伦敦铝期货,LRA2008,410a25a800000001
伦敦锌期货,LRZ2008,410a25a800000002
伦敦铜期货,LRC2008,410a25a800000003
伦敦镍期货,LRN2008,410a25a800000004
伦敦锡期货,LRS2008,410a25a800000005
伦敦铅期货,LRP2008,410a25a800000006
伦敦铝期货,LRA2009,410a25a900000001
伦敦锌期货,LRZ2009,410a25a900000002
伦敦铜期货,LRC2009,410a25a900000003
伦敦镍期货,LRN2009,410a25a900000004
伦敦锡期货,LRS2009,410a25a900000005
伦敦铅期货,LRP2009,410a25a900000006
伦敦铝期货,LRA2010,410a25a100000001
伦敦锌期货,LRZ2010,410a25a100000002
伦敦铜期货,LRC2010,410a25a100000003
伦敦镍期货,LRN2010,410a25a100000004
伦敦锡期货,LRS2010,410a25a100000005
伦敦铅期货,LRP2010,410a25a100000006
伦敦铝期货,LRA2011,410a25ab00000001
伦敦锌期货,LRZ2011,410a25ab00000002
伦敦铜期货,LRC2011,410a25ab00000003
伦敦镍期货,LRN2011,410a25ab00000004
伦敦锡期货,LRS2011,410a25ab00000005
伦敦铅期货,LRP2011,410a25ab00000006
伦敦铝期货,LRA2012,410a25ac00000001
伦敦锌期货,LRZ2012,410a25ac00000002
伦敦铜期货,LRC2012,410a25ac00000003
伦敦镍期货,LRN2012,410a25ac00000004
伦敦锡期货,LRS2012,410a25ac00000005
伦敦铅期货,LRP2012,410a25ac00000006
伦敦铝期货,LRA2101,410a25ad00000001
伦敦锌期货,LRZ2101,410a25ad00000002
伦敦铜期货,LRC2101,410a25ad00000003
伦敦镍期货,LRN2101,410a25ad00000004
伦敦锡期货,LRS2101,410a25ad00000005
伦敦铅期货,LRP2101,410a25ad00000006
伦敦铝期货,LRA2102,410a25ae00000001
伦敦锌期货,LRZ2102,410a25ae00000002
伦敦铜期货,LRC2102,410a25ae00000003
伦敦镍期货,LRN2102,410a25ae00000004
伦敦锡期货,LRS2102,410a25ae00000005
伦敦铅期货,LRP2102,410a25ae00000006
伦敦铝期货,LRA2103,410a25af00000001
伦敦锌期货,LRZ2103,410a25af00000002
伦敦铜期货,LRC2103,410a25af00000003
伦敦镍期货,LRN2103,410a25af00000004
伦敦锡期货,LRS2103,410a25af00000005
伦敦铅期货,LRP2103,410a25af00000006
伦敦铝期货,LRA2104,410a25b000000001
伦敦锌期货,LRZ2104,410a25b000000002
伦敦铜期货,LRC2104,410a25b000000003
伦敦镍期货,LRN2104,410a25b000000004
伦敦锡期货,LRS2104,410a25b000000005
伦敦铅期货,LRP2104,410a25b000000006
伦敦铝期货,LRA2105,410a25b100000001
伦敦锌期货,LRZ2105,410a25b100000002
伦敦铜期货,LRC2105,410a25b100000003
伦敦镍期货,LRN2105,410a25b100000004
伦敦锡期货,LRS2105,410a25b100000005
伦敦铅期货,LRP2105,410a25b100000006
伦敦铝期货,LRA2106,410a25b200000001
伦敦锌期货,LRZ2106,410a25b200000002
伦敦铜期货,LRC2106,410a25b200000003
伦敦镍期货,LRN2106,410a25b200000004
伦敦锡期货,LRS2106,410a25b200000005
伦敦铅期货,LRP2106,410a25b200000006
伦敦铝期货,LRA2107,410a25b300000001
伦敦锌期货,LRZ2107,410a25b300000002
伦敦铜期货,LRC2107,410a25b300000003
伦敦镍期货,LRN2107,410a25b300000004
伦敦锡期货,LRS2107,410a25b300000005
伦敦铅期货,LRP2107,410a25b300000006
伦敦铝期货,LRA2108,410a25b400000001
伦敦锌期货,LRZ2108,410a25b400000002
伦敦铜期货,LRC2108,410a25b400000003
伦敦镍期货,LRN2108,410a25b400000004
伦敦锡期货,LRS2108,410a25b400000005
伦敦铅期货,LRP2108,410a25b400000006
伦敦铝期货,LRA2109,410a25b500000001
伦敦锌期货,LRZ2109,410a25b500000002
伦敦铜期货,LRC2109,410a25b500000003
伦敦镍期货,LRN2109,410a25b500000004
伦敦锡期货,LRS2109,410a25b500000005
伦敦铅期货,LRP2109,410a25b500000006
伦敦铝期货,LRA2110,410a25b600000001
伦敦锌期货,LRZ2110,410a25b600000002
伦敦铜期货,LRC2110,410a25b600000003
伦敦镍期货,LRN2110,410a25b600000004
伦敦锡期货,LRS2110,410a25b600000005
伦敦铅期货,LRP2110,410a25b600000006
伦敦铝期货,LRA2111,410a25b700000001
伦敦锌期货,LRZ2111,410a25b700000002
伦敦铜期货,LRC2111,410a25b700000003
伦敦镍期货,LRN2111,410a25b700000004
伦敦锡期货,LRS2111,410a25b700000005
伦敦铅期货,LRP2111,410a25b700000006
伦敦铝期货,LRA2112,410a25b800000001
伦敦锌期货,LRZ2112,410a25b800000002
伦敦铜期货,LRC2112,410a25b800000003
伦敦镍期货,LRN2112,410a25b800000004
伦敦锡期货,LRS2112,410a25b800000005
伦敦铅期货,LRP2112,410a25b800000006
伦敦铝期货,LRA2201,410a25b900000001
伦敦锌期货,LRZ2201,410a25b900000002
伦敦铜期货,LRC2201,410a25b900000003
伦敦镍期货,LRN2201,410a25b900000004
伦敦锡期货,LRS2201,410a25b900000005
伦敦铅期货,LRP2201,410a25b900000006
伦敦铝期货,LRA2202,410a25b100000001
伦敦锌期货,LRZ2202,410a25b100000002
伦敦铜期货,LRC2202,410a25b100000003
伦敦镍期货,LRN2202,410a25b100000004
伦敦锡期货,LRS2202,410a25b100000005
伦敦铅期货,LRP2202,410a25b100000006
伦敦铝期货,LRA2203,410a25bb00000001
伦敦锌期货,LRZ2203,410a25bb00000002
伦敦铜期货,LRC2203,410a25bb00000003
伦敦镍期货,LRN2203,410a25bb00000004
伦敦锡期货,LRS2203,410a25bb00000005
伦敦铅期货,LRP2203,410a25bb00000006
伦敦铝期货,LRA2204,410a25bc00000001
伦敦锌期货,LRZ2204,410a25bc00000002
伦敦铜期货,LRC2204,410a25bc00000003
伦敦镍期货,LRN2204,410a25bc00000004
伦敦锡期货,LRS2204,410a25bc00000005
伦敦铅期货,LRP2204,410a25bc00000006
伦敦铝期货,LRA2205,410a25bd00000001
伦敦锌期货,LRZ2205,410a25bd00000002
伦敦铜期货,LRC2205,410a25bd00000003
伦敦镍期货,LRN2205,410a25bd00000004
伦敦锡期货,LRS2205,410a25bd00000005
伦敦铅期货,LRP2205,410a25bd00000006
伦敦铝期货,LRA2206,410a25be00000001
伦敦锌期货,LRZ2206,410a25be00000002
伦敦铜期货,LRC2206,410a25be00000003
伦敦镍期货,LRN2206,410a25be00000004
伦敦锡期货,LRS2206,410a25be00000005
伦敦铅期货,LRP2206,410a25be00000006
伦敦铝期货,LRA2207,410a25bf00000001
伦敦锌期货,LRZ2207,410a25bf00000002
伦敦铜期货,LRC2207,410a25bf00000003
伦敦镍期货,LRN2207,410a25bf00000004
伦敦锡期货,LRS2207,410a25bf00000005
伦敦铅期货,LRP2207,410a25bf00000006
伦敦铝期货,LRA2208,410a25c000000001
伦敦锌期货,LRZ2208,410a25c000000002
伦敦铜期货,LRC2208,410a25c000000003
伦敦镍期货,LRN2208,410a25c000000004
伦敦锡期货,LRS2208,410a25c000000005
伦敦铅期货,LRP2208,410a25c000000006
伦敦铝期货,LRA2209,410a25c100000001
伦敦锌期货,LRZ2209,410a25c100000002
伦敦铜期货,LRC2209,410a25c100000003
伦敦镍期货,LRN2209,410a25c100000004
伦敦锡期货,LRS2209,410a25c100000005
伦敦铅期货,LRP2209,410a25c100000006
伦敦铝期货,LRA2210,410a25c200000001
伦敦锌期货,LRZ2210,410a25c200000002
伦敦铜期货,LRC2210,410a25c200000003
伦敦镍期货,LRN2210,410a25c200000004
伦敦锡期货,LRS2210,410a25c200000005
伦敦铅期货,LRP2210,410a25c200000006
伦敦铝期货,LRA2211,410a25c300000001
伦敦锌期货,LRZ2211,410a25c300000002
伦敦铜期货,LRC2211,410a25c300000003
伦敦镍期货,LRN2211,410a25c300000004
伦敦锡期货,LRS2211,410a25c300000005
伦敦铅期货,LRP2211,410a25c300000006
伦敦铝期货,LRA2212,410a25c400000001
伦敦锌期货,LRZ2212,410a25c400000002
伦敦铜期货,LRC2212,410a25c400000003
伦敦镍期货,LRN2212,410a25c400000004
伦敦锡期货,LRS2212,410a25c400000005
伦敦铅期货,LRP2212,410a25c400000006
伦敦铝期货,LRA2301,410a25c500000001
伦敦锌期货,LRZ2301,410a25c500000002
伦敦铜期货,LRC2301,410a25c500000003
伦敦镍期货,LRN2301,410a25c500000004
伦敦锡期货,LRS2301,410a25c500000005
伦敦铅期货,LRP2301,410a25c500000006
伦敦铝期货,LRA2302,410a25c600000001
伦敦锌期货,LRZ2302,410a25c600000002
伦敦铜期货,LRC2302,410a25c600000003
伦敦镍期货,LRN2302,410a25c600000004
伦敦锡期货,LRS2302,410a25c600000005
伦敦铅期货,LRP2302,410a25c600000006
伦敦铝期货,LRA2303,410a25c700000001
伦敦锌期货,LRZ2303,410a25c700000002
伦敦铜期货,LRC2303,410a25c700000003
伦敦镍期货,LRN2303,410a25c700000004
伦敦锡期货,LRS2303,410a25c700000005
伦敦铅期货,LRP2303,410a25c700000006
伦敦铝期货,LRA2304,410a25c800000001
伦敦锌期货,LRZ2304,410a25c800000002
伦敦铜期货,LRC2304,410a25c800000003
伦敦镍期货,LRN2304,410a25c800000004
伦敦锡期货,LRS2304,410a25c800000005
伦敦铅期货,LRP2304,410a25c800000006
伦敦铝期货,LRA2305,410a25c900000001
伦敦锌期货,LRZ2305,410a25c900000002
伦敦铜期货,LRC2305,410a25c900000003
伦敦镍期货,LRN2305,410a25c900000004
伦敦锡期货,LRS2305,410a25c900000005
伦敦铅期货,LRP2305,410a25c900000006
伦敦铝期货,LRA2306,410a25c100000001
伦敦锌期货,LRZ2306,410a25c100000002
伦敦铜期货,LRC2306,410a25c100000003
伦敦镍期货,LRN2306,410a25c100000004
伦敦锡期货,LRS2306,410a25c100000005
伦敦铅期货,LRP2306,410a25c100000006
伦敦铝期货,LRA2307,410a25cb00000001
伦敦锌期货,LRZ2307,410a25cb00000002
伦敦铜期货,LRC2307,410a25cb00000003
伦敦镍期货,LRN2307,410a25cb00000004
伦敦锡期货,LRS2307,410a25cb00000005
伦敦铅期货,LRP2307,410a25cb00000006
伦敦铝期货,LRA2308,410a25cc00000001
伦敦锌期货,LRZ2308,410a25cc00000002
伦敦铜期货,LRC2308,410a25cc00000003
伦敦镍期货,LRN2308,410a25cc00000004
伦敦锡期货,LRS2308,410a25cc00000005
伦敦铅期货,LRP2308,410a25cc00000006
伦敦铝期货,LRA2309,410a25cd00000001
伦敦锌期货,LRZ2309,410a25cd00000002
伦敦铜期货,LRC2309,410a25cd00000003
伦敦镍期货,LRN2309,410a25cd00000004
伦敦锡期货,LRS2309,410a25cd00000005
伦敦铅期货,LRP2309,410a25cd00000006
伦敦铝期货,LRA2310,410a25ce00000001
伦敦锌期货,LRZ2310,410a25ce00000002
伦敦铜期货,LRC2310,410a25ce00000003
伦敦镍期货,LRN2310,410a25ce00000004
伦敦锡期货,LRS2310,410a25ce00000005
伦敦铅期货,LRP2310,410a25ce00000006
伦敦铝期货,LRA2311,410a25cf00000001
伦敦锌期货,LRZ2311,410a25cf00000002
伦敦铜期货,LRC2311,410a25cf00000003
伦敦镍期货,LRN2311,410a25cf00000004
伦敦锡期货,LRS2311,410a25cf00000005
伦敦铅期货,LRP2311,410a25cf00000006
伦敦铝期货,LRA2312,410a25d000000001
伦敦锌期货,LRZ2312,410a25d000000002
伦敦铜期货,LRC2312,410a25d000000003
伦敦镍期货,LRN2312,410a25d000000004
伦敦锡期货,LRS2312,410a25d000000005
伦敦铅期货,LRP2312,410a25d000000006
伦敦铝期货,LRA2401,410a25d100000001
伦敦锌期货,LRZ2401,410a25d100000002
伦敦铜期货,LRC2401,410a25d100000003
伦敦镍期货,LRN2401,410a25d100000004
伦敦锡期货,LRS2401,410a25d100000005
伦敦铅期货,LRP2401,410a25d100000006
伦敦铝期货,LRA2402,410a25d200000001
伦敦锌期货,LRZ2402,410a25d200000002
伦敦铜期货,LRC2402,410a25d200000003
伦敦镍期货,LRN2402,410a25d200000004
伦敦锡期货,LRS2402,410a25d200000005
伦敦铅期货,LRP2402,410a25d200000006
伦敦铝期货,LRA2403,410a25d300000001
伦敦锌期货,LRZ2403,410a25d300000002
伦敦铜期货,LRC2403,410a25d300000003
伦敦镍期货,LRN2403,410a25d300000004
伦敦锡期货,LRS2403,410a25d300000005
伦敦铅期货,LRP2403,410a25d300000006
伦敦铝期货,LRA2404,410a25d400000001
伦敦锌期货,LRZ2404,410a25d400000002
伦敦铜期货,LRC2404,410a25d400000003
伦敦镍期货,LRN2404,410a25d400000004
伦敦锡期货,LRS2404,410a25d400000005
伦敦铅期货,LRP2404,410a25d400000006
伦敦铝期货,LRA2405,410a25d500000001
伦敦锌期货,LRZ2405,410a25d500000002
伦敦铜期货,LRC2405,410a25d500000003
伦敦镍期货,LRN2405,410a25d500000004
伦敦锡期货,LRS2405,410a25d500000005
伦敦铅期货,LRP2405,410a25d500000006
伦敦铝期货,LRA2406,410a25d600000001
伦敦锌期货,LRZ2406,410a25d600000002
伦敦铜期货,LRC2406,410a25d600000003
伦敦镍期货,LRN2406,410a25d600000004
伦敦锡期货,LRS2406,410a25d600000005
伦敦铅期货,LRP2406,410a25d600000006
伦敦铝期货,LRA2407,410a25d700000001
伦敦锌期货,LRZ2407,410a25d700000002
伦敦铜期货,LRC2407,410a25d700000003
伦敦镍期货,LRN2407,410a25d700000004
伦敦锡期货,LRS2407,410a25d700000005
伦敦铅期货,LRP2407,410a25d700000006
伦敦铝期货,LRA2408,410a25d800000001
伦敦锌期货,LRZ2408,410a25d800000002
伦敦铜期货,LRC2408,410a25d800000003
伦敦镍期货,LRN2408,410a25d800000004
伦敦锡期货,LRS2408,410a25d800000005
伦敦铅期货,LRP2408,410a25d800000006
伦敦铝期货,LRA2409,410a25d900000001
伦敦锌期货,LRZ2409,410a25d900000002
伦敦铜期货,LRC2409,410a25d900000003
伦敦镍期货,LRN2409,410a25d900000004
伦敦锡期货,LRS2409,410a25d900000005
伦敦铅期货,LRP2409,410a25d900000006
伦敦铝期货,LRA2410,410a25d100000001
伦敦锌期货,LRZ2410,410a25d100000002
伦敦铜期货,LRC2410,410a25d100000003
伦敦镍期货,LRN2410,410a25d100000004
伦敦锡期货,LRS2410,410a25d100000005
伦敦铅期货,LRP2410,410a25d100000006
伦敦铝期货,LRA2411,410a25db00000001
伦敦锌期货,LRZ2411,410a25db00000002
伦敦铜期货,LRC2411,410a25db00000003
伦敦镍期货,LRN2411,410a25db00000004
伦敦锡期货,LRS2411,410a25db00000005
伦敦铅期货,LRP2411,410a25db00000006
伦敦铝期货,LRA2412,410a25dc00000001
伦敦锌期货,LRZ2412,410a25dc00000002
伦敦铜期货,LRC2412,410a25dc00000003
伦敦镍期货,LRN2412,410a25dc00000004
伦敦锡期货,LRS2412,410a25dc00000005
伦敦铅期货,LRP2412,410a25dc00000006
伦敦铝期货,LRA2501,410a25dd00000001
伦敦锌期货,LRZ2501,410a25dd00000002
伦敦铜期货,LRC2501,410a25dd00000003
伦敦镍期货,LRN2501,410a25dd00000004
伦敦锡期货,LRS2501,410a25dd00000005
伦敦铅期货,LRP2501,410a25dd00000006
伦敦铝期货,LRA2502,410a25de00000001
伦敦锌期货,LRZ2502,410a25de00000002
伦敦铜期货,LRC2502,410a25de00000003
伦敦镍期货,LRN2502,410a25de00000004
伦敦锡期货,LRS2502,410a25de00000005
伦敦铅期货,LRP2502,410a25de00000006
伦敦铝期货,LRA2503,410a25df00000001
伦敦锌期货,LRZ2503,410a25df00000002
伦敦铜期货,LRC2503,410a25df00000003
伦敦镍期货,LRN2503,410a25df00000004
伦敦锡期货,LRS2503,410a25df00000005
伦敦铅期货,LRP2503,410a25df00000006
伦敦铝期货,LRA2504,410a25e000000001
伦敦锌期货,LRZ2504,410a25e000000002
伦敦铜期货,LRC2504,410a25e000000003
伦敦镍期货,LRN2504,410a25e000000004
伦敦锡期货,LRS2504,410a25e000000005
伦敦铅期货,LRP2504,410a25e000000006
伦敦铝期货,LRA2505,410a25e100000001
伦敦锌期货,LRZ2505,410a25e100000002
伦敦铜期货,LRC2505,410a25e100000003
伦敦镍期货,LRN2505,410a25e100000004
伦敦锡期货,LRS2505,410a25e100000005
伦敦铅期货,LRP2505,410a25e100000006
伦敦铝期货,LRA2506,410a25e200000001
伦敦锌期货,LRZ2506,410a25e200000002
伦敦铜期货,LRC2506,410a25e200000003
伦敦镍期货,LRN2506,410a25e200000004
伦敦锡期货,LRS2506,410a25e200000005
伦敦铅期货,LRP2506,410a25e200000006
伦敦铝期货,LRA2507,410a25e300000001
伦敦锌期货,LRZ2507,410a25e300000002
伦敦铜期货,LRC2507,410a25e300000003
伦敦镍期货,LRN2507,410a25e300000004
伦敦锡期货,LRS2507,410a25e300000005
伦敦铅期货,LRP2507,410a25e300000006
伦敦铝期货,LRA2508,410a25e400000001
伦敦锌期货,LRZ2508,410a25e400000002
伦敦铜期货,LRC2508,410a25e400000003
伦敦镍期货,LRN2508,410a25e400000004
伦敦锡期货,LRS2508,410a25e400000005
伦敦铅期货,LRP2508,410a25e400000006
伦敦铝期货,LRA2509,410a25e500000001
伦敦锌期货,LRZ2509,410a25e500000002
伦敦铜期货,LRC2509,410a25e500000003
伦敦镍期货,LRN2509,410a25e500000004
伦敦锡期货,LRS2509,410a25e500000005
伦敦铅期货,LRP2509,410a25e500000006
伦敦铝期货,LRA2510,410a25e600000001
伦敦锌期货,LRZ2510,410a25e600000002
伦敦铜期货,LRC2510,410a25e600000003
伦敦镍期货,LRN2510,410a25e600000004
伦敦锡期货,LRS2510,410a25e600000005
伦敦铅期货,LRP2510,410a25e600000006
伦敦铝期货,LRA2511,410a25e700000001
伦敦锌期货,LRZ2511,410a25e700000002
伦敦铜期货,LRC2511,410a25e700000003
伦敦镍期货,LRN2511,410a25e700000004
伦敦锡期货,LRS2511,410a25e700000005
伦敦铅期货,LRP2511,410a25e700000006
伦敦铝期货,LRA2512,410a25e800000001
伦敦锌期货,LRZ2512,410a25e800000002
伦敦铜期货,LRC2512,410a25e800000003
伦敦镍期货,LRN2512,410a25e800000004
伦敦锡期货,LRS2512,410a25e800000005
伦敦铅期货,LRP2512,410a25e800000006
伦敦铝期货,LRA2601,410a25e900000001
伦敦锌期货,LRZ2601,410a25e900000002
伦敦铜期货,LRC2601,410a25e900000003
伦敦镍期货,LRN2601,410a25e900000004
伦敦锡期货,LRS2601,410a25e900000005
伦敦铅期货,LRP2601,410a25e900000006
伦敦铝期货,LRA2602,410a25e100000001
伦敦锌期货,LRZ2602,410a25e100000002
伦敦铜期货,LRC2602,410a25e100000003
伦敦镍期货,LRN2602,410a25e100000004
伦敦锡期货,LRS2602,410a25e100000005
伦敦铅期货,LRP2602,410a25e100000006
伦敦铝期货,LRA2603,410a25eb00000001
伦敦锌期货,LRZ2603,410a25eb00000002
伦敦铜期货,LRC2603,410a25eb00000003
伦敦镍期货,LRN2603,410a25eb00000004
伦敦锡期货,LRS2603,410a25eb00000005
伦敦铅期货,LRP2603,410a25eb00000006
伦敦铝期货,LRA2604,410a25ec00000001
伦敦锌期货,LRZ2604,410a25ec00000002
伦敦铜期货,LRC2604,410a25ec00000003
伦敦镍期货,LRN2604,410a25ec00000004
伦敦锡期货,LRS2604,410a25ec00000005
伦敦铅期货,LRP2604,410a25ec00000006
伦敦铝期货,LRA2605,410a25ed00000001
伦敦锌期货,LRZ2605,410a25ed00000002
伦敦铜期货,LRC2605,410a25ed00000003
伦敦镍期货,LRN2605,410a25ed00000004
伦敦锡期货,LRS2605,410a25ed00000005
伦敦铅期货,LRP2605,410a25ed00000006
伦敦铝期货,LRA2606,410a25ee00000001
伦敦锌期货,LRZ2606,410a25ee00000002
伦敦铜期货,LRC2606,410a25ee00000003
伦敦镍期货,LRN2606,410a25ee00000004
伦敦锡期货,LRS2606,410a25ee00000005
伦敦铅期货,LRP2606,410a25ee00000006
伦敦铝期货,LRA2607,410a25ef00000001
伦敦锌期货,LRZ2607,410a25ef00000002
伦敦铜期货,LRC2607,410a25ef00000003
伦敦镍期货,LRN2607,410a25ef00000004
伦敦锡期货,LRS2607,410a25ef00000005
伦敦铅期货,LRP2607,410a25ef00000006
